case,case_name,center_avg_count_r0p20,center_avg_count_r0p40,center_avg_excess_over_p0_r0p20,center_avg_excess_over_p0_r0p40,center_avg_excess_r0p20,center_avg_excess_r0p40,com_drift,div_rate_contrib_maxAbs_est,excess_maxAbs,excess_mean,frame_index,kind,kplastic_maxAbs,lap_maxAbs,lap_rate_contrib_maxAbs_est,lapz_maxAbs,lapz_rate_contrib_maxAbs_est,mode,p0,particle_count,particle_count_vtk,porepressrate_maxAbs,surface_lap_maxAbs,surface_lap_rate_contrib_maxAbs_est,surface_porepressrate_maxAbs,time,vel_max,vel_mean
diffusion_raw,CaseCryer_PR_StrictSphere_C5f_DiffusionRaw,7,33,nan,nan,1000.0,1000.0,0.0,0.0,1000.0,1000.0,0,diffusion,0.0,0.0,0.0,0.0,0.0,4,0.0,739,739,0.0,0.0,0.0,0.0,0.0,0.0,0.0
diffusion_raw,CaseCryer_PR_StrictSphere_C5f_DiffusionRaw,1,27,nan,nan,797.0888413415,755.3388780691889,1.2753206401218655e-15,859216.7333333334,846.0877032768,676.2263101999258,1,diffusion,0.0,44107364.0,299744.2337750595,395.99954,0.0,4,0.0,739,739,859374.38,44107364.0,299744.2337750595,371898.09,0.001005,0.0017411554276744944,0.0009339536971791626
diffusion_raw,CaseCryer_PR_StrictSphere_C5f_DiffusionRaw,7,27,nan,nan,657.3375483511144,615.0784795899258,4.8962636580086805e-15,585540.5800000001,700.536474534,434.927751526837,2,diffusion,0.0,31741744.0,215710.11892626577,395.98859,0.0,4,0.0,739,739,581177.44,31741744.0,215710.11892626577,310028.22,0.002011,0.0012918063385988358,0.0007071015928886619
diffusion_raw,CaseCryer_PR_StrictSphere_C5f_DiffusionRaw,1,27,nan,nan,233.3972597016,387.3541324698297,1.4518700452730566e-14,565462.7066666667,563.5700048456,319.3660700929004,3,diffusion,0.0,20974578.0,142538.75637104997,395.97977,0.0,4,0.0,739,739,565666.25,20009354.0,135979.30003397897,346993.94,0.003016,0.001375123974867188,0.0009446933365559625
diffusion_raw,CaseCryer_PR_StrictSphere_C5f_DiffusionRaw,1,33,nan,nan,443.8495817085,163.41008861293787,4.067069854366387e-14,695523.4,443.8495817085,-26.494760773984865,4,diffusion,0.0,11242950.0,76404.6890927625,396.03323,0.0,4,0.0,739,739,619118.69,11242950.0,76404.6890927625,619118.69,0.004021,0.002684696093527845,0.0008432932210079155
diffusion_raw,CaseCryer_PR_StrictSphere_C5f_DiffusionRaw,1,33,nan,nan,122.8224144792,369.70905036219705,5.303101912540117e-14,775546.2666666667,559.3017477772,79.05734198425743,5,diffusion,0.0,32736198.0,222468.21610601433,396.11105,0.0,4,0.0,739,739,690780.56,32736198.0,222468.21610601433,553078.06,0.005027,0.0034266916493851532,0.0013742276947440453
diffusion_raw,CaseCryer_PR_StrictSphere_C5f_DiffusionRaw,1,33,nan,nan,-115.2890525601,-97.1748941904509,4.598354581250556e-14,929775.3333333333,336.1604730242,-21.22098965066708,6,diffusion,0.0,23845734.0,162050.51987767586,396.17221,0.0,4,0.0,739,739,937847.56,23845734.0,162050.51987767586,715720.56,0.006032,0.002666386922533557,0.0009141651151045485
diffusion_normalized,CaseCryer_PR_StrictSphere_C5f_DiffusionNormalized,7,33,nan,nan,1000.0,1000.0,0.0,0.0,1000.0,1000.0,0,diffusion,0.0,0.0,0.0,0.0,0.0,4,0.0,739,739,0.0,0.0,0.0,0.0,0.0,0.0,0.0
diffusion_normalized,CaseCryer_PR_StrictSphere_C5f_DiffusionNormalized,1,27,nan,nan,933.733269409,925.9812615005889,5.358374906750267e-16,254184.85333333333,959.7174950075,899.7517758326785,1,diffusion,0.0,16018831.0,108860.55725450223,174.61392,0.0,4,0.0,739,739,253849.81,16018831.0,108860.55725450223,116155.02,0.001005,0.0005023068395817282,0.00026025633125779886
diffusion_normalized,CaseCryer_PR_StrictSphere_C5f_DiffusionNormalized,7,27,nan,nan,874.266346039143,853.3069129888813,5.360501881847246e-15,110174.14666666668,896.7734515015,782.6142652248742,2,diffusion,0.0,14109649.0,95886.16377845738,174.61533,0.0,4,0.0,739,739,151692.75,14109649.0,95886.16377845738,151692.75,0.002011,0.00018376036690795334,0.00011036088569107141
diffusion_normalized,CaseCryer_PR_StrictSphere_C5f_DiffusionNormalized,1,27,nan,nan,679.183411806,725.859126686322,1.2081582219110034e-14,165383.2666666667,771.9467138387,692.0520180040107,3,diffusion,0.0,11852400.0,80546.38124362897,174.6163,0.0,4,0.0,739,739,170332.28,11852400.0,80546.38124362897,145374.86,0.003016,0.00039426604086718745,0.00026413507294459587
diffusion_normalized,CaseCryer_PR_StrictSphere_C5f_DiffusionNormalized,1,27,nan,nan,721.9191734756,666.2127425336739,3.7957947435798533e-14,185755.23333333337,721.9191734756,576.3597978095086,4,diffusion,0.0,10490652.0,71292.23241590215,174.61958,0.0,4,0.0,739,739,196836.28,10490652.0,71292.23241590215,74553.422,0.004022,0.0003865434264298559,0.00012020377085010514
diffusion_normalized,CaseCryer_PR_StrictSphere_C5f_DiffusionNormalized,1,27,nan,nan,670.0650329057,721.2799740006891,2.551457247474305e-12,262970.5266666667,737.3369357187,596.9617780590066,5,diffusion,0.0,10157168.0,69025.94631328578,174.61928,0.0,4,0.0,739,739,271246.91,10157168.0,69025.94631328578,89820.195,0.005027,0.00038091445458138495,0.0001573319814529581
diffusion_normalized,CaseCryer_PR_StrictSphere_C5f_DiffusionNormalized,1,27,nan,nan,542.4310967859,529.9586899364443,3.016342728998385e-14,328382.7,542.4310967859,492.91713373307533,6,diffusion,0.0,9914130.0,67374.31192660551,174.62444,0.0,4,0.0,739,739,332664.06,9914130.0,67374.31192660551,124150.23,0.006032,0.00043120956979777537,0.00019174082195624138
diffusion_capped,CaseCryer_PR_StrictSphere_C5f_DiffusionCapped,7,33,nan,nan,1000.0,1000.0,0.0,0.0,1000.0,1000.0,0,diffusion,0.0,0.0,0.0,0.0,0.0,4,0.0,739,739,0.0,0.0,0.0,0.0,0.0,0.0,0.0
diffusion_capped,CaseCryer_PR_StrictSphere_C5f_DiffusionCapped,1,27,nan,nan,988.9307018727,982.9058318871334,1.3858523781361626e-16,87062.16666666667,988.9307018727,956.9796742605753,1,diffusion,0.0,9303218.0,63222.68433571187,131.20433,0.0,4,0.0,739,739,104721.72,9303218.0,63222.68433571187,104721.72,0.001005,0.0002660350628198168,0.0001851316627736859
diffusion_capped,CaseCryer_PR_StrictSphere_C5f_DiffusionCapped,1,27,nan,nan,839.7945952965,844.1475190402556,1.1790082677278143e-15,124611.17333333334,865.2804255917,850.2410199388801,2,diffusion,0.0,8270746.0,56206.22494053688,131.20799,0.0,4,0.0,739,739,128606.69,8270746.0,56206.22494053688,128606.69,0.002011,0.0003173803865998377,0.00014638499992505687
diffusion_capped,CaseCryer_PR_StrictSphere_C5f_DiffusionCapped,1,27,nan,nan,873.7557350171,873.5049739479442,2.23605278488046e-15,58745.916,875.3697756735,830.9734062210387,3,diffusion,0.0,7385601.0,50190.96839959226,131.21013,0.0,4,0.0,739,739,59201.492,7385601.0,50190.96839959226,59201.492,0.003016,0.0002579358115326637,9.541970078397646e-05
diffusion_capped,CaseCryer_PR_StrictSphere_C5f_DiffusionCapped,1,27,nan,nan,833.1270990416,844.5762120578297,8.47820189922979e-15,68804.81333333332,846.0686306143,821.5182783001677,4,diffusion,0.0,7814833.0,53107.937478763175,131.21042,0.0,4,0.0,739,739,36638.168,7814833.0,53107.937478763175,36638.168,0.004022,0.00024653394699585847,9.058713025123825e-05
diffusion_capped,CaseCryer_PR_StrictSphere_C5f_DiffusionCapped,1,27,nan,nan,813.472387629,864.4349063511999,2.547782804732422e-14,191115.80000000002,884.3851432529,838.4469459649931,5,diffusion,0.0,9009509.0,61226.70064559974,131.2054,0.0,4,0.0,739,739,129889.11,9009509.0,61226.70064559974,129889.11,0.005027,0.0007968380741142559,0.000234766133706721
diffusion_capped,CaseCryer_PR_StrictSphere_C5f_DiffusionCapped,1,27,nan,nan,902.1163510043,896.2242199342815,4.171742176967842e-14,179698.59333333335,941.452450205,859.8195448539333,6,diffusion,0.0,10279158.0,69854.9643221203,131.19539,0.0,4,0.0,739,739,158116.81,10279158.0,69854.9643221203,158116.81,0.006032,0.0007569891125179095,0.0003016996767269162
