case_id,stage,case,part,time,total_count,specimen_count,top_platen_count,bottom_platen_count,measurement_core_small_count,platen_contamination_core_small,top_platen_displacement,top_platen_vz_mean,bottom_platen_displacement,bottom_platen_vmag_max,specimen_axial_strain_proxy,specimen_radial_strain_proxy,velocity_max,specimen_velocity_max,porepress_mean,porepress_std,porepressrate_maxabs,divvel_maxabs,kplastic_max,true_reaction_available,reaction_type,sigma_xx_mean,sigma_yy_mean,sigma_zz_mean,sigma_a_proxy,reaction_force_proxy,p_eff_proxy,q_proxy,kplastic_mean,kplastic_nonzero_count,top_reaction_fz,bottom_reaction_fz,reaction_force_avg_compression,top_axial_stress,bottom_axial_stress,reaction_axial_stress_avg,Fz_proxy,axial_stress_proxy,reaction_over_proxy_force,force_balance_error
T4s_elastic_platen_lateral,T4s,platen_lateral_confinement,0,0.0,555,407,74,74,15,0,0.0,0.0,0.0,0.0,0.0,0.0,0.0,0.0,0.0,0.0,0.0,0.0,0.0,0,specimen_stress_proxy,0.0,0.0,0.0,-0.0,-0.0,-0.0,0.0,,,,,,,,,,,,
T4s_elastic_platen_lateral,T4s,platen_lateral_confinement,1,0.000503,555,407,74,74,15,0,-2.5100000001360145e-06,-0.004999999899999997,0.0,0.0,0.0,0.0,0.0049999999,0.0,0.0,0.0,0.0,0.0,0.0,0,specimen_stress_proxy,0.0,0.0,0.0,-0.0,-0.0,-0.0,0.0,,,,,,,,,,,,
T4s_elastic_platen_lateral,T4s,platen_lateral_confinement,2,0.001005,555,407,74,74,15,0,-5.025000000005719e-06,-0.004999999899999997,0.0,0.0,-4.130368580074206e-06,-1.489916542252408e-06,0.0049999999,0.0024198727000000015,4324.1136018019115,2729.3977420441756,32690302.0,0.049062062,0.0,0,specimen_stress_proxy,-18.0960305435172,-18.09603058893956,-32.093443428157244,32.093443428157244,0.09074207349206857,22.761834853538,13.997412861928863,,,,,,,,,,,,
T4s_elastic_platen_lateral,T4s,platen_lateral_confinement,3,0.001508,555,407,74,74,15,0,-7.540000000055835e-06,-0.004999999899999997,0.0,0.0,-1.5789309509989247e-05,-1.9281970502288214e-06,0.0049999999,0.004178799700000004,12485.602316495526,6988.670388701518,40173304.0,0.060293276,0.0,0,specimen_stress_proxy,-38.00719574680587,-38.00719581019654,-71.28292724098776,71.28292724098776,0.2015477284919966,49.09910626599672,33.275731462486554,,,,,,,,,,,,
T4s_elastic_platen_lateral,T4s,platen_lateral_confinement,4,0.002011,555,407,74,74,15,0,-1.0050000000039194e-05,-0.004999999899999997,0.0,0.0,-3.286903220003912e-05,3.559588617030658e-06,0.005033465600000002,0.005033465600000002,17866.00828653646,14724.878595975735,36138576.0,0.054304376,0.0,0,specimen_stress_proxy,-44.18293222884524,-44.18293240609336,-106.44493973938583,106.44493973938583,0.30096597662735647,64.93693479144147,62.26200742191653,,,,,,,,,,,,
T4s_elastic_platen_lateral,T4s,platen_lateral_confinement,5,0.002513,555,407,74,74,15,0,-1.2564999999992166e-05,-0.004999999899999997,0.0,0.0,-5.359551459999112e-05,1.5568817408789788e-05,0.005298285466809479,0.005298285466809479,18768.47147000286,15721.859998892762,39844872.0,0.059897043,0.0,0,specimen_stress_proxy,-33.65274106216217,-33.652741267543,-133.86913002113022,133.86913002113022,0.37850604787515557,67.05820411694513,100.21638885627763,,,,,,,,,,,,
T4s_elastic_platen_lateral,T4s,platen_lateral_confinement,6,0.003016,555,407,74,74,15,0,-1.5080000000070037e-05,-0.004999999899999997,0.0,0.0,-7.64962012000936e-05,3.0190301793061337e-05,0.005132056702989604,0.005132056702989604,16823.161213075677,17015.30805749253,18608866.0,0.028087361,0.0,0,specimen_stress_proxy,-15.34193860523339,-15.341938455749409,-157.4071128009828,157.4071128009828,0.44505812627851266,62.6969966206552,142.06517427049138,,,,,,,,,,,,
T4s_elastic_platen_lateral,T4s,platen_lateral_confinement,7,0.003519,555,407,74,74,15,0,-1.758999999997013e-05,-0.004999999899999997,0.0,0.0,-0.00010027276390003892,4.199453639953269e-05,0.005336851685407058,0.005336851685407058,16430.046407907477,11436.126095262272,27789178.0,0.041647065,0.0,0,specimen_stress_proxy,-2.624480097420144,-2.6244797661916377,-184.2260271253071,184.2260271253071,0.5208868200752088,63.158328996306295,181.6015471935012,,,,,,,,,,,,
T4s_elastic_platen_lateral,T4s,platen_lateral_confinement,8,0.004022,555,407,74,74,15,0,-2.0105000000103512e-05,-0.004999999899999997,0.0,0.0,-0.00012478793029999102,4.81381149084638e-05,0.005641657163125397,0.005641657163125397,20550.341385275642,9089.03483290294,39175568.0,0.058772914,0.0,0,specimen_stress_proxy,-3.824145218680603,-3.824144711751857,-219.1006833538082,219.1006833538082,0.6194925874987446,75.58299109474689,215.27653838859197,,,,,,,,,,,,
T4s_elastic_platen_lateral,T4s,platen_lateral_confinement,9,0.004524,555,407,74,74,15,0,-2.2620000000028728e-05,-0.004999999899999997,0.0,0.0,-0.00014879351629998316,4.997468304840479e-05,0.00567669656243953,0.00567669656243953,29247.483959025078,8852.508753224532,33745132.0,0.050707553,0.0,0,specimen_stress_proxy,-17.14837276597347,-17.14837214270982,-260.9275097027028,260.9275097027028,0.7377551528413415,98.40808487046205,243.77913724836117,,,,,,,,,,,,
T4s_elastic_platen_lateral,T4s,platen_lateral_confinement,10,0.005027,555,407,74,74,15,0,-2.5129999999970454e-05,-0.004999999899999997,0.0,0.0,-0.0001707071159999518,5.146594929065428e-05,0.0058696875,0.0058696875,37970.969229712784,12641.06805633326,28217100.0,0.04240578,0.0,0,specimen_stress_proxy,-32.38321927006386,-32.38321878378624,-303.2138519901722,303.2138519901722,0.857316968891089,122.66009668134076,270.8306329632471,,,,,,,,,,,,
T4s_elastic_platen_lateral,T4s,platen_lateral_confinement,11,0.00553,555,407,74,74,15,0,-2.7650000000115083e-05,-0.004999999899999997,0.0,0.0,-0.0001916568670000396,5.6138511784357633e-05,0.005815857600000001,0.005815857600000001,44233.46419639505,13198.708915730163,24855276.0,0.037341122,0.0,0,specimen_stress_proxy,-39.29668480211301,-39.296684734422634,-339.33908402948396,339.33908402948396,0.9594586561166246,139.31081785533988,300.04239926121613,,,,,,,,,,,,
T4s_elastic_platen_lateral,T4s,platen_lateral_confinement,12,0.006032,555,407,74,74,15,0,-3.0000000000016125e-05,-0.003391786700000004,0.0,0.0,-0.00020927541300008734,6.49338346775044e-05,0.005534289930643178,0.005534289930643178,45374.10480389952,16040.653185079615,20437690.0,0.030697737,0.0,0,specimen_stress_proxy,-34.838258838034406,-34.83825910606882,-367.30763083538096,367.30763083538096,1.038537859175914,145.66138292649472,332.46937186332934,,,,,,,,,,,,
T4t_elastic_reaction,T4t,elastic,0,0.0,555,407,74,74,15,0,0.0,0.0,0.0,0.0,0.0,0.0,0.0,0.0,0.0,0.0,0.0,0.0,0.0,0,specimen_stress_proxy,0.0,0.0,0.0,-0.0,-0.0,-0.0,0.0,0.0,0,,,,,,,,,,
T4t_elastic_reaction,T4t,elastic,1,0.000503,555,407,74,74,15,0,-2.5100000001360145e-06,-0.004999999899999997,0.0,0.0,0.0,0.0,0.0049999999,0.0,0.0,0.0,0.0,0.0,0.0,0,specimen_stress_proxy,0.0,0.0,0.0,-0.0,-0.0,-0.0,0.0,0.0,0,,,,,,,,,,
T4t_elastic_reaction,T4t,elastic,2,0.001005,555,407,74,74,15,0,-5.025000000005719e-06,-0.004999999899999997,0.0,0.0,-4.130368580074206e-06,-1.489916542252408e-06,0.0049999999,0.0024198727000000015,4324.1136018019115,2729.3977420441756,32690302.0,0.049062062,0.0,0,specimen_stress_proxy,-18.0960305435172,-18.09603058893956,-32.093443428157244,32.093443428157244,0.09074207349206857,22.761834853538,13.997412861928863,0.0,0,,,,,,,,,,
T4t_elastic_reaction,T4t,elastic,3,0.001508,555,407,74,74,15,0,-7.540000000055835e-06,-0.004999999899999997,0.0,0.0,-1.5789309509989247e-05,-1.9281970502288214e-06,0.0049999999,0.004178799700000004,12485.602316495526,6988.670388701518,40173304.0,0.060293276,0.0,0,specimen_stress_proxy,-38.00719574680587,-38.00719581019654,-71.28292724098776,71.28292724098776,0.2015477284919966,49.09910626599672,33.275731462486554,0.0,0,,,,,,,,,,
T4t_elastic_reaction,T4t,elastic,4,0.002011,555,407,74,74,15,0,-1.0050000000039194e-05,-0.004999999899999997,0.0,0.0,-3.286903220003912e-05,3.559588617030658e-06,0.005033465600000002,0.005033465600000002,17866.00828653646,14724.878595975735,36138576.0,0.054304376,0.0,0,specimen_stress_proxy,-44.18293222884524,-44.18293240609336,-106.44493973938583,106.44493973938583,0.30096597662735647,64.93693479144147,62.26200742191653,0.0,0,,,,,,,,,,
T4t_elastic_reaction,T4t,elastic,5,0.002513,555,407,74,74,15,0,-1.2564999999992166e-05,-0.004999999899999997,0.0,0.0,-5.359551459999112e-05,1.5568817408789788e-05,0.005298285466809479,0.005298285466809479,18768.47147000286,15721.859998892762,39844872.0,0.059897043,0.0,0,specimen_stress_proxy,-33.65274106216217,-33.652741267543,-133.86913002113022,133.86913002113022,0.37850604787515557,67.05820411694513,100.21638885627763,0.0,0,,,,,,,,,,
T4t_elastic_reaction,T4t,elastic,6,0.003016,555,407,74,74,15,0,-1.5080000000070037e-05,-0.004999999899999997,0.0,0.0,-7.64962012000936e-05,3.0190301793061337e-05,0.005132056702989604,0.005132056702989604,16823.161213075677,17015.30805749253,18608866.0,0.028087361,0.0,0,specimen_stress_proxy,-15.34193860523339,-15.341938455749409,-157.4071128009828,157.4071128009828,0.44505812627851266,62.6969966206552,142.06517427049138,0.0,0,,,,,,,,,,
T4t_elastic_reaction,T4t,elastic,7,0.003519,555,407,74,74,15,0,-1.758999999997013e-05,-0.004999999899999997,0.0,0.0,-0.00010027276390003892,4.199453639953269e-05,0.005336851685407058,0.005336851685407058,16430.046407907477,11436.126095262272,27789178.0,0.041647065,0.0,0,specimen_stress_proxy,-2.624480097420144,-2.6244797661916377,-184.2260271253071,184.2260271253071,0.5208868200752088,63.158328996306295,181.6015471935012,0.0,0,,,,,,,,,,
T4t_elastic_reaction,T4t,elastic,8,0.004022,555,407,74,74,15,0,-2.0105000000103512e-05,-0.004999999899999997,0.0,0.0,-0.00012478793029999102,4.81381149084638e-05,0.005641657163125397,0.005641657163125397,20550.341385275642,9089.03483290294,39175568.0,0.058772914,0.0,0,specimen_stress_proxy,-3.824145218680603,-3.824144711751857,-219.1006833538082,219.1006833538082,0.6194925874987446,75.58299109474689,215.27653838859197,0.0,0,,,,,,,,,,
T4t_elastic_reaction,T4t,elastic,9,0.004524,555,407,74,74,15,0,-2.2620000000028728e-05,-0.004999999899999997,0.0,0.0,-0.00014879351629998316,4.997468304840479e-05,0.00567669656243953,0.00567669656243953,29247.483959025078,8852.508753224532,33745132.0,0.050707553,0.0,0,specimen_stress_proxy,-17.14837276597347,-17.14837214270982,-260.9275097027028,260.9275097027028,0.7377551528413415,98.40808487046205,243.77913724836117,0.0,0,,,,,,,,,,
T4t_elastic_reaction,T4t,elastic,10,0.005027,555,407,74,74,15,0,-2.5129999999970454e-05,-0.004999999899999997,0.0,0.0,-0.0001707071159999518,5.146594929065428e-05,0.0058696875,0.0058696875,37970.969229712784,12641.06805633326,28217100.0,0.04240578,0.0,0,specimen_stress_proxy,-32.38321927006386,-32.38321878378624,-303.2138519901722,303.2138519901722,0.857316968891089,122.66009668134076,270.8306329632471,0.0,0,,,,,,,,,,
T4t_elastic_reaction,T4t,elastic,11,0.00553,555,407,74,74,15,0,-2.7650000000115083e-05,-0.004999999899999997,0.0,0.0,-0.0001916568670000396,5.6138511784357633e-05,0.005815857600000001,0.005815857600000001,44233.46419639505,13198.708915730163,24855276.0,0.037341122,0.0,0,specimen_stress_proxy,-39.29668480211301,-39.296684734422634,-339.33908402948396,339.33908402948396,0.9594586561166246,139.31081785533988,300.04239926121613,0.0,0,,,,,,,,,,
T4t_elastic_reaction,T4t,elastic,12,0.006032,555,407,74,74,15,0,-3.0000000000016125e-05,-0.003391786700000004,0.0,0.0,-0.00020927541300008734,6.49338346775044e-05,0.005534289930643178,0.005534289930643178,45374.10480389952,16040.653185079615,20437690.0,0.030697737,0.0,0,specimen_stress_proxy,-34.838258838034406,-34.83825910606882,-367.30763083538096,367.30763083538096,1.038537859175914,145.66138292649472,332.46937186332934,0.0,0,,,,,,,,,,
T5_dp_high_strength,T5,dp_high_strength,0,0.0,555,407,74,74,15,0,0.0,0.0,0.0,0.0,0.0,0.0,0.0,0.0,0.0,0.0,0.0,0.0,0.0,0,specimen_stress_proxy,0.0,0.0,0.0,-0.0,-0.0,-0.0,0.0,0.0,0,,,,,,,,,,
T5_dp_high_strength,T5,dp_high_strength,1,0.000503,555,407,74,74,15,0,-2.5100000001360145e-06,-0.004999999899999997,0.0,0.0,0.0,0.0,0.0049999999,0.0,0.0,0.0,0.0,0.0,0.0,0,specimen_stress_proxy,0.0,0.0,0.0,-0.0,-0.0,-0.0,0.0,0.0,0,,,,,,,,,,
T5_dp_high_strength,T5,dp_high_strength,2,0.001005,555,407,74,74,15,0,-5.025000000005719e-06,-0.004999999899999997,0.0,0.0,-4.130368580074206e-06,-1.489916542252408e-06,0.0049999999,0.0024198727000000015,4324.1136018019115,2729.3977420441756,32690302.0,0.049062062,0.0,0,specimen_stress_proxy,-18.0960305435172,-18.09603058893956,-32.093443428157244,32.093443428157244,0.09074207349206857,22.761834853538,13.997412861928863,0.0,0,,,,,,,,,,
T5_dp_high_strength,T5,dp_high_strength,3,0.001508,555,407,74,74,15,0,-7.540000000055835e-06,-0.004999999899999997,0.0,0.0,-1.5789309509989247e-05,-1.9281970502288214e-06,0.0049999999,0.004178799700000004,12485.602316495526,6988.670388701518,40173304.0,0.060293276,0.0,0,specimen_stress_proxy,-38.00719574680587,-38.00719581019654,-71.28292724098776,71.28292724098776,0.2015477284919966,49.09910626599672,33.275731462486554,0.0,0,,,,,,,,,,
T5_dp_high_strength,T5,dp_high_strength,4,0.002011,555,407,74,74,15,0,-1.0050000000039194e-05,-0.004999999899999997,0.0,0.0,-3.286903220003912e-05,3.559588617030658e-06,0.005033465600000002,0.005033465600000002,17866.00828653646,14724.878595975735,36138576.0,0.054304376,0.0,0,specimen_stress_proxy,-44.18293222884524,-44.18293240609336,-106.44493973938583,106.44493973938583,0.30096597662735647,64.93693479144147,62.26200742191653,0.0,0,,,,,,,,,,
T5_dp_high_strength,T5,dp_high_strength,5,0.002513,555,407,74,74,15,0,-1.2564999999992166e-05,-0.004999999899999997,0.0,0.0,-5.359551459999112e-05,1.5568817408789788e-05,0.005298285466809479,0.005298285466809479,18768.47147000286,15721.859998892762,39844872.0,0.059897043,0.0,0,specimen_stress_proxy,-33.65274106216217,-33.652741267543,-133.86913002113022,133.86913002113022,0.37850604787515557,67.05820411694513,100.21638885627763,0.0,0,,,,,,,,,,
T5_dp_high_strength,T5,dp_high_strength,6,0.003016,555,407,74,74,15,0,-1.5080000000070037e-05,-0.004999999899999997,0.0,0.0,-7.64962012000936e-05,3.0190301793061337e-05,0.005132056702989604,0.005132056702989604,16823.161213075677,17015.30805749253,18608866.0,0.028087361,0.0,0,specimen_stress_proxy,-15.34193860523339,-15.341938455749409,-157.4071128009828,157.4071128009828,0.44505812627851266,62.6969966206552,142.06517427049138,0.0,0,,,,,,,,,,
T5_dp_high_strength,T5,dp_high_strength,7,0.003519,555,407,74,74,15,0,-1.758999999997013e-05,-0.004999999899999997,0.0,0.0,-0.00010027276390003892,4.199453639953269e-05,0.005336851685407058,0.005336851685407058,16430.046407907477,11436.126095262272,27789178.0,0.041647065,0.0,0,specimen_stress_proxy,-2.624480097420144,-2.6244797661916377,-184.2260271253071,184.2260271253071,0.5208868200752088,63.158328996306295,181.6015471935012,0.0,0,,,,,,,,,,
T5_dp_high_strength,T5,dp_high_strength,8,0.004022,555,407,74,74,15,0,-2.0105000000103512e-05,-0.004999999899999997,0.0,0.0,-0.00012478793029999102,4.81381149084638e-05,0.005641657163125397,0.005641657163125397,20550.341385275642,9089.03483290294,39175568.0,0.058772914,0.0,0,specimen_stress_proxy,-3.824145218680603,-3.824144711751857,-219.1006833538082,219.1006833538082,0.6194925874987446,75.58299109474689,215.27653838859197,0.0,0,,,,,,,,,,
T5_dp_high_strength,T5,dp_high_strength,9,0.004524,555,407,74,74,15,0,-2.2620000000028728e-05,-0.004999999899999997,0.0,0.0,-0.00014879351629998316,4.997468304840479e-05,0.00567669656243953,0.00567669656243953,29247.483959025078,8852.508753224532,33745132.0,0.050707553,0.0,0,specimen_stress_proxy,-17.14837276597347,-17.14837214270982,-260.9275097027028,260.9275097027028,0.7377551528413415,98.40808487046205,243.77913724836117,0.0,0,,,,,,,,,,
T5_dp_high_strength,T5,dp_high_strength,10,0.005027,555,407,74,74,15,0,-2.5129999999970454e-05,-0.004999999899999997,0.0,0.0,-0.0001707071159999518,5.146594929065428e-05,0.0058696875,0.0058696875,37970.969229712784,12641.06805633326,28217100.0,0.04240578,0.0,0,specimen_stress_proxy,-32.38321927006386,-32.38321878378624,-303.2138519901722,303.2138519901722,0.857316968891089,122.66009668134076,270.8306329632471,0.0,0,,,,,,,,,,
T5_dp_high_strength,T5,dp_high_strength,11,0.00553,555,407,74,74,15,0,-2.7650000000115083e-05,-0.004999999899999997,0.0,0.0,-0.0001916568670000396,5.6138511784357633e-05,0.005815857600000001,0.005815857600000001,44233.46419639505,13198.708915730163,24855276.0,0.037341122,0.0,0,specimen_stress_proxy,-39.29668480211301,-39.296684734422634,-339.33908402948396,339.33908402948396,0.9594586561166246,139.31081785533988,300.04239926121613,0.0,0,,,,,,,,,,
T5_dp_high_strength,T5,dp_high_strength,12,0.006032,555,407,74,74,15,0,-3.0000000000016125e-05,-0.003391786700000004,0.0,0.0,-0.00020927541300008734,6.49338346775044e-05,0.005534289930643178,0.005534289930643178,45374.10480389952,16040.653185079615,20437690.0,0.030697737,0.0,0,specimen_stress_proxy,-34.838258838034406,-34.83825910606882,-367.30763083538096,367.30763083538096,1.038537859175914,145.66138292649472,332.46937186332934,0.0,0,,,,,,,,,,
T5_dp_mild_yield,T5,dp_mild_yield,0,0.0,555,407,74,74,15,0,0.0,0.0,0.0,0.0,0.0,0.0,0.0,0.0,0.0,0.0,0.0,0.0,0.0,0,specimen_stress_proxy,0.0,0.0,0.0,-0.0,-0.0,-0.0,0.0,0.0,0,,,,,,,,,,
T5_dp_mild_yield,T5,dp_mild_yield,1,0.000503,555,407,74,74,15,0,-2.5100000001360145e-06,-0.004999999899999997,0.0,0.0,0.0,0.0,0.0049999999,0.0,0.0,0.0,0.0,0.0,0.0,0,specimen_stress_proxy,0.0,0.0,0.0,-0.0,-0.0,-0.0,0.0,0.0,0,,,,,,,,,,
T5_dp_mild_yield,T5,dp_mild_yield,2,0.001005,555,407,74,74,15,0,-5.025000000005719e-06,-0.004999999899999997,0.0,0.0,-4.130368580074206e-06,-1.489916542252408e-06,0.0049999999,0.0024198727000000015,4324.1136018019115,2729.3977420441756,32690302.0,0.049062062,0.0,0,specimen_stress_proxy,-18.0960305435172,-18.09603058893956,-32.093443428157244,32.093443428157244,0.09074207349206857,22.761834853538,13.997412861928863,0.0,0,,,,,,,,,,
T5_dp_mild_yield,T5,dp_mild_yield,3,0.001508,555,407,74,74,15,0,-7.540000000055835e-06,-0.004999999899999997,0.0,0.0,-1.5709309520023362e-05,-1.927397900982286e-06,0.0049999999,0.004161978600000002,12481.597657652368,6989.500374114793,40137892.0,0.060240835,1.7767963e-05,0,specimen_stress_proxy,-38.7955813992383,-38.79558128442258,-69.68369929059216,69.68369929059216,0.19702601798965613,49.091620658084345,30.888117948761717,1.0636410154545453e-06,41,,,,,,,,,,
T5_dp_mild_yield,T5,dp_mild_yield,4,0.002011,555,407,74,74,15,0,-1.0050000000039194e-05,-0.004999999899999997,0.0,0.0,-3.218904810003975e-05,3.823401353086479e-06,0.005007021484211964,0.005007021484211964,17385.482138634547,14812.948882568786,40091504.0,0.060249444,7.018396e-05,0,specimen_stress_proxy,-49.97139502095826,-49.97139510651105,-91.98332536113026,91.98332536113026,0.26007672528655784,63.975371829533195,42.011930297395594,9.051447481572486e-06,95,,,,,,,,,,
T5_dp_mild_yield,T5,dp_mild_yield,5,0.002513,555,407,74,74,15,0,-1.2564999999992166e-05,-0.004999999899999997,0.0,0.0,-5.046706970004977e-05,1.7421257310187536e-05,0.005367293621526564,0.005367293621526564,16058.359237571052,16672.67318872272,51419936.0,0.077252902,0.00013190215,0,specimen_stress_proxy,-43.63041655481572,-43.630416159336605,-96.45299267493854,96.45299267493854,0.27271441188390333,61.23794179636362,52.822576317862385,2.151784880882064e-05,116,,,,,,,,,,
T5_dp_mild_yield,T5,dp_mild_yield,6,0.003016,555,407,74,74,15,0,-1.5080000000070037e-05,-0.004999999899999997,0.0,0.0,-6.86203921000661e-05,3.6182977264696386e-05,0.0052043618342215775,0.0052043618342215775,9174.707908529856,21565.744848971557,47685316.0,0.071680687,0.00018835922,0,specimen_stress_proxy,-25.06482197850121,-25.064822035208806,-86.74957694840298,86.74957694840298,0.2452786502788127,45.62640698737099,61.684754941547965,3.7323394227272736e-05,153,,,,,,,,,,
T5_dp_mild_yield,T5,dp_mild_yield,7,0.003519,555,407,74,74,15,0,-1.758999999997013e-05,-0.004999999899999997,0.0,0.0,-8.590377060010979e-05,5.485053054298927e-05,0.0049999999,0.00474186227587011,1167.4625661028556,21203.11361629322,36993092.0,0.055640396,0.0002522337,0,specimen_stress_proxy,-6.175537821597056,-6.175538201031938,-75.0367950422605,75.0367950422605,0.2121615396483197,29.12929035496316,68.86125703094599,5.333279434619165e-05,198,,,,,,,,,,
T5_dp_mild_yield,T5,dp_mild_yield,8,0.004021,555,407,74,74,15,0,-2.0105000000103512e-05,-0.004999999899999997,0.0,0.0,-0.00010241743290007044,6.849960180041439e-05,0.0049999999,0.004395802590991982,-2654.6897602526255,22612.374191994415,22606938.0,0.034125105,0.00030496734,0,specimen_stress_proxy,2.4057890308771506,2.40578856443735,-76.02853261769037,76.02853261769037,0.21496561158145322,23.738985007458623,78.43432141534763,6.528803637911547e-05,235,,,,,,,,,,
T5_dp_mild_yield,T5,dp_mild_yield,9,0.004524,555,407,74,74,15,0,-2.2620000000028728e-05,-0.004999999899999997,0.0,0.0,-0.00011754942250002953,7.531133161506333e-05,0.0049999999,0.0043603168,-497.23779412844516,20469.93133696769,23073608.0,0.034656417,0.00034415023,0,specimen_stress_proxy,-4.148608477346442,-4.148609044348896,-94.98237647641271,94.98237647641271,0.2685563425429183,34.42653133270269,90.83376771556503,7.24500787328747e-05,312,,,,,,,,,,
T5_dp_mild_yield,T5,dp_mild_yield,10,0.005027,555,407,74,74,15,0,-2.5129999999970454e-05,-0.004999999899999997,0.0,0.0,-0.0001323792000000601,7.768872103613534e-05,0.0049999999,0.0043282597,5939.857613478424,20999.384784605085,26460198.0,0.039757796,0.0003771442,0,specimen_stress_proxy,-20.91366004127764,-20.913660623022107,-124.91200008599506,124.91200008599506,0.3531803596338327,55.5797735834316,103.99833975384519,7.714829932457004e-05,333,,,,,,,,,,
T5_dp_mild_yield,T5,dp_mild_yield,11,0.00553,555,407,74,74,15,0,-2.7645000000103837e-05,-0.004999999899999997,0.0,0.0,-0.0001473696520000456,8.032552085838161e-05,0.0049999999,0.004326682500000001,12446.15827782303,20041.0710766854,17893862.0,0.026895836,0.00040582451,0,specimen_stress_proxy,-37.21072273552827,-37.21072314103193,-153.3412022186734,153.3412022186734,0.4335620349445301,75.9208826984112,116.13047928039332,8.25064142523341e-05,341,,,,,,,,,,
T5_dp_mild_yield,T5,dp_mild_yield,12,0.006032,555,407,74,74,15,0,-3.0000000000016125e-05,-0.003395272400000004,0.0,0.0,-0.00016290701300006316,8.706452700920614e-05,0.004428571600000001,0.004428571600000001,14891.880894968745,22216.59860423197,10253961.0,0.01549706,0.00043803279,0,specimen_stress_proxy,-44.32457241375923,-44.324572741547875,-171.08809203931207,171.08809203931207,0.4837401837606574,86.57907906487306,126.76351946165852,9.054522312063885e-05,341,,,,,,,,,,
T5b_dp_high_strength,T5b,dp_high_strength,0,0.0,,,,,,,,,,,0.0,,,,,,,,0.0,,,,,,,,-0.0,0.0,,0,0.0,0.0,0.0,0.0,-0.0,0.0,-0.0,-0.0,nan,0.0
T5b_dp_high_strength,T5b,dp_high_strength,1,0.000503,,,,,,,,,,,0.0,,,,,,,,0.0,,,,,,,,-0.0,0.0,,0,0.433946,0.0,0.216973,153.477,-0.0,76.7385,-0.0,-0.0,nan,1.0
T5b_dp_high_strength,T5b,dp_high_strength,2,0.001005,,,,,,,,,,,-4.130368580074206e-06,,,,,,,,0.0,,,,,,,,22.761834853538,13.997412861928863,,0,0.66218,-0.00102458,0.33160229,234.198,0.362372,117.280186,0.09074207349206857,32.093443428157244,3.65433891070369,0.99691
T5b_dp_high_strength,T5b,dp_high_strength,3,0.001508,,,,,,,,,,,-1.5789309509989247e-05,,,,,,,,0.0,,,,,,,,49.09910626599672,33.275731462486554,,0,0.928777,-0.0147913,0.47178414999999996,328.488,5.23136,166.85968,0.2015477284919966,71.28292724098776,2.3408060886120796,0.968648
T5b_dp_high_strength,T5b,dp_high_strength,4,0.002011,,,,,,,,,,,-3.286903220003912e-05,,,,,,,,0.0,,,,,,,,64.93693479144147,62.26200742191653,,0,0.95582,-0.0781018,0.5169609,338.052,27.6229,182.83745000000002,0.30096597662735647,106.44493973938583,1.7176722292436377,0.848921
T5b_dp_high_strength,T5b,dp_high_strength,5,0.002513,,,,,,,,,,,-5.359551459999112e-05,,,,,,,,0.0,,,,,,,,67.05820411694513,100.21638885627763,,0,0.95582,-0.0781018,0.5169609,338.052,27.6229,182.83745000000002,0.37850604787515557,133.86913002113022,1.3657929718748156,0.848921
T5b_dp_high_strength,T5b,dp_high_strength,6,0.003016,,,,,,,,,,,-7.64962012000936e-05,,,,,,,,0.0,,,,,,,,62.6969966206552,142.06517427049138,,0,0.979352,-0.200367,0.5898595,346.375,70.8652,208.6201,0.44505812627851266,157.4071128009828,1.3253538474452484,0.660315
T5b_dp_high_strength,T5b,dp_high_strength,7,0.003519,,,,,,,,,,,-0.00010027276390003892,,,,,,,,0.0,,,,,,,,63.158328996306295,181.6015471935012,,0,0.979352,-0.200367,0.5898595,346.375,70.8652,208.6201,0.5208868200752088,184.2260271253071,1.1324139472656123,0.660315
T5b_dp_high_strength,T5b,dp_high_strength,8,0.004022,,,,,,,,,,,-0.00012478793029999102,,,,,,,,0.0,,,,,,,,75.58299109474689,215.27653838859197,,0,1.10225,-0.444873,0.7735615,389.841,157.342,273.5915,0.6194925874987446,219.1006833538082,1.248701785316467,0.424903
T5b_dp_high_strength,T5b,dp_high_strength,9,0.004524,,,,,,,,,,,-0.00014879351629998316,,,,,,,,0.0,,,,,,,,98.40808487046205,243.77913724836117,,0,1.10225,-0.444873,0.7735615,389.841,157.342,273.5915,0.7377551528413415,260.9275097027028,1.0485341878274335,0.424903
T5b_dp_high_strength,T5b,dp_high_strength,10,0.005027,,,,,,,,,,,-0.0001707071159999518,,,,,,,,0.0,,,,,,,,122.66009668134076,270.8306329632471,,0,1.04649,-0.867504,0.956997,370.121,306.817,338.469,0.857316968891089,303.2138519901722,1.1162697517090368,0.093516
T5b_dp_high_strength,T5b,dp_high_strength,11,0.00553,,,,,,,,,,,-0.0001916568670000396,,,,,,,,0.0,,,,,,,,139.31081785533988,300.04239926121613,,0,1.04649,-0.867504,0.956997,370.121,306.817,338.469,0.9594586561166246,339.33908402948396,0.9974343280964413,0.093516
T5b_dp_high_strength,T5b,dp_high_strength,12,0.006032,,,,,,,,,,,-0.00020927541300008734,,,,,,,,0.0,,,,,,,,145.66138292649472,332.46937186332934,,0,1.04649,-0.867504,0.956997,370.121,306.817,338.469,1.038537859175914,367.30763083538096,0.9214849430326814,0.093516
T5b_dp_mild_yield,T5b,dp_mild_yield,0,0.0,,,,,,,,,,,0.0,,,,,,,,0.0,,,,,,,,-0.0,0.0,,0,0.0,0.0,0.0,0.0,-0.0,0.0,-0.0,-0.0,nan,0.0
T5b_dp_mild_yield,T5b,dp_mild_yield,1,0.000503,,,,,,,,,,,0.0,,,,,,,,0.0,,,,,,,,-0.0,0.0,,0,0.433946,0.0,0.216973,153.477,-0.0,76.7385,-0.0,-0.0,nan,1.0
T5b_dp_mild_yield,T5b,dp_mild_yield,2,0.001005,,,,,,,,,,,-4.130368580074206e-06,,,,,,,,0.0,,,,,,,,22.761834853538,13.997412861928863,,0,0.66218,-0.00102458,0.33160229,234.198,0.362372,117.280186,0.09074207349206857,32.093443428157244,3.65433891070369,0.99691
T5b_dp_mild_yield,T5b,dp_mild_yield,3,0.001508,,,,,,,,,,,-1.5709309520023362e-05,,,,,,,,1.7767963e-05,,,,,,,,49.091620658084345,30.888117948761717,,41,0.916065,-0.0147913,0.46542815,323.992,5.23136,164.61168,0.19702601798965613,69.68369929059216,2.362267454567523,0.96822
T5b_dp_mild_yield,T5b,dp_mild_yield,4,0.002011,,,,,,,,,,,-3.218904810003975e-05,,,,,,,,7.018396e-05,,,,,,,,63.975371829533195,42.011930297395594,,95,0.553189,-0.0779902,0.3155896,195.651,27.5834,111.61720000000001,0.26007672528655784,91.98332536113026,1.2134480686508067,0.752875
T5b_dp_mild_yield,T5b,dp_mild_yield,5,0.002513,,,,,,,,,,,-5.046706970004977e-05,,,,,,,,0.00013190215,,,,,,,,61.23794179636362,52.822576317862385,,116,0.553189,-0.0779902,0.3155896,195.651,27.5834,111.61720000000001,0.27271441188390333,96.45299267493854,1.1572164368575761,0.752875
T5b_dp_mild_yield,T5b,dp_mild_yield,6,0.003016,,,,,,,,,,,-6.86203921000661e-05,,,,,,,,0.00018835922,,,,,,,,45.62640698737099,61.684754941547965,,153,0.189083,-0.19068,0.18988149999999998,66.8744,67.4393,67.15684999999999,0.2452786502788127,86.74957694840298,0.7741460570830695,0.00420559
T5b_dp_mild_yield,T5b,dp_mild_yield,7,0.003519,,,,,,,,,,,-8.590377060010979e-05,,,,,,,,0.0002522337,,,,,,,,29.12929035496316,68.86125703094599,,198,0.189083,-0.19068,0.18988149999999998,66.8744,67.4393,67.15684999999999,0.2121615396483197,75.0367950422605,0.894985492256272,0.00420559
T5b_dp_mild_yield,T5b,dp_mild_yield,8,0.004021,,,,,,,,,,,-0.00010241743290007044,,,,,,,,0.00030496734,,,,,,,,23.738985007458623,78.43432141534763,,235,0.285679,-0.331249,0.308464,101.038,117.155,109.09649999999999,0.21496561158145322,76.02853261769037,1.4349457931001166,0.0738663
T5b_dp_mild_yield,T5b,dp_mild_yield,9,0.004524,,,,,,,,,,,-0.00011754942250002953,,,,,,,,0.00034415023,,,,,,,,34.42653133270269,90.83376771556503,,312,0.285679,-0.331249,0.308464,101.038,117.155,109.09649999999999,0.2685563425429183,94.98237647641271,1.148600688701679,0.0738663
T5b_dp_mild_yield,T5b,dp_mild_yield,10,0.005027,,,,,,,,,,,-0.0001323792000000601,,,,,,,,0.0003771442,,,,,,,,55.5797735834316,103.99833975384519,,333,0.55936,-0.426189,0.4927745,197.833,150.733,174.28300000000002,0.3531803596338327,124.91200008599506,1.3952488765538789,0.135124
T5b_dp_mild_yield,T5b,dp_mild_yield,11,0.00553,,,,,,,,,,,-0.0001473696520000456,,,,,,,,0.00040582451,,,,,,,,75.9208826984112,116.13047928039332,,341,0.55936,-0.426189,0.4927745,197.833,150.733,174.28300000000002,0.4335620349445301,153.3412022186734,1.1365720710833123,0.135124
T5b_dp_mild_yield,T5b,dp_mild_yield,12,0.006032,,,,,,,,,,,-0.00016290701300006316,,,,,,,,0.00043803279,,,,,,,,86.57907906487306,126.76351946165852,,341,0.55936,-0.426189,0.4927745,197.833,150.733,174.28300000000002,0.4837401837606574,171.08809203931207,1.0186759680973962,0.135124
T5c_dp_high_strength_extended,T5c,dp_high_strength,0,0.0,,,,,,,,,,,0.0,,,,,,,,0.0,,,,,,,,-0.0,0.0,,0,0.0,0.0,0.0,0.0,-0.0,0.0,-0.0,-0.0,nan,0.0
T5c_dp_high_strength_extended,T5c,dp_high_strength,1,0.000503,,,,,,,,,,,0.0,,,,,,,,0.0,,,,,,,,-0.0,0.0,,0,0.433946,0.0,0.216973,153.477,-0.0,76.7385,-0.0,-0.0,nan,1.0
T5c_dp_high_strength_extended,T5c,dp_high_strength,2,0.001005,,,,,,,,,,,-4.130368580074206e-06,,,,,,,,0.0,,,,,,,,22.761834853538,13.997412861928863,,0,0.66218,-0.00102458,0.33160229,234.198,0.362372,117.280186,0.09074207349206857,32.093443428157244,3.65433891070369,0.99691
T5c_dp_high_strength_extended,T5c,dp_high_strength,3,0.001508,,,,,,,,,,,-1.5789309509989247e-05,,,,,,,,0.0,,,,,,,,49.09910626599672,33.275731462486554,,0,0.928777,-0.0147913,0.47178414999999996,328.488,5.23136,166.85968,0.2015477284919966,71.28292724098776,2.3408060886120796,0.968648
T5c_dp_high_strength_extended,T5c,dp_high_strength,4,0.002011,,,,,,,,,,,-3.286903220003912e-05,,,,,,,,0.0,,,,,,,,64.93693479144147,62.26200742191653,,0,0.95582,-0.0781018,0.5169609,338.052,27.6229,182.83745000000002,0.30096597662735647,106.44493973938583,1.7176722292436377,0.848921
T5c_dp_high_strength_extended,T5c,dp_high_strength,5,0.002513,,,,,,,,,,,-5.359551459999112e-05,,,,,,,,0.0,,,,,,,,67.05820411694513,100.21638885627763,,0,0.95582,-0.0781018,0.5169609,338.052,27.6229,182.83745000000002,0.37850604787515557,133.86913002113022,1.3657929718748156,0.848921
T5c_dp_high_strength_extended,T5c,dp_high_strength,6,0.003016,,,,,,,,,,,-7.64962012000936e-05,,,,,,,,0.0,,,,,,,,62.6969966206552,142.06517427049138,,0,0.979352,-0.200367,0.5898595,346.375,70.8652,208.6201,0.44505812627851266,157.4071128009828,1.3253538474452484,0.660315
T5c_dp_high_strength_extended,T5c,dp_high_strength,7,0.003519,,,,,,,,,,,-0.00010027276390003892,,,,,,,,0.0,,,,,,,,63.158328996306295,181.6015471935012,,0,0.979352,-0.200367,0.5898595,346.375,70.8652,208.6201,0.5208868200752088,184.2260271253071,1.1324139472656123,0.660315
T5c_dp_high_strength_extended,T5c,dp_high_strength,8,0.004022,,,,,,,,,,,-0.00012478793029999102,,,,,,,,0.0,,,,,,,,75.58299109474689,215.27653838859197,,0,1.10225,-0.444873,0.7735615,389.841,157.342,273.5915,0.6194925874987446,219.1006833538082,1.248701785316467,0.424903
T5c_dp_high_strength_extended,T5c,dp_high_strength,9,0.004524,,,,,,,,,,,-0.00014879351629998316,,,,,,,,0.0,,,,,,,,98.40808487046205,243.77913724836117,,0,1.10225,-0.444873,0.7735615,389.841,157.342,273.5915,0.7377551528413415,260.9275097027028,1.0485341878274335,0.424903
T5c_dp_high_strength_extended,T5c,dp_high_strength,10,0.005027,,,,,,,,,,,-0.0001707071159999518,,,,,,,,0.0,,,,,,,,122.66009668134076,270.8306329632471,,0,1.04649,-0.867504,0.956997,370.121,306.817,338.469,0.857316968891089,303.2138519901722,1.1162697517090368,0.093516
T5c_dp_high_strength_extended,T5c,dp_high_strength,11,0.00553,,,,,,,,,,,-0.0001916568670000396,,,,,,,,0.0,,,,,,,,139.31081785533988,300.04239926121613,,0,1.04649,-0.867504,0.956997,370.121,306.817,338.469,0.9594586561166246,339.33908402948396,0.9974343280964413,0.093516
T5c_dp_high_strength_extended,T5c,dp_high_strength,12,0.006032,,,,,,,,,,,-0.00020927541300008734,,,,,,,,0.0,,,,,,,,145.66138292649472,332.46937186332934,,0,0.96989,-1.37564,1.172765,343.028,486.534,414.781,1.038537859175914,367.30763083538096,1.1292462664101586,0.172989
T5c_dp_high_strength_extended,T5c,dp_high_strength,13,0.006535,,,,,,,,,,,-0.0002246670940000972,,,,,,,,0.0,,,,,,,,146.23631750065508,366.3907962428743,,0,0.96989,-1.37564,1.172765,343.028,486.534,414.781,1.1041038269649914,390.49684832923793,1.0621872430455634,0.172989
T5c_dp_high_strength_extended,T5c,dp_high_strength,14,0.007038,,,,,,,,,,,-0.00023956803999997112,,,,,,,,0.0,,,,,,,,149.01718630245765,398.79983953894174,,0,1.07778,-1.78112,1.42945,381.188,629.944,505.566,1.1730561556607768,414.8837459950855,1.2185691137648886,0.246017
T5c_dp_high_strength_extended,T5c,dp_high_strength,15,0.00754,,,,,,,,,,,-0.0002545982150001236,,,,,,,,0.0,,,,,,,,159.27731185908297,427.9310399017943,,0,1.07778,-1.78112,1.42945,381.188,629.944,505.566,1.2569769962571333,444.5646717936125,1.1372125379035853,0.246017
T5c_dp_high_strength_extended,T5c,dp_high_strength,16,0.008043,,,,,,,,,,,-0.0002704515690001019,,,,,,,,0.0,,,,,,,,175.9869831204014,454.73458765355065,,0,1.28167,-2.01052,1.646095,453.3,711.075,582.1875,1.3547459759119824,479.1433748894351,1.2150580472415786,0.221385
T5c_dp_high_strength_extended,T5c,dp_high_strength,17,0.008546,,,,,,,,,,,-0.0002875615580000268,,,,,,,,0.0,,,,,,,,193.7824885059215,481.8521060494722,,0,1.28167,-2.01052,1.646095,453.3,711.075,582.1875,1.4561768999451714,515.0172258722363,1.130422409572614,0.221385
T5c_dp_high_strength_extended,T5c,dp_high_strength,18,0.009049,,,,,,,,,,,-0.0003061589070001147,,,,,,,,0.0,,,,,,,,207.2370496563063,511.7048105892507,,0,1.51402,-2.0823,1.79816,535.475,736.462,635.9685,1.5504897977289351,548.37359004914,1.1597367506924827,0.158016
T5c_dp_high_strength_extended,T5c,dp_high_strength,19,0.009551,,,,,,,,,,,-0.00032600826400011607,,,,,,,,0.0,,,,,,,,214.44846264420974,544.9503890926538,,0,1.51402,-2.0823,1.79816,535.475,736.462,635.9685,1.6335460267016353,577.7487220393123,1.1007709428492467,0.158016
T5c_dp_high_strength_extended,T5c,dp_high_strength,20,0.010054,,,,,,,,,,,-0.00034604541400015676,,,,,,,,0.0,,,,,,,,218.22540835178555,580.0135582954183,,0,1.82257,-2.04577,1.93417,644.604,723.545,684.0745,1.7103176059681582,604.9011138820642,1.1308835231834766,0.0576989
T5c_dp_high_strength_extended,T5c,dp_high_strength,21,0.010557,,,,,,,,,,,-0.00036568113300008975,,,,,,,,0.0,,,,,,,,223.73374955609316,614.2253706658595,,0,1.82257,-2.04577,1.93417,644.604,723.545,684.0745,1.7903798208483674,633.2173299999994,1.080312667444776,0.0576989
T5c_dp_high_strength_extended,T5c,dp_high_strength,22,0.011059,,,,,,,,,,,-0.0003845246600001073,,,,,,,,0.0,,,,,,,,234.56403618759222,645.6789304114867,,0,2.22569,-2.00401,2.11485,787.176,708.774,747.975,1.880290298210044,665.0166564619167,1.124746536220097,0.0524095
T5c_dp_high_strength_extended,T5c,dp_high_strength,23,0.011562,,,,,,,,,,,-0.0004030105539999662,,,,,,,,0.0,,,,,,,,250.14045386757616,674.4441233509716,,0,2.22569,-2.00401,2.11485,787.176,708.774,747.975,1.9785526929181267,699.7698694348906,1.0688873779150412,0.0524095
T5c_dp_high_strength_extended,T5c,dp_high_strength,24,0.012065,,,,,,,,,,,-0.000421195037000055,,,,,,,,0.0,,,,,,,,266.4719833958722,702.2749690093856,,0,2.59858,-2.09171,2.345145,919.06,739.79,829.425,2.0771889129455072,734.6552960687959,1.1289993824752917,0.108068
T5c_dp_high_strength_extended,T5c,dp_high_strength,25,0.012567,,,,,,,,,,,-0.00043884202500010794,,,,,,,,0.0,,,,,,,,279.5432923212939,731.1294745401716,,0,2.59858,-2.09171,2.345145,919.06,739.79,829.425,2.168536629788214,766.9629420147417,1.081441266790607,0.108068
T5c_dp_high_strength_extended,T5c,dp_high_strength,26,0.01307,,,,,,,,,,,-0.0004559267419999846,,,,,,,,0.0,,,,,,,,288.06561900338244,761.911962477727,,0,2.83567,-2.27552,2.5555950000000003,1002.91,804.8,903.855,2.250656563572866,796.0069273218671,1.1354886575600196,0.109593
T5c_dp_high_strength_extended,T5c,dp_high_strength,27,0.013573,,,,,,,,,,,-0.00047280988200004703,,,,,,,,0.0,,,,,,,,293.8831860185666,794.1130121883656,,0,2.83567,-2.27552,2.5555950000000003,1002.91,804.8,903.855,2.327802895515161,823.2918608108104,1.0978571273898288,0.109593
T5c_dp_high_strength_extended,T5c,dp_high_strength,28,0.014075,,,,,,,,,,,-0.0004902185930000247,,,,,,,,0.0,,,,,,,,300.42771767868135,826.3469340470882,,0,2.96219,-2.50461,2.7334,1047.66,885.825,966.7425000000001,2.407066634105953,851.3256737100735,1.1355730503136885,0.0837016
T5c_dp_high_strength_extended,T5c,dp_high_strength,29,0.014578,,,,,,,,,,,-0.0005079577780001121,,,,,,,,0.0,,,,,,,,310.21054058963233,857.4567638698552,,0,2.96219,-2.50461,2.7334,1047.66,885.825,966.7425000000001,2.4933675619309055,881.8483831695359,1.0962683728359768,0.0837016
T5c_dp_high_strength_extended,T5c,dp_high_strength,30,0.015081,,,,,,,,,,,-0.0005258281639999862,,,,,,,,0.0,,,,,,,,323.1448567447172,887.3576684701467,,0,3.02881,-2.80632,2.9175649999999997,1071.22,992.534,1031.877,2.5863003566185045,914.716635724815,1.1280843667417702,0.0381293
T5c_dp_high_strength_extended,T5c,dp_high_strength,31,0.015584,,,,,,,,,,,-0.0005440766500000582,,,,,,,,0.0,,,,,,,,336.97637210527415,916.9521966455277,,0,3.02881,-2.80632,2.9175649999999997,1071.22,992.534,1031.877,2.68119241634011,948.2778365356259,1.0881595003101432,0.0381293
T5c_dp_high_strength_extended,T5c,dp_high_strength,32,0.016086,,,,,,,,,,,-0.0005625929100000482,,,,,,,,0.0,,,,,,,,349.2568455914662,947.2823697577646,,0,3.05566,-3.14233,3.098995,1080.72,1111.37,1096.045,2.7730856665171593,980.7784254299759,1.1175258800757368,0.0139841
T5c_dp_high_strength_extended,T5c,dp_high_strength,33,0.016589,,,,,,,,,,,-0.0005813460100000112,,,,,,,,0.0,,,,,,,,359.00970330479953,978.7575816152831,,0,3.05566,-3.14233,3.098995,1080.72,1111.37,1096.045,2.8599905986515597,1011.5147577149883,1.083568247203724,0.0139841
T5c_dp_high_strength_extended,T5c,dp_high_strength,34,0.017092,,,,,,,,,,,-0.0006001033200001005,,,,,,,,0.0,,,,,,,,367.141657842965,1010.9308869579121,,0,3.10807,-3.43994,3.274005,1099.25,1216.63,1157.94,2.9436284102480066,1041.095582481573,1.1122344751809752,0.0506831
T5c_dp_high_strength_extended,T5c,dp_high_strength,35,0.017594,,,,,,,,,,,-0.0006185859300000818,,,,,,,,0.0,,,,,,,,375.5812148614909,1042.8494457175927,,0,3.10807,-3.43994,3.274005,1099.25,1216.63,1157.94,3.0276557613716166,1070.8141786732194,1.0813663302715695,0.0506831
T5c_dp_high_strength_extended,T5c,dp_high_strength,36,0.018097,,,,,,,,,,,-0.000636733970000164,,,,,,,,0.0,,,,,,,,385.8049189009095,1073.7439175945835,,0,3.10807,-3.43994,3.274005,1099.25,1216.63,1157.94,3.1147973110552334,1101.6341972972984,1.0511133383798992,0.0506831
T5c_dp_mild_yield_extended,T5c,dp_mild_yield,0,0.0,,,,,,,,,,,0.0,,,,,,,,0.0,,,,,,,,-0.0,0.0,,0,0.0,0.0,0.0,0.0,-0.0,0.0,-0.0,-0.0,nan,0.0
T5c_dp_mild_yield_extended,T5c,dp_mild_yield,1,0.000503,,,,,,,,,,,0.0,,,,,,,,0.0,,,,,,,,-0.0,0.0,,0,0.433946,0.0,0.216973,153.477,-0.0,76.7385,-0.0,-0.0,nan,1.0
T5c_dp_mild_yield_extended,T5c,dp_mild_yield,2,0.001005,,,,,,,,,,,-4.130368580074206e-06,,,,,,,,0.0,,,,,,,,22.761834853538,13.997412861928863,,0,0.66218,-0.00102458,0.33160229,234.198,0.362372,117.280186,0.09074207349206857,32.093443428157244,3.65433891070369,0.99691
T5c_dp_mild_yield_extended,T5c,dp_mild_yield,3,0.001508,,,,,,,,,,,-1.5709309520023362e-05,,,,,,,,1.7767963e-05,,,,,,,,49.091620658084345,30.888117948761717,,41,0.916065,-0.0147913,0.46542815,323.992,5.23136,164.61168,0.19702601798965613,69.68369929059216,2.362267454567523,0.96822
T5c_dp_mild_yield_extended,T5c,dp_mild_yield,4,0.002011,,,,,,,,,,,-3.218904810003975e-05,,,,,,,,7.018396e-05,,,,,,,,63.975371829533195,42.011930297395594,,95,0.553189,-0.0779902,0.3155896,195.651,27.5834,111.61720000000001,0.26007672528655784,91.98332536113026,1.2134480686508067,0.752875
T5c_dp_mild_yield_extended,T5c,dp_mild_yield,5,0.002513,,,,,,,,,,,-5.046706970004977e-05,,,,,,,,0.00013190215,,,,,,,,61.23794179636362,52.822576317862385,,116,0.553189,-0.0779902,0.3155896,195.651,27.5834,111.61720000000001,0.27271441188390333,96.45299267493854,1.1572164368575761,0.752875
T5c_dp_mild_yield_extended,T5c,dp_mild_yield,6,0.003016,,,,,,,,,,,-6.86203921000661e-05,,,,,,,,0.00018835922,,,,,,,,45.62640698737099,61.684754941547965,,153,0.189083,-0.19068,0.18988149999999998,66.8744,67.4393,67.15684999999999,0.2452786502788127,86.74957694840298,0.7741460570830695,0.00420559
T5c_dp_mild_yield_extended,T5c,dp_mild_yield,7,0.003519,,,,,,,,,,,-8.590377060010979e-05,,,,,,,,0.0002522337,,,,,,,,29.12929035496316,68.86125703094599,,198,0.189083,-0.19068,0.18988149999999998,66.8744,67.4393,67.15684999999999,0.2121615396483197,75.0367950422605,0.894985492256272,0.00420559
T5c_dp_mild_yield_extended,T5c,dp_mild_yield,8,0.004021,,,,,,,,,,,-0.00010241743290007044,,,,,,,,0.00030496734,,,,,,,,23.738985007458623,78.43432141534763,,235,0.285679,-0.331249,0.308464,101.038,117.155,109.09649999999999,0.21496561158145322,76.02853261769037,1.4349457931001166,0.0738663
T5c_dp_mild_yield_extended,T5c,dp_mild_yield,9,0.004524,,,,,,,,,,,-0.00011754942250002953,,,,,,,,0.00034415023,,,,,,,,34.42653133270269,90.83376771556503,,312,0.285679,-0.331249,0.308464,101.038,117.155,109.09649999999999,0.2685563425429183,94.98237647641271,1.148600688701679,0.0738663
T5c_dp_mild_yield_extended,T5c,dp_mild_yield,10,0.005027,,,,,,,,,,,-0.0001323792000000601,,,,,,,,0.0003771442,,,,,,,,55.5797735834316,103.99833975384519,,333,0.55936,-0.426189,0.4927745,197.833,150.733,174.28300000000002,0.3531803596338327,124.91200008599506,1.3952488765538789,0.135124
T5c_dp_mild_yield_extended,T5c,dp_mild_yield,11,0.00553,,,,,,,,,,,-0.0001473696520000456,,,,,,,,0.00040582451,,,,,,,,75.9208826984112,116.13047928039332,,341,0.55936,-0.426189,0.4927745,197.833,150.733,174.28300000000002,0.4335620349445301,153.3412022186734,1.1365720710833123,0.135124
T5c_dp_mild_yield_extended,T5c,dp_mild_yield,12,0.006032,,,,,,,,,,,-0.00016290701300006316,,,,,,,,0.00043803279,,,,,,,,86.57907906487306,126.76351946165852,,341,0.615708,-0.491306,0.553507,217.762,173.764,195.763,0.4837401837606574,171.08809203931207,1.1442237353468685,0.112377
T5c_dp_mild_yield_extended,T5c,dp_mild_yield,13,0.006535,,,,,,,,,,,-0.00017886792700011478,,,,,,,,0.00047803822,,,,,,,,84.7986487770598,132.77588547691656,,341,0.615708,-0.491306,0.553507,217.762,173.764,195.763,0.49003917866201335,173.31590576167082,1.129515810371075,0.112377
T5c_dp_mild_yield_extended,T5c,dp_mild_yield,14,0.007038,,,,,,,,,,,-0.00019480664800008984,,,,,,,,0.00052573252,,,,,,,,73.85022454294841,127.83639500867324,,347,0.433822,-0.460433,0.4471275,153.433,162.845,158.139,0.4497725182534654,159.0744878820639,0.9941192088308631,0.0297572
T5c_dp_mild_yield_extended,T5c,dp_mild_yield,15,0.00754,,,,,,,,,,,-0.00021040314599998777,,,,,,,,0.00057754543,,,,,,,,60.12306683001636,118.87556276603189,,371,0.433822,-0.460433,0.4471275,153.433,162.845,158.139,0.3940691233642917,139.37344200737095,1.1346423088993431,0.0297572
T5c_dp_mild_yield_extended,T5c,dp_mild_yield,16,0.008043,,,,,,,,,,,-0.00022535839700008053,,,,,,,,0.00062839763,,,,,,,,50.241410159334954,111.64519697229969,,399,0.329144,-0.371684,0.350414,116.411,131.456,123.9335,0.3525004789263597,124.67154147420142,0.9940809188892036,0.0606998
T5c_dp_mild_yield_extended,T5c,dp_mild_yield,17,0.008546,,,,,,,,,,,-0.0002397851980000254,,,,,,,,0.00067399483,,,,,,,,48.31504521742664,109.95642323774189,,407,0.329144,-0.371684,0.350414,116.411,131.456,123.9335,0.34387054687685353,121.61932737592123,1.0190288269308794,0.0606998
T5c_dp_mild_yield_extended,T5c,dp_mild_yield,18,0.009048,,,,,,,,,,,-0.00025385928799998014,,,,,,,,0.00071280764,,,,,,,,54.31654180907285,114.0346910517468,,407,0.459829,-0.386824,0.4233265,162.631,136.811,149.721,0.3685267324417372,130.33966917690407,1.1486995724711135,0.0862283
T5c_dp_mild_yield_extended,T5c,dp_mild_yield,19,0.009551,,,,,,,,,,,-0.0002677249980000129,,,,,,,,0.00074679102,,,,,,,,64.57257915303026,120.72034850386963,,407,0.459829,-0.386824,0.4233265,162.631,136.811,149.721,0.4101271622605886,145.05281148894335,1.0321835249015396,0.0862283
T5c_dp_mild_yield_extended,T5c,dp_mild_yield,20,0.010054,,,,,,,,,,,-0.00028171938000004504,,,,,,,,0.0007803248,,,,,,,,74.14103226289933,127.54537198525813,,407,0.585789,-0.494312,0.5400505,207.18,174.827,191.0035,0.4500461922349781,159.17128025307142,1.1999890440535688,0.0846922
T5c_dp_mild_yield_extended,T5c,dp_mild_yield,21,0.010556,,,,,,,,,,,-0.0002959008100000826,,,,,,,,0.00081766921,,,,,,,,79.29159267176904,132.3043671323957,,407,0.585789,-0.494312,0.5400505,207.18,174.827,191.0035,0.47357955321874623,167.49450409336617,1.1403585655872919,0.0846922
T5c_dp_mild_yield_extended,T5c,dp_mild_yield,22,0.011059,,,,,,,,,,,-0.00031036440000006826,,,,,,,,0.00086084666,,,,,,,,78.70689101972967,133.28049675910302,,407,0.517132,-0.510926,0.5140290000000001,182.898,180.703,181.8005,0.4737663092441454,167.56055552579835,1.084984284382928,0.00603726
T5c_dp_mild_yield_extended,T5c,dp_mild_yield,23,0.011562,,,,,,,,,,,-0.00032494802500004916,,,,,,,,0.00090905791,,,,,,,,73.48650582790337,129.72859681711313,,407,0.517132,-0.510926,0.5140290000000001,182.898,180.703,181.8005,0.4523108441949251,159.97223703931212,1.1364507541598479,0.00603726
T5c_dp_mild_yield_extended,T5c,dp_mild_yield,24,0.012064,,,,,,,,,,,-0.0003395712510000093,,,,,,,,0.00095948309,,,,,,,,66.24538151918922,124.20931054308365,,407,0.399609,-0.43573,0.4176695,141.333,154.108,147.72050000000002,0.42143343802920696,149.05158854791165,0.9910687247627795,0.0432419
T5c_dp_mild_yield_extended,T5c,dp_mild_yield,25,0.012567,,,,,,,,,,,-0.0003538901990000898,,,,,,,,0.0010087689,,,,,,,,60.08070340761503,119.2296059893144,,407,0.399609,-0.43573,0.4176695,141.333,154.108,147.72050000000002,0.39461669936294497,139.5671074004913,1.0584182085407705,0.0432419
T5c_dp_mild_yield_extended,T5c,dp_mild_yield,26,0.01307,,,,,,,,,,,-0.00036778111400001534,,,,,,,,0.0010544584,,,,,,,,57.44237001879606,117.07128018187959,,407,0.420815,-0.404121,0.412468,148.833,142.929,145.881,0.38308863914969976,135.4898901400491,1.0766907651333917,0.0202369
T5c_dp_mild_yield_extended,T5c,dp_mild_yield,27,0.013572,,,,,,,,,,,-0.0003812566829999864,,,,,,,,0.0010957666,,,,,,,,59.21900693598689,118.37523731592137,,407,0.420815,-0.404121,0.412468,148.833,142.929,145.881,0.3905698629798696,138.1358318132678,1.0560671446922647,0.0202369
T5c_dp_mild_yield_extended,T5c,dp_mild_yield,28,0.014075,,,,,,,,,,,-0.00039461908399998635,,,,,,,,0.0011336852,,,,,,,,64.38268754113022,121.90518968461913,,407,0.512046,-0.45617,0.484108,181.099,161.337,171.218,0.4118236293864254,145.65281399754298,1.1755226399254235,0.0577103
T5c_dp_mild_yield_extended,T5c,dp_mild_yield,29,0.014578,,,,,,,,,,,-0.0004080483290000436,,,,,,,,0.0011703796,,,,,,,,70.45017803022932,125.90690470649879,,407,0.512046,-0.45617,0.484108,181.099,161.337,171.218,0.4365221096867754,154.38811450122853,1.109011409175516,0.0577103
T5c_dp_mild_yield_extended,T5c,dp_mild_yield,30,0.01508,,,,,,,,,,,-0.0004217712420000186,,,,,,,,0.0012080462,,,,,,,,74.74438416028667,129.089912678489,,407,0.527348,-0.501534,0.514441,186.511,177.381,181.946,0.45466352015151823,160.804325945946,1.131476305441353,0.025089
T5c_dp_mild_yield_extended,T5c,dp_mild_yield,31,0.015583,,,,,,,,,,,-0.00043581694000011106,,,,,,,,0.0012480224,,,,,,,,75.64714587406228,130.42721128472985,,407,0.527348,-0.501534,0.514441,186.511,177.381,181.946,0.45973676724887713,162.59862006388218,1.1189903367496141,0.025089
T5c_dp_mild_yield_extended,T5c,dp_mild_yield,32,0.016086,,,,,,,,,,,-0.00045000205000006455,,,,,,,,0.0012904574,,,,,,,,73.15519706104264,129.01372068484898,,407,0.468875,-0.477758,0.47331650000000003,165.831,168.972,167.4015,0.4500265809624809,159.16434418427528,1.0517523186912838,0.00938319
T5c_dp_mild_yield_extended,T5c,dp_mild_yield,33,0.016589,,,,,,,,,,,-0.0004641661200001368,,,,,,,,0.0013344564,,,,,,,,68.64739382575756,125.68509607340295,,407,0.468875,-0.477758,0.47331650000000003,165.831,168.972,167.4015,0.4310067580119347,152.43745787469285,1.098164915518317,0.00938319
T5c_dp_mild_yield_extended,T5c,dp_mild_yield,34,0.017091,,,,,,,,,,,-0.0004782514600000509,,,,,,,,0.0013785716,,,,,,,,64.20658750279196,122.19673549519781,,407,0.435835,-0.431214,0.4335245,154.145,152.511,153.328,0.4118752691643784,145.67107783292383,1.0525625898334319,0.00532965
T5c_dp_mild_yield_extended,T5c,dp_mild_yield,35,0.017594,,,,,,,,,,,-0.0004920090200000171,,,,,,,,0.0014214092,,,,,,,,61.75298053533985,120.18802989993854,,407,0.435835,-0.431214,0.4335245,154.145,152.511,153.328,0.4011515380582338,141.87833380196554,1.0807000818156323,0.00532965
T5c_dp_mild_yield_extended,T5c,dp_mild_yield,36,0.018097,,,,,,,,,,,-0.0005056757800001033,,,,,,,,0.0014621217,,,,,,,,62.23262833995903,120.50908894067557,,407,0.435835,-0.431214,0.4335245,154.145,152.511,153.328,0.4031128923098545,142.57202096707607,1.075441912849489,0.00532965
