case,part,time,axial_strain,pc_mean,pc_min,pc_max,void_ratio_mean,void_ratio_min,void_ratio_max,plastic_vol_strain_mean,eq_plastic_strain_mean,Kplastic_max
baseline,0,0.0,0.0,120.0,120.0,120.0,0.8000000100000014,0.80000001,0.80000001,0.0,0.0,0.0
baseline,1,0.000503,-2.0285726015645267e-08,120.0,120.0,120.0,0.8000175002702695,0.80001062,0.80002099,0.0,0.0,0.0
baseline,2,0.001005,3.5213260500543964e-06,120.00135990171987,119.99577,120.04405,0.8000307715479129,0.79989302,0.80005389,1.0080403203464376e-06,3.562119514471745e-06,5.1022213e-05
baseline,3,0.001508,1.2303372170091587e-05,120.00157511056517,119.98267,120.09379,0.8000235949877162,0.79983652,0.80005747,1.166933091449631e-06,1.3976331229729735e-05,0.00011550775
baseline,4,0.002011,2.375143980007377e-05,120.00008009828,119.96996,120.12095,0.8000124674938589,0.79981232,0.80005389,5.886129884520875e-08,2.6017208824103197e-05,0.00017018846
baseline,5,0.002513,3.682086509998461e-05,119.99695206388196,119.94254,120.13522,0.8000028485995087,0.79980093,0.80009329,-2.258807819459459e-06,4.000556691624079e-05,0.00022549932
baseline,6,0.003016,5.091539840004766e-05,119.99215009827994,119.89624,120.14246,0.7999993112039299,0.79979551,0.80016106,-5.817312604373463e-06,5.471875539243245e-05,0.00028229438
baseline,7,0.003519,6.57151932001443e-05,119.98605899262907,119.83672,120.14488,0.8000082118181823,0.79979575,0.80023831,-1.0332020050565109e-05,6.964280880373466e-05,0.00033631627
baseline,8,0.004021,8.101679450006616e-05,119.97813277641275,119.77281,120.14371,0.800026188132678,0.79979998,0.80032521,-1.6207859861375918e-05,8.62599886079115e-05,0.00040012356
baseline,9,0.004524,9.63944103000991e-05,119.96711938574953,119.70541,120.13651,0.8000461753071247,0.79981172,0.80041653,-2.437272715460935e-05,0.00010642434344142503,0.00047462969
baseline,10,0.005027,0.0001117352160001639,119.95456734643724,119.63519,120.12631,0.8000640202948412,0.79982466,0.80051148,-3.3680283164255515e-05,0.000127940033753661,0.00055048795
baseline,11,0.005529,0.00012678899500004337,119.94183304668279,119.56279,120.11368,0.8000793262653564,0.79984313,0.80060899,-4.3125988685749384e-05,0.00014980422823734647,0.00062738446
baseline,12,0.006032,0.00014153063300006985,119.92931896805904,119.48885,120.09983,0.8000937086732199,0.79986221,0.80070853,-5.241123137088451e-05,0.00017159584625970513,0.00070687983
baseline,13,0.006535,0.0001561754700001028,119.91702906633913,119.41391,120.08598,0.8001087206388215,0.7998805,0.80081421,-6.15343910228501e-05,0.0001933985645100737,0.0007881705
baseline,14,0.007037,0.0001707631900001172,119.90480697788678,119.33467,120.07678,0.8001248932678144,0.79987693,0.80092156,-7.060994669631452e-05,0.00021523907972899263,0.00087038544
baseline,15,0.00754,0.00018533923799995966,119.89247235872232,119.26263,120.08212,0.8001421750859952,0.79986966,0.80101216,-7.97712459513513e-05,0.00023730132882727274,0.00094067689
baseline,16,0.008043,0.00019985242300013528,119.88060933660933,119.18671,120.08763,0.800158953636364,0.79986274,0.80111408,-8.858302423538083e-05,0.0002586893167265358,0.0010195706
baseline,17,0.008545,0.00021430404300012973,119.86866616707593,119.11169,120.09371,0.8001751607862403,0.79985631,0.80121469,-9.745697935945947e-05,0.00028012933456437355,0.0010977566
baseline,18,0.009048,0.0002287717679999579,119.85701764127771,119.03785,120.10014,0.8001904166339058,0.79984766,0.80131376,-0.00010611373720958233,0.0003012324435226044,0.0011749511
baseline,19,0.009551,0.000243390953000161,119.84575800982789,118.96464,120.10707,0.8002045992874687,0.79983723,0.80141246,-0.00011448345549778869,0.0003220913643186729,0.0012513698
baseline,20,0.010053,0.0002583861720001357,119.83440582309593,118.89112,120.1144,0.8002182512285008,0.7998271,0.80151182,-0.00012292511573808358,0.0003445121325275183,0.0013274918
baseline,21,0.010556,0.00027345230400002696,119.82347621621619,118.81644,120.12133,0.8002328574201482,0.79981929,0.80161273,-0.00013105445994496305,0.0003657209798567566,0.001404275
baseline,22,0.011059,0.00028850714399994426,119.81181265356273,118.74095,120.12754,0.8002487760196572,0.79981238,0.80171472,-0.00013973198220933666,0.0003875828122179359,0.0014815286
baseline,23,0.011561,0.0003034814579999656,119.79979886977884,118.66508,120.13335,0.8002654160442257,0.7998051,0.80181712,-0.0001486727262953316,0.0004094891713358721,0.0015589668
baseline,24,0.012064,0.00031837837400003344,119.78738100737102,118.58907,120.13908,0.8002824507862412,0.79979748,0.80191964,-0.00015791549645552817,0.0004315949536233413,0.0016364641
baseline,25,0.012566,0.0003331340410001049,119.77468714987691,118.51315,120.14488,0.800299635184276,0.79978949,0.80202216,-0.0001673665702184275,0.00045386515047346455,0.0017138375
baseline,26,0.013069,0.00034789490100009535,119.76185103194092,118.43732,120.15076,0.8003168930712526,0.79978144,0.80212468,-0.00017692598081154814,0.00047617794458648644,0.0017911197
baseline,27,0.013572,0.00036251632099998377,119.74891169533164,118.36158,120.15667,0.8003342327027038,0.79977345,0.80222714,-0.00018656568065184283,0.0004985382349722362,0.0018683299
baseline,28,0.014074,0.0003770922170000246,119.73590712530714,118.28594,120.16254,0.8003516306388191,0.79976571,0.80232936,-0.00019625573492948413,0.0005209255500459461,0.0019454572
baseline,29,0.014577,0.0003916153570000802,119.72285663390664,118.21044,120.1684,0.800369156904176,0.79975796,0.80243158,-0.00020598254852653578,0.0005433161337289926,0.0020224634
baseline,30,0.01508,0.00040607803799996844,119.70971100737101,118.13509,120.17422,0.8003868438574944,0.79975021,0.80253363,-0.0002157835186813267,0.0005658133737609334,0.0020993322
baseline,31,0.015582,0.00042050267100010585,119.69652665847653,118.0599,120.17999,0.800404615282554,0.79974246,0.80263555,-0.0002256151691506143,0.0005882900936479122,0.0021760617
baseline,32,0.016085,0.0004349519110000144,119.6833335135135,117.98486,120.1857,0.8004222875429973,0.79973501,0.8027373,-0.0002354567825314494,0.0006107214251810813,0.002252653
baseline,33,0.016588,0.0004492885050001727,119.67005916461916,117.91005,120.19138,0.8004399596805898,0.79972756,0.8028388,-0.000245361404799263,0.0006333013592474205,0.0023290303
baseline,34,0.01709,0.0004636546450001444,119.65687027027036,117.83559,120.19707,0.8004575235380837,0.79971981,0.80293989,-0.00025520493036191666,0.0006557098690484028,0.0024050788
baseline,35,0.017593,0.00047805187000010685,119.64357267813291,117.76148,120.20275,0.8004751788697787,0.79971218,0.80304056,-0.0002651319376985258,0.0006783538529845209,0.0024808114
baseline,36,0.018096,0.0004923412500000557,119.63033950859979,117.68771,120.2084,0.8004928626289921,0.79970473,0.80314088,-0.0002750144962390663,0.0007008079509599502,0.0025562742
admissible_line,0,0.0,0.0,120.0,120.0,120.0,0.8000000100000014,0.80000001,0.80000001,0.0,0.0,0.0
admissible_line,1,0.000503,-2.0285726015645267e-08,120.0,120.0,120.0,0.8000175002702695,0.80001062,0.80002099,0.0,0.0,0.0
admissible_line,2,0.001005,3.5213260500543964e-06,120.00135990171987,119.99577,120.04405,0.8000307715479129,0.79989302,0.80005389,1.0080403203464376e-06,3.562119514471745e-06,5.1022213e-05
admissible_line,3,0.001508,1.2303372170091587e-05,120.00157511056517,119.98267,120.09379,0.8000235949877162,0.79983652,0.80005747,1.166933091449631e-06,1.3976331229729735e-05,0.00011550775
admissible_line,4,0.002011,2.375143980007377e-05,120.00008009828,119.96996,120.12095,0.8000124674938589,0.79981232,0.80005389,5.886129884520875e-08,2.6017208824103197e-05,0.00017018846
admissible_line,5,0.002513,3.682086509998461e-05,119.99695206388196,119.94254,120.13522,0.8000028485995087,0.79980093,0.80009329,-2.258807819459459e-06,4.000556691624079e-05,0.00022549932
admissible_line,6,0.003016,5.091539840004766e-05,119.99215009827994,119.89624,120.14246,0.7999993112039299,0.79979551,0.80016106,-5.817312604373463e-06,5.471875539243245e-05,0.00028229438
admissible_line,7,0.003519,6.57151932001443e-05,119.98605899262907,119.83672,120.14488,0.8000082118181823,0.79979575,0.80023831,-1.0332020050565109e-05,6.964280880373466e-05,0.00033631627
admissible_line,8,0.004021,8.101679450006616e-05,119.97813277641275,119.77281,120.14371,0.800026188132678,0.79979998,0.80032521,-1.6207859861375918e-05,8.62599886079115e-05,0.00040012356
admissible_line,9,0.004524,9.63944103000991e-05,119.96711938574953,119.70541,120.13651,0.8000461753071247,0.79981172,0.80041653,-2.437272715460935e-05,0.00010642434344142503,0.00047462969
admissible_line,10,0.005027,0.0001117352160001639,119.95456734643724,119.63519,120.12631,0.8000640202948412,0.79982466,0.80051148,-3.3680283164255515e-05,0.000127940033753661,0.00055048795
admissible_line,11,0.005529,0.00012678899500004337,119.94183304668279,119.56279,120.11368,0.8000793262653564,0.79984313,0.80060899,-4.3125988685749384e-05,0.00014980422823734647,0.00062738446
admissible_line,12,0.006032,0.00014153063300006985,119.92931896805904,119.48885,120.09983,0.8000937086732199,0.79986221,0.80070853,-5.241123137088451e-05,0.00017159584625970513,0.00070687983
admissible_line,13,0.006535,0.0001561754700001028,119.91702906633913,119.41391,120.08598,0.8001087206388215,0.7998805,0.80081421,-6.15343910228501e-05,0.0001933985645100737,0.0007881705
admissible_line,14,0.007037,0.0001707631900001172,119.90480697788678,119.33467,120.07678,0.8001248932678144,0.79987693,0.80092156,-7.060994669631452e-05,0.00021523907972899263,0.00087038544
admissible_line,15,0.00754,0.00018533923799995966,119.89247235872232,119.26263,120.08212,0.8001421750859952,0.79986966,0.80101216,-7.97712459513513e-05,0.00023730132882727274,0.00094067689
admissible_line,16,0.008043,0.00019985242300013528,119.88060933660933,119.18671,120.08763,0.800158953636364,0.79986274,0.80111408,-8.858302423538083e-05,0.0002586893167265358,0.0010195706
admissible_line,17,0.008545,0.00021430404300012973,119.86866616707593,119.11169,120.09371,0.8001751607862403,0.79985631,0.80121469,-9.745697935945947e-05,0.00028012933456437355,0.0010977566
admissible_line,18,0.009048,0.0002287717679999579,119.85701764127771,119.03785,120.10014,0.8001904166339058,0.79984766,0.80131376,-0.00010611373720958233,0.0003012324435226044,0.0011749511
admissible_line,19,0.009551,0.000243390953000161,119.84575800982789,118.96464,120.10707,0.8002045992874687,0.79983723,0.80141246,-0.00011448345549778869,0.0003220913643186729,0.0012513698
admissible_line,20,0.010053,0.0002583861720001357,119.83440582309593,118.89112,120.1144,0.8002182512285008,0.7998271,0.80151182,-0.00012292511573808358,0.0003445121325275183,0.0013274918
admissible_line,21,0.010556,0.00027345230400002696,119.82347621621619,118.81644,120.12133,0.8002328574201482,0.79981929,0.80161273,-0.00013105445994496305,0.0003657209798567566,0.001404275
admissible_line,22,0.011059,0.00028850714399994426,119.81181265356273,118.74095,120.12754,0.8002487760196572,0.79981238,0.80171472,-0.00013973198220933666,0.0003875828122179359,0.0014815286
admissible_line,23,0.011561,0.0003034814579999656,119.79979886977884,118.66508,120.13335,0.8002654160442257,0.7998051,0.80181712,-0.0001486727262953316,0.0004094891713358721,0.0015589668
admissible_line,24,0.012064,0.00031837837400003344,119.78738100737102,118.58907,120.13908,0.8002824507862412,0.79979748,0.80191964,-0.00015791549645552817,0.0004315949536233413,0.0016364641
admissible_line,25,0.012566,0.0003331340410001049,119.77468714987691,118.51315,120.14488,0.800299635184276,0.79978949,0.80202216,-0.0001673665702184275,0.00045386515047346455,0.0017138375
admissible_line,26,0.013069,0.00034789490100009535,119.76185103194092,118.43732,120.15076,0.8003168930712526,0.79978144,0.80212468,-0.00017692598081154814,0.00047617794458648644,0.0017911197
admissible_line,27,0.013572,0.00036251632099998377,119.74891169533164,118.36158,120.15667,0.8003342327027038,0.79977345,0.80222714,-0.00018656568065184283,0.0004985382349722362,0.0018683299
admissible_line,28,0.014074,0.0003770922170000246,119.73590712530714,118.28594,120.16254,0.8003516306388191,0.79976571,0.80232936,-0.00019625573492948413,0.0005209255500459461,0.0019454572
admissible_line,29,0.014577,0.0003916153570000802,119.72285663390664,118.21044,120.1684,0.800369156904176,0.79975796,0.80243158,-0.00020598254852653578,0.0005433161337289926,0.0020224634
admissible_line,30,0.01508,0.00040607803799996844,119.70971100737101,118.13509,120.17422,0.8003868438574944,0.79975021,0.80253363,-0.0002157835186813267,0.0005658133737609334,0.0020993322
admissible_line,31,0.015582,0.00042050267100010585,119.69652665847653,118.0599,120.17999,0.800404615282554,0.79974246,0.80263555,-0.0002256151691506143,0.0005882900936479122,0.0021760617
admissible_line,32,0.016085,0.0004349519110000144,119.6833335135135,117.98486,120.1857,0.8004222875429973,0.79973501,0.8027373,-0.0002354567825314494,0.0006107214251810813,0.002252653
admissible_line,33,0.016588,0.0004492885050001727,119.67005916461916,117.91005,120.19138,0.8004399596805898,0.79972756,0.8028388,-0.000245361404799263,0.0006333013594931208,0.0023290303
admissible_line,34,0.01709,0.0004636546450001444,119.65687027027036,117.83559,120.19707,0.8004575235380837,0.79971981,0.80293989,-0.00025520493043562674,0.000655709869294103,0.0024050788
admissible_line,35,0.017593,0.00047805187000010685,119.64357267813291,117.76148,120.20275,0.8004751788697787,0.79971218,0.80304056,-0.00026513193798108115,0.0006783538535250614,0.0024808114
admissible_line,36,0.018096,0.0004923412500000557,119.63033950859979,117.68771,120.2084,0.8004928626289921,0.79970473,0.80314088,-0.00027501449645036846,0.0007008079517461911,0.0025562742
adaptive_line,0,0.0,0.0,120.0,120.0,120.0,0.8000000100000014,0.80000001,0.80000001,0.0,0.0,0.0
adaptive_line,1,0.000503,-2.0285726015645267e-08,120.0,120.0,120.0,0.8000175002702695,0.80001062,0.80002099,0.0,0.0,0.0
adaptive_line,2,0.001005,3.5209335100261363e-06,120.00135990171987,119.99577,120.04405,0.8000307715479129,0.79989302,0.80005389,1.0080403201990174e-06,3.562119514471745e-06,5.1022213e-05
adaptive_line,3,0.001508,1.239827192994758e-05,120.00044466830457,119.98267,120.0938,0.8000250521375922,0.79983646,0.80005997,3.2949845982800986e-07,1.4743582019877152e-05,0.00011552593
adaptive_line,4,0.002011,2.3928679700052635e-05,119.99849796068791,119.97002,120.12099,0.8000159433660939,0.79981226,0.80007595,-1.1127880796805893e-06,2.7167397227002457e-05,0.00017025421
adaptive_line,5,0.002513,3.695499710007488e-05,119.9943099017198,119.9427,120.13516,0.8000108647420149,0.79980111,0.80009723,-4.215386025773954e-06,4.1430663969459466e-05,0.0002255985
adaptive_line,6,0.003016,5.09983204001474e-05,119.98883808353783,119.89366,120.15652,0.8000130452579841,0.79977709,0.80016553,-8.270550873218673e-06,5.632535164226045e-05,0.00035871164
adaptive_line,7,0.003519,6.554677900005856e-05,119.98177208845175,119.83436,120.15862,0.8000231919656018,0.79977757,0.80024689,-1.3507812935380827e-05,7.194129927788703e-05,0.00041382358
adaptive_line,8,0.004021,8.037369540012107e-05,119.97311737100713,119.7706,120.15636,0.8000383533169523,0.79978371,0.80033356,-1.9923770809518426e-05,8.912210667599503e-05,0.00046935739
adaptive_line,9,0.004524,9.529225360002669e-05,119.96282385749379,119.70334,120.14989,0.8000544801474201,0.79979533,0.80042464,-2.7555077906169522e-05,0.00010797346470294844,0.00052476523
adaptive_line,10,0.005027,0.00011018524100014915,119.95193090909103,119.63322,120.14195,0.8000687397051595,0.79980814,0.80051941,-3.563442376989928e-05,0.00012724922548663394,0.00056861824
adaptive_line,11,0.005529,0.00012513439700004292,119.94055341523317,119.56087,120.12955,0.8000818189926278,0.79982632,0.80061692,-4.40754657542629e-05,0.00014775711827321865,0.00062957348
adaptive_line,12,0.006032,0.00013996571199992314,119.92904560196551,119.48697,120.11599,0.8000951983292395,0.79984504,0.80071634,-5.2615791467199014e-05,0.00016890593653390664,0.00071016653
adaptive_line,13,0.006535,0.0001546501670000866,119.9174931449632,119.41101,120.10236,0.8001100951597045,0.79986316,0.80081898,-6.119211631572492e-05,0.0001901232236329239,0.00079187448
adaptive_line,14,0.007037,0.00016930325000011348,119.90570587223571,119.33059,120.0891,0.800126772604423,0.79987699,0.80092698,-6.994623950909092e-05,0.00021137856469189193,0.00087454403
adaptive_line,15,0.00754,0.0001838220440000815,119.89387206388201,119.26051,120.08215,0.8001441437837837,0.79986906,0.8010205,-7.873448745798525e-05,0.00023248980601375918,0.00093087123
adaptive_line,16,0.008043,0.00019831431800010346,119.88136916461917,119.18402,120.08806,0.8001620391400491,0.79986143,0.80112326,-8.802131172628994e-05,0.00025481352865995083,0.0010103208
adaptive_line,17,0.008545,0.00021281655900012852,119.86916240786218,119.10706,120.09383,0.8001787054054058,0.79985398,0.80122674,-9.709206683513523e-05,0.0002759379615420146,0.0010900743
adaptive_line,18,0.009048,0.00022725380199997702,119.85696267813285,119.02966,120.09953,0.800194621744471,0.79984641,0.80133092,-0.00010615947645479123,0.0002968510987754301,0.0011700863
adaptive_line,19,0.00955,0.00024171819000010086,119.8441013759213,118.95189,120.10523,0.800211223095823,0.79983866,0.80143565,-0.00011572128472727268,0.00031931852265012275,0.0012503009
adaptive_line,20,0.010053,0.00025620331099998617,119.8316361179364,118.87385,120.11095,0.8002275474692878,0.79983091,0.80154073,-0.00012499114157837844,0.0003409687681439803,0.0013306647
adaptive_line,21,0.010556,0.0002706204520000477,119.8191831203934,118.79561,120.11668,0.8002442628501232,0.79982316,0.80164617,-0.00013425556176904183,0.0003625777158221131,0.0014111372
adaptive_line,22,0.011058,0.00028503452400005513,119.80661570024574,118.71721,120.12236,0.8002614004422607,0.79981565,0.80175191,-0.00014360820868918926,0.0003843367495027026,0.0014916917
adaptive_line,23,0.011561,0.0002993767860000329,119.79394653562643,118.63865,120.12798,0.8002786857002462,0.7998082,0.80185795,-0.0001530378612405405,0.00040614918283931185,0.0015723099
adaptive_line,24,0.012064,0.00031372353800004915,119.78132675675678,118.55993,120.13352,0.8002957422850128,0.79980075,0.80196428,-0.00016243389162972976,0.0004276921515051597,0.001652971
adaptive_line,25,0.012566,0.000328092510000072,119.76864022113033,118.51263,120.13905,0.8003126824815722,0.7997933,0.80202818,-0.00017188095224889436,0.00044968320035528237,0.0017013759
adaptive_line,26,0.013069,0.00034240977200006295,119.75639545454516,118.51263,120.14458,0.8003289745208837,0.79978585,0.80202818,-0.0001809996115830467,0.00047119636066732186,0.0017013759
adaptive_line,27,0.013572,0.0003567586310000703,119.74304663390656,118.51263,120.15015,0.8003468088206396,0.7997784,0.80202818,-0.00019094126762972982,0.0004952246861882067,0.0019313599
adaptive_line,28,0.014074,0.00037112035099998164,119.73084142506139,118.45659,120.15575,0.8003632126535637,0.79977095,0.80210394,-0.00020003466765675676,0.0005165728810899264,0.0020016232
adaptive_line,29,0.014577,0.00038544558700004394,119.71866479115482,118.3905,120.16135,0.800379661056511,0.7997635,0.80219328,-0.00020910991889017195,0.0005378282763184268,0.0020553451
adaptive_line,30,0.015079,0.0003998054700000975,119.70647481572475,118.32471,120.16696,0.800396134103195,0.79975605,0.80228227,-0.00021819669302530715,0.0005590321472619165,0.0021087818
adaptive_line,31,0.015582,0.00041411175300001823,119.69438982801013,118.25927,120.17255,0.8004124231203918,0.7997486,0.80237085,-0.0002272098349712531,0.0005799580476206388,0.0021619385
adaptive_line,32,0.016085,0.0004284563440001832,119.68228309582318,118.19416,120.17812,0.8004286721867333,0.79974115,0.80245894,-0.00023623958504004903,0.0006009592900530715,0.002214819
adaptive_line,33,0.016587,0.00044275084500014494,119.67003560196594,118.12943,120.18369,0.8004450961179367,0.7997337,0.80254668,-0.00024537838316044216,0.0006220751964314496,0.002267431
adaptive_line,34,0.01709,0.00045708638300001603,119.65794088452087,118.06507,120.18926,0.8004613283292386,0.79972625,0.80263388,-0.00025440453902530704,0.0006430477195297298,0.0023197876
adaptive_line,35,0.017593,0.00047139373999999234,119.64593776412784,118.0011,120.19483,0.8004774714496309,0.7997188,0.80272061,-0.0002633663928754299,0.0006637947702520881,0.0023719012
adaptive_line,36,0.018095,0.0004857236600000481,119.63395098280112,117.93754,120.2004,0.8004936204422614,0.79971135,0.80280685,-0.0002723184364454544,0.000684499608812285,0.0024237814
half_speed_adaptive_line,0,0.0,0.0,120.0,120.0,120.0,0.8000000100000014,0.80000001,0.80000001,0.0,0.0,0.0
half_speed_adaptive_line,1,0.001005,1.5109332800189446e-06,119.9996064619164,119.99577,120.00291,0.8000390239312032,0.79996556,0.80005389,-2.915151909828012e-07,6.562952708108108e-07,6.722873e-06
half_speed_adaptive_line,2,0.002011,1.1261225000142039e-05,119.9908289926291,119.95752,120.01431,0.800033204594595,0.79997474,0.80008006,-6.793049258459459e-06,1.3995444504520891e-05,6.6119523e-05
half_speed_adaptive_line,3,0.003016,2.4330325600063762e-05,119.98031624078611,119.8932,120.01224,0.8000289858968056,0.79995018,0.80017197,-1.4583502476191644e-05,3.0392033363390687e-05,0.000142497
half_speed_adaptive_line,4,0.004022,3.8348695400036714e-05,119.96880066339078,119.81504,120.01894,0.8000493476658482,0.79995006,0.80027837,-2.3119057598034408e-05,4.708406361769042e-05,0.00022616846
half_speed_adaptive_line,5,0.005027,5.253344770014823e-05,119.95550599508576,119.73115,120.02302,0.8000696347665851,0.79994917,0.80039185,-3.297565223366092e-05,6.57898032476658e-05,0.00031151713
half_speed_adaptive_line,6,0.006032,6.617994800006688e-05,119.94195253071241,119.64512,120.02794,0.8000793178132685,0.79993886,0.80050749,-4.30280386563882e-05,8.535974795685507e-05,0.00039720425
half_speed_adaptive_line,7,0.007038,7.907632899997741e-05,119.92901665847666,119.56046,120.03478,0.8000952755282555,0.79992646,0.8006199,-5.2626204458255536e-05,0.00010628516439705161,0.00048203653
half_speed_adaptive_line,8,0.008043,9.125712100002681e-05,119.91515513513491,119.47768,120.04214,0.8001183228009824,0.79991698,0.80072999,-6.291157446162163e-05,0.0001289717113646192,0.0005664624
half_speed_adaptive_line,9,0.009048,0.00010300805600008123,119.90050400491393,119.39477,120.04937,0.8001378982309593,0.79990751,0.80084115,-7.378598041560193e-05,0.00015161814886997544,0.00065146218
half_speed_adaptive_line,10,0.010054,0.00011475488200005102,119.88601390663398,119.31097,120.05665,0.8001557664619162,0.7998969,0.80095363,-8.454520231373464e-05,0.00017377023078476642,0.00073713559
half_speed_adaptive_line,11,0.011059,0.00012652667200005463,119.87160847665854,119.22655,120.06364,0.8001760516216222,0.79988766,0.80106711,-9.524448867098287e-05,0.00019545252843562657,0.00082327065
half_speed_adaptive_line,12,0.012064,0.0001383109500001367,119.85732375921361,119.14123,120.07026,0.8001958475675686,0.79987913,0.80118215,-0.00010585818327297299,0.00021737406914299748,0.00090975483
half_speed_adaptive_line,13,0.01307,0.00015027962800007177,119.84314628992605,119.05523,120.07697,0.8002139497297301,0.79986936,0.80129814,-0.00011639636798820642,0.000239263615463882,0.00099617499
half_speed_adaptive_line,14,0.014075,0.0001623398580000157,119.82939592137608,118.96964,120.08389,0.8002320066093366,0.79985934,0.8014133,-0.00012662054127076167,0.0002607332810963145,0.0010819146
half_speed_adaptive_line,15,0.015081,0.0001744796150000838,119.81559938574965,118.88515,120.09072,0.800250821842752,0.79985017,0.8015269,-0.00013688228070786243,0.0002823114783936117,0.0011667034
half_speed_adaptive_line,16,0.016086,0.00018652841900015926,119.80188857493867,118.80169,120.09746,0.8002691390663373,0.79984123,0.80163926,-0.00014708062975257984,0.0003038815557729728,0.0012506123
half_speed_adaptive_line,17,0.017091,0.0001985894650001485,119.78832800982791,118.71912,120.10417,0.8002870222604419,0.79983228,0.80175054,-0.00015717117456142513,0.00032532292170417686,0.0013336908
half_speed_adaptive_line,18,0.018097,0.0002106557500000661,119.77473999999998,118.63747,120.11088,0.8003052466584776,0.79982334,0.80186063,-0.00016728539118009828,0.0003468373698159705,0.0014159284
half_speed_adaptive_line,19,0.019002,0.00022152804700012463,119.76258144963128,118.56476,120.11685,0.8003216730712523,0.7998153,0.80195868,-0.00017633880393660954,0.0003661154794877148,0.0014892503
half_speed_adaptive_line,20,0.020007,0.00023357398800008533,119.74902864864853,118.48476,120.12342,0.8003398043734636,0.79980636,0.80206668,-0.0001864316425778871,0.00038760458859582307,0.0015699815
half_speed_adaptive_line,21,0.021012,0.0002455693650001145,119.73560122850122,118.40562,120.12998,0.8003577335380849,0.79979742,0.80217355,-0.00019643493641056508,0.0004089565111847665,0.0016499287
half_speed_adaptive_line,22,0.022018,0.0002576810500000415,119.72213879606889,118.32735,120.13652,0.8003758057739558,0.79978848,0.80227935,-0.0002064684585007372,0.0004303809605385746,0.0017290978
half_speed_adaptive_line,23,0.023023,0.0002696672700000513,119.70876294840323,118.24992,120.14301,0.8003937807371011,0.79977983,0.80238402,-0.00021643955328992635,0.00045170548332972975,0.0018075325
half_speed_adaptive_line,24,0.024028,0.0002817607299999969,119.69533029484019,118.17329,120.14944,0.800411787518429,0.79977149,0.80248773,-0.00022645694231547913,0.0004731159781528255,0.0018852779
half_speed_adaptive_line,25,0.025034,0.00029374563000006404,119.6819847174447,118.09737,120.15585,0.8004296719656014,0.79976314,0.80259055,-0.00023641183731965609,0.0004944203678800978,0.0019623621
half_speed_adaptive_line,26,0.026039,0.0003057647199999902,119.66856700245698,118.02219,120.16226,0.8004476860442256,0.7997548,0.80269241,-0.0002464223987572482,0.0005158252158113021,0.0020388123
half_speed_adaptive_line,27,0.027045,0.0003178211300000622,119.65514717444705,117.94768,120.16861,0.8004657068550374,0.79974645,0.80279344,-0.00025643739143562657,0.0005372297764501231,0.0021146615
half_speed_adaptive_line,28,0.02805,0.000329857290000124,119.64173238329253,117.87383,120.17494,0.8004837354791147,0.79973811,0.80289364,-0.00026645129377051585,0.0005586315177211298,0.0021899412
half_speed_adaptive_line,29,0.029055,0.0003418553499999477,119.6283284029484,117.8006,120.18127,0.8005017661670754,0.79972976,0.802993,-0.00027646069115601975,0.000580025476840541,0.0022646829
half_speed_adaptive_line,30,0.030061,0.00035383762000004704,119.6149352825554,117.72794,120.18753,0.8005197766339066,0.79972142,0.8030917,-0.00028646315851941004,0.0006014095284245698,0.0023389186
half_speed_adaptive_line,31,0.031066,0.0003658656500001023,119.60150142506112,117.65584,120.19379,0.8005378581818193,0.79971308,0.80318969,-0.000296498639454791,0.0006229757369439798,0.0024126761
half_speed_adaptive_line,32,0.032071,0.0003778703500000036,119.58804606879607,117.58425,120.20004,0.8005559819656017,0.79970473,0.80328703,-0.0003065543519169532,0.000644488025953317,0.0024859833
half_speed_adaptive_line,33,0.033077,0.0003899228200000826,119.57446027027014,117.51316,120.20626,0.8005742784029486,0.79969639,0.80338377,-0.0003167113302454547,0.0006661541450417695,0.0025588691
half_speed_adaptive_line,34,0.034082,0.0004018844000000521,119.56049638820645,117.44254,120.21244,0.8005931113267817,0.79968804,0.80347997,-0.0003271513397243244,0.000688322212180344,0.0026313625
half_speed_adaptive_line,35,0.035088,0.0004138962800000201,119.54646142506164,117.37234,120.21862,0.8006120334643738,0.7996797,0.80357563,-0.0003376472493125309,0.0007105899044022115,0.0027034911
half_speed_adaptive_line,36,0.036093,0.00042589967000003504,119.53243157248168,117.30253,120.2248,0.8006309492383269,0.79967135,0.80367082,-0.0003481423016707617,0.000732856274453809,0.0027752805
quarter_speed_line,0,0.0,0.0,120.0,120.0,120.0,0.8000000100000014,0.80000001,0.80000001,0.0,0.0,0.0
quarter_speed_line,1,0.002011,3.812653000118127e-06,119.98959417690409,119.95415,120.0,0.8000412924324332,0.79999048,0.80009687,-7.708095693046684e-06,9.955607522948403e-06,4.447444e-05
quarter_speed_line,2,0.004022,1.5030805299992567e-05,119.97364336609344,119.86581,120.00423,0.8000472289189188,0.79996985,0.80021292,-1.9527883357690423e-05,2.79266169022113e-05,0.00013549582
quarter_speed_line,3,0.006032,2.8994677000043767e-05,119.96023675675701,119.78175,120.00468,0.800060016609336,0.79996234,0.80032825,-2.946526143223588e-05,4.3860090668796076e-05,0.00021593302
quarter_speed_line,4,0.008043,4.119874499997067e-05,119.94847199017218,119.71786,120.00875,0.8000752027027034,0.79996181,0.80040759,-3.818850477604423e-05,6.0514561457248136e-05,0.00027879103
quarter_speed_line,5,0.010054,5.130004200007421e-05,119.93369705159706,119.66128,120.01476,0.8000928823832922,0.79995245,0.8004809,-4.91446499289435e-05,8.22348121746929e-05,0.00034014951
quarter_speed_line,6,0.012065,6.025658100011766e-05,119.9179296560197,119.59704,120.02047,0.8001165988943486,0.79994506,0.80056876,-6.084023982533167e-05,0.00010473325588599507,0.00040989733
quarter_speed_line,7,0.014076,6.954547800003263e-05,119.90233459459465,119.52651,120.02598,0.8001369048648651,0.79993534,0.80066478,-7.24117317184275e-05,0.00012632472529793606,0.00048279614
quarter_speed_line,8,0.016086,7.954466900009227e-05,119.88803051597039,119.45909,120.03107,0.8001557582555282,0.79992849,0.80075485,-8.302981198756758e-05,0.00014669616879879613,0.00055214198
quarter_speed_line,9,0.018097,8.986287000009585e-05,119.87396036855041,119.39503,120.03649,0.800174199410321,0.79992062,0.8008402,-9.347653032132674e-05,0.00016723732943845217,0.00061848725
quarter_speed_line,10,0.020007,9.954720700006137e-05,119.86009429975441,119.33602,120.04183,0.8001925018427531,0.79991323,0.80091912,-0.00010377562458221132,0.00018755344817690414,0.00068000873
quarter_speed_line,11,0.022018,0.00010957486500012825,119.84541371007364,119.27494,120.04753,0.8002121507125302,0.79990488,0.80100065,-0.00011468232321530704,0.0002091479683515969,0.00074398238
quarter_speed_line,12,0.024029,0.00011960010400005605,119.83062867321881,119.21421,120.05318,0.8002318825552828,0.79989684,0.80108172,-0.00012566820444707375,0.00023096463823205405,0.00080779812
quarter_speed_line,13,0.02604,0.00012966731200006465,119.81586169533186,119.15357,120.05882,0.8002516631203938,0.79988968,0.80116278,-0.00013664383353464375,0.00025279165931228504,0.00087143778
quarter_speed_line,14,0.028051,0.00013972509800008748,119.80114135135159,119.09323,120.06447,0.8002713597543004,0.79988253,0.80124384,-0.00014758785955921373,0.0002745825132874695,0.0009347726
quarter_speed_line,15,0.030061,0.00014975966100005955,119.78647083538095,119.03325,120.07011,0.8002909703439804,0.79987538,0.80132467,-0.0001584962662879606,0.00029633631568574926,0.00099776383
quarter_speed_line,16,0.032072,0.00015986085000002648,119.77184095823107,118.97361,120.07576,0.80031055041769,0.79986823,0.80140454,-0.00016937839105896803,0.00031807271117199,0.0010604453
quarter_speed_line,17,0.034083,0.00016994186000013345,119.75723449631458,118.91422,120.08141,0.8003300910319416,0.79986107,0.80148441,-0.00018024870223766593,0.0003398111284274202,0.0011229267
quarter_speed_line,18,0.036094,0.0001800027700001039,119.7426558230959,118.855,120.08705,0.8003496490909079,0.79985392,0.80156428,-0.00019110752521348903,0.00036157124996901715,0.0011853115
quarter_speed_line,19,0.038004,0.0001895249600000759,119.72882203931229,118.79877,120.09241,0.8003682248157248,0.79984713,0.80164015,-0.00020141245612515977,0.0003822540991926286,0.001244514
quarter_speed_line,20,0.040015,0.00019964951000012165,119.71428049140044,118.73974,120.09806,0.8003877265601966,0.79983997,0.80172002,-0.00021224831896707606,0.0004040110980680589,0.0013067159
quarter_speed_line,21,0.042026,0.00020968725000000688,119.69975972972976,118.68085,120.10371,0.800407187837838,0.79983282,0.80179989,-0.00022307369826167064,0.00042575816349385727,0.0013687881
quarter_speed_line,22,0.044036,0.00021978764000007978,119.68525285012286,118.62211,120.10935,0.800426643710073,0.79982567,0.80187863,-0.00023388951449842779,0.0004475060677214987,0.0014307778
quarter_speed_line,23,0.046047,0.00022988323000003308,119.67075329238321,118.56341,120.115,0.8004460946928746,0.79981852,0.80195731,-0.00024470006382948416,0.0004692647062002456,0.0014927214
quarter_speed_line,24,0.048058,0.00023990658000003218,119.65626769041779,118.50481,120.12064,0.8004655228501222,0.79981136,0.80203599,-0.0002555064726810811,0.0004910192614103199,0.0015546262
quarter_speed_line,25,0.050069,0.00025000751000009425,119.64178538083534,118.44622,120.12629,0.8004849282555283,0.79980421,0.80211467,-0.0002663105712737101,0.0005127716885520881,0.0016164884
quarter_speed_line,26,0.05208,0.00026009435000001746,119.62730216216215,118.38775,120.13194,0.8005043783292383,0.79979706,0.80219334,-0.00027711761575208854,0.0005345298583800986,0.0016783276
quarter_speed_line,27,0.05409,0.00027017755000011134,119.61282471744471,118.32931,120.13758,0.8005238147911545,0.79978991,0.80227202,-0.00028792339079312045,0.0005562866899936121,0.001740162
quarter_speed_line,28,0.056001,0.00027974202000000115,119.59907800982799,118.27379,120.14294,0.8005422900737102,0.79978311,0.80234677,-0.0002981890267302212,0.0005769569509845203,0.0017989126
quarter_speed_line,29,0.058011,0.0002898281600000052,119.58461968058987,118.21535,120.14859,0.800561728353809,0.79977596,0.80242544,-0.00030899490754742034,0.000598715187585749,0.0018607712
quarter_speed_line,30,0.060022,0.00029990174000016356,119.57016371007369,118.15691,120.15411,0.8005811688206385,0.79976881,0.80250412,-0.000319799892132678,0.0006204725908078624,0.0019226422
quarter_speed_line,31,0.062033,0.00030990302000002967,119.55570233415217,118.09846,120.15961,0.8006006264373474,0.79976165,0.8025828,-0.0003306106956869778,0.0006422362079965604,0.0019845245
quarter_speed_line,32,0.064044,0.0003199703100001394,119.54124265356282,118.04002,120.1651,0.80062010076167,0.7997545,0.80266148,-0.0003414240563980343,0.0006640028052825554,0.0020464212
quarter_speed_line,33,0.066055,0.00033003470000000923,119.52679093366099,117.98158,120.17059,0.8006395748402946,0.79974735,0.80274016,-0.0003522372287823095,0.0006857684884154793,0.0021083376
quarter_speed_line,34,0.068065,0.00034010718000007656,119.51234093366108,117.92314,120.17609,0.8006590447174452,0.7997402,0.80281883,-0.000363052308907125,0.0007075369297953315,0.0021702719
quarter_speed_line,35,0.070076,0.0003501673100000935,119.49789882063881,117.8647,120.18158,0.8006785188943489,0.79973304,0.80289829,-0.00037386838962088424,0.0007293063807896805,0.0022322291
quarter_speed_line,36,0.072087,0.0003602242600000971,119.48345668304668,117.80626,120.18713,0.8006979929238329,0.79972589,0.80297816,-0.0003846846453027027,0.0007510759974773949,0.0022942086
