case,part,time,region,status_-8,status_-7,status_-6,status_-5,status_-4,status_-3,status_-2,status_-1,status_0,status_1,status_2
baseline,0,0.0,edge,0,0,0,0,0,0,0,0,112,0,0
baseline,0,0.0,lateral_boundary,0,0,0,0,0,0,0,0,196,0,0
baseline,0,0.0,bottom_cap_zone,0,0,0,0,0,0,0,0,18,0,0
baseline,0,0.0,interior,0,0,0,0,0,0,0,0,63,0,0
baseline,0,0.0,top_cap_zone,0,0,0,0,0,0,0,0,18,0,0
baseline,1,0.000503,edge,0,0,0,0,0,0,0,0,112,0,0
baseline,1,0.000503,lateral_boundary,0,0,0,0,0,0,0,0,196,0,0
baseline,1,0.000503,bottom_cap_zone,0,0,0,0,0,0,0,0,18,0,0
baseline,1,0.000503,interior,0,0,0,0,0,0,0,0,63,0,0
baseline,1,0.000503,top_cap_zone,0,0,0,0,0,0,0,0,18,0,0
baseline,2,0.001005,edge,0,0,0,0,0,4,0,28,8,72,0
baseline,2,0.001005,lateral_boundary,0,0,0,0,0,0,0,24,136,36,0
baseline,2,0.001005,bottom_cap_zone,0,0,0,0,0,0,0,8,10,0,0
baseline,2,0.001005,interior,0,0,0,0,0,0,0,32,7,24,0
baseline,2,0.001005,top_cap_zone,0,0,0,0,0,0,0,0,0,18,0
baseline,3,0.001508,edge,0,0,0,0,0,0,0,56,0,56,0
baseline,3,0.001508,lateral_boundary,0,0,0,0,0,0,0,48,120,28,0
baseline,3,0.001508,bottom_cap_zone,0,0,0,0,0,0,0,18,0,0,0
baseline,3,0.001508,interior,0,0,0,0,0,0,0,35,0,28,0
baseline,3,0.001508,top_cap_zone,0,0,0,0,0,0,0,0,0,18,0
baseline,4,0.002011,edge,0,0,0,0,0,0,0,56,0,56,0
baseline,4,0.002011,lateral_boundary,0,0,0,0,0,4,0,8,144,40,0
baseline,4,0.002011,bottom_cap_zone,0,0,0,0,0,0,0,18,0,0,0
baseline,4,0.002011,interior,0,0,0,0,0,0,0,4,32,27,0
baseline,4,0.002011,top_cap_zone,0,0,0,0,0,0,0,0,0,18,0
baseline,5,0.002513,edge,0,0,0,0,0,0,0,40,12,60,0
baseline,5,0.002513,lateral_boundary,0,0,0,0,0,0,0,0,128,68,0
baseline,5,0.002513,bottom_cap_zone,0,0,0,0,0,0,0,0,9,9,0
baseline,5,0.002513,interior,0,0,0,0,0,0,0,0,36,27,0
baseline,5,0.002513,top_cap_zone,0,0,0,0,0,0,0,0,0,18,0
baseline,6,0.003016,edge,0,0,0,0,0,0,0,0,56,56,0
baseline,6,0.003016,lateral_boundary,0,0,0,0,0,0,0,0,120,76,0
baseline,6,0.003016,bottom_cap_zone,0,0,0,0,0,0,0,0,18,0,0
baseline,6,0.003016,interior,0,0,0,0,0,4,0,0,36,23,0
baseline,6,0.003016,top_cap_zone,0,0,0,0,0,0,0,0,0,18,0
baseline,7,0.003519,edge,0,0,0,0,0,0,0,0,56,56,0
baseline,7,0.003519,lateral_boundary,0,0,0,0,0,0,0,0,100,96,0
baseline,7,0.003519,bottom_cap_zone,0,0,0,0,0,0,0,0,18,0,0
baseline,7,0.003519,interior,0,0,0,0,0,0,0,0,36,27,0
baseline,7,0.003519,top_cap_zone,0,0,0,0,0,4,0,0,0,14,0
baseline,8,0.004021,edge,0,0,0,0,0,0,0,0,32,80,0
baseline,8,0.004021,lateral_boundary,0,0,0,0,0,0,0,0,80,116,0
baseline,8,0.004021,bottom_cap_zone,0,0,0,0,0,0,0,0,0,18,0
baseline,8,0.004021,interior,0,0,0,0,0,0,0,0,28,35,0
baseline,8,0.004021,top_cap_zone,0,0,0,0,0,1,0,0,0,17,0
baseline,9,0.004524,edge,0,0,0,0,0,0,0,0,0,112,0
baseline,9,0.004524,lateral_boundary,0,0,0,0,0,0,0,0,56,140,0
baseline,9,0.004524,bottom_cap_zone,0,0,0,0,0,0,0,0,0,18,0
baseline,9,0.004524,interior,0,0,0,0,0,0,0,0,3,60,0
baseline,9,0.004524,top_cap_zone,0,0,0,0,0,0,0,0,0,18,0
baseline,10,0.005027,edge,0,0,0,0,0,0,0,0,0,112,0
baseline,10,0.005027,lateral_boundary,0,0,0,0,0,0,0,0,16,180,0
baseline,10,0.005027,bottom_cap_zone,0,0,0,0,0,0,0,0,0,18,0
baseline,10,0.005027,interior,0,0,0,0,0,0,0,0,2,61,0
baseline,10,0.005027,top_cap_zone,0,0,0,0,0,0,0,0,0,18,0
baseline,11,0.005529,edge,0,0,0,0,0,0,0,0,0,112,0
baseline,11,0.005529,lateral_boundary,0,0,0,0,0,0,0,0,0,196,0
baseline,11,0.005529,bottom_cap_zone,0,0,0,0,0,0,0,0,0,18,0
baseline,11,0.005529,interior,0,0,0,0,0,0,0,0,1,62,0
baseline,11,0.005529,top_cap_zone,0,0,0,0,0,0,0,0,0,18,0
baseline,12,0.006032,edge,0,0,0,0,0,0,0,0,0,112,0
baseline,12,0.006032,lateral_boundary,0,0,0,0,0,0,0,0,0,196,0
baseline,12,0.006032,bottom_cap_zone,0,0,0,0,0,0,0,0,0,18,0
baseline,12,0.006032,interior,0,0,0,0,0,0,0,0,0,63,0
baseline,12,0.006032,top_cap_zone,0,0,0,0,0,0,0,0,0,18,0
baseline,13,0.006535,edge,0,0,0,0,0,0,0,0,0,112,0
baseline,13,0.006535,lateral_boundary,0,0,0,0,0,0,0,0,0,196,0
baseline,13,0.006535,bottom_cap_zone,0,0,0,0,0,0,0,0,0,18,0
baseline,13,0.006535,interior,0,0,0,0,0,0,0,0,2,61,0
baseline,13,0.006535,top_cap_zone,0,0,0,0,0,0,0,0,0,18,0
baseline,14,0.007037,edge,0,0,0,0,0,0,0,0,0,112,0
baseline,14,0.007037,lateral_boundary,0,0,0,0,0,0,0,0,0,196,0
baseline,14,0.007037,bottom_cap_zone,0,0,0,0,0,0,0,0,0,18,0
baseline,14,0.007037,interior,0,0,0,0,0,4,0,0,2,57,0
baseline,14,0.007037,top_cap_zone,0,0,0,0,0,0,0,0,0,18,0
baseline,15,0.00754,edge,0,0,0,0,0,0,0,4,0,108,0
baseline,15,0.00754,lateral_boundary,0,0,0,0,0,0,0,0,0,196,0
baseline,15,0.00754,bottom_cap_zone,0,0,0,0,0,0,0,0,0,18,0
baseline,15,0.00754,interior,0,0,0,0,0,0,0,0,2,61,0
baseline,15,0.00754,top_cap_zone,0,0,0,0,0,0,0,0,0,18,0
baseline,16,0.008043,edge,0,0,0,0,0,0,0,4,0,108,0
baseline,16,0.008043,lateral_boundary,0,0,0,0,0,0,0,0,0,196,0
baseline,16,0.008043,bottom_cap_zone,0,0,0,0,0,0,0,0,0,18,0
baseline,16,0.008043,interior,0,0,0,0,0,4,0,0,2,57,0
baseline,16,0.008043,top_cap_zone,0,0,0,0,0,0,0,0,0,18,0
baseline,17,0.008545,edge,0,0,0,0,0,0,0,4,0,108,0
baseline,17,0.008545,lateral_boundary,0,0,0,0,0,0,0,0,0,196,0
baseline,17,0.008545,bottom_cap_zone,0,0,0,0,0,0,0,0,0,18,0
baseline,17,0.008545,interior,0,0,0,0,0,0,0,0,2,61,0
baseline,17,0.008545,top_cap_zone,0,0,0,0,0,0,0,0,0,18,0
baseline,18,0.009048,edge,0,0,0,0,0,0,0,4,0,108,0
baseline,18,0.009048,lateral_boundary,0,0,0,0,0,0,0,0,0,196,0
baseline,18,0.009048,bottom_cap_zone,0,0,0,0,0,0,0,0,0,18,0
baseline,18,0.009048,interior,0,0,0,0,0,0,0,0,6,57,0
baseline,18,0.009048,top_cap_zone,0,0,0,0,0,0,0,0,0,18,0
baseline,19,0.009551,edge,0,0,0,0,0,0,0,4,0,108,0
baseline,19,0.009551,lateral_boundary,0,0,0,0,0,0,0,0,0,196,0
baseline,19,0.009551,bottom_cap_zone,0,0,0,0,0,4,0,0,0,14,0
baseline,19,0.009551,interior,0,0,0,0,0,0,0,0,6,57,0
baseline,19,0.009551,top_cap_zone,0,0,0,0,0,0,0,0,0,18,0
baseline,20,0.010053,edge,0,0,0,0,0,0,0,0,0,112,0
baseline,20,0.010053,lateral_boundary,0,0,0,0,0,0,0,0,0,196,0
baseline,20,0.010053,bottom_cap_zone,0,0,0,0,0,0,0,0,0,18,0
baseline,20,0.010053,interior,0,0,0,0,0,0,0,0,6,57,0
baseline,20,0.010053,top_cap_zone,0,0,0,0,0,0,0,0,0,18,0
baseline,21,0.010556,edge,0,0,0,0,0,8,0,0,0,104,0
baseline,21,0.010556,lateral_boundary,0,0,0,0,0,0,0,0,0,196,0
baseline,21,0.010556,bottom_cap_zone,0,0,0,0,0,0,0,0,0,18,0
baseline,21,0.010556,interior,0,0,0,0,0,0,0,0,2,61,0
baseline,21,0.010556,top_cap_zone,0,0,0,0,0,0,0,0,0,18,0
baseline,22,0.011059,edge,0,0,0,0,0,0,0,0,0,112,0
baseline,22,0.011059,lateral_boundary,0,0,0,0,0,0,0,0,0,196,0
baseline,22,0.011059,bottom_cap_zone,0,0,0,0,0,0,0,0,0,18,0
baseline,22,0.011059,interior,0,0,0,0,0,0,0,0,2,61,0
baseline,22,0.011059,top_cap_zone,0,0,0,0,0,0,0,0,0,18,0
baseline,23,0.011561,edge,0,0,0,0,0,0,0,0,0,112,0
baseline,23,0.011561,lateral_boundary,0,0,0,0,0,0,0,0,0,196,0
baseline,23,0.011561,bottom_cap_zone,0,0,0,0,0,1,0,0,0,17,0
baseline,23,0.011561,interior,0,0,0,0,0,0,0,0,2,61,0
baseline,23,0.011561,top_cap_zone,0,0,0,0,0,0,0,0,0,18,0
baseline,24,0.012064,edge,0,0,0,0,0,0,0,0,0,112,0
baseline,24,0.012064,lateral_boundary,0,0,0,0,0,0,0,0,0,196,0
baseline,24,0.012064,bottom_cap_zone,0,0,0,0,0,0,0,0,0,18,0
baseline,24,0.012064,interior,0,0,0,0,0,4,0,0,2,57,0
baseline,24,0.012064,top_cap_zone,0,0,0,0,0,0,0,0,0,18,0
baseline,25,0.012566,edge,0,0,0,0,0,0,0,0,0,112,0
baseline,25,0.012566,lateral_boundary,0,0,0,0,0,0,0,0,0,192,0
baseline,25,0.012566,bottom_cap_zone,0,0,0,0,0,0,0,0,0,18,0
baseline,25,0.012566,interior,0,0,0,0,0,0,0,0,2,65,0
baseline,25,0.012566,top_cap_zone,0,0,0,0,0,0,0,0,0,18,0
baseline,26,0.013069,edge,0,0,0,0,0,0,0,0,0,112,0
baseline,26,0.013069,lateral_boundary,0,0,0,0,0,0,0,0,0,192,0
baseline,26,0.013069,bottom_cap_zone,0,0,0,0,0,0,0,0,0,18,0
baseline,26,0.013069,interior,0,0,0,0,0,0,0,0,2,65,0
baseline,26,0.013069,top_cap_zone,0,0,0,0,0,0,0,0,0,18,0
baseline,27,0.013572,edge,0,0,0,0,0,0,0,0,0,112,0
baseline,27,0.013572,lateral_boundary,0,0,0,0,0,0,0,0,0,192,0
baseline,27,0.013572,bottom_cap_zone,0,0,0,0,0,0,0,0,0,18,0
baseline,27,0.013572,interior,0,0,0,0,0,0,0,0,2,65,0
baseline,27,0.013572,top_cap_zone,0,0,0,0,0,0,0,0,0,18,0
baseline,28,0.014074,edge,0,0,0,0,0,0,0,0,0,112,0
baseline,28,0.014074,lateral_boundary,0,0,0,0,0,0,0,0,0,192,0
baseline,28,0.014074,bottom_cap_zone,0,0,0,0,0,0,0,0,0,18,0
baseline,28,0.014074,interior,0,0,0,0,0,0,0,0,2,65,0
baseline,28,0.014074,top_cap_zone,0,0,0,0,0,0,0,0,0,18,0
baseline,29,0.014577,edge,0,0,0,0,0,0,0,0,0,112,0
baseline,29,0.014577,lateral_boundary,0,0,0,0,0,0,0,0,0,192,0
baseline,29,0.014577,bottom_cap_zone,0,0,0,0,0,0,0,0,0,18,0
baseline,29,0.014577,interior,0,0,0,0,0,4,0,0,2,61,0
baseline,29,0.014577,top_cap_zone,0,0,0,0,0,0,0,0,0,18,0
baseline,30,0.01508,edge,0,0,0,0,0,0,0,0,0,112,0
baseline,30,0.01508,lateral_boundary,0,0,0,0,0,0,0,0,0,192,0
baseline,30,0.01508,bottom_cap_zone,0,0,0,0,0,0,0,0,0,18,0
baseline,30,0.01508,interior,0,0,0,0,0,0,0,0,2,65,0
baseline,30,0.01508,top_cap_zone,0,0,0,0,0,0,0,0,0,18,0
baseline,31,0.015582,edge,0,0,0,0,0,0,0,0,0,112,0
baseline,31,0.015582,lateral_boundary,0,0,0,0,0,0,0,0,0,192,0
baseline,31,0.015582,bottom_cap_zone,0,0,0,0,0,1,0,0,0,17,0
baseline,31,0.015582,interior,0,0,0,0,0,0,0,0,2,65,0
baseline,31,0.015582,top_cap_zone,0,0,0,0,0,0,0,0,0,18,0
baseline,32,0.016085,edge,0,0,0,0,0,0,0,0,0,112,0
baseline,32,0.016085,lateral_boundary,0,0,0,0,0,0,0,0,0,192,0
baseline,32,0.016085,bottom_cap_zone,0,0,0,0,0,4,0,0,0,14,0
baseline,32,0.016085,interior,0,0,0,0,0,0,0,0,2,65,0
baseline,32,0.016085,top_cap_zone,0,0,0,0,0,1,0,0,0,17,0
baseline,33,0.016588,edge,0,0,0,0,0,0,0,0,0,112,0
baseline,33,0.016588,lateral_boundary,0,0,0,0,0,0,0,0,0,192,0
baseline,33,0.016588,bottom_cap_zone,0,0,0,0,0,1,0,0,0,17,0
baseline,33,0.016588,interior,0,0,0,0,0,0,0,0,2,65,0
baseline,33,0.016588,top_cap_zone,0,0,0,0,0,0,0,0,0,18,0
baseline,34,0.01709,edge,0,0,0,0,0,0,0,0,0,112,0
baseline,34,0.01709,lateral_boundary,0,0,0,0,0,0,0,0,0,192,0
baseline,34,0.01709,bottom_cap_zone,0,0,0,0,0,5,0,0,0,13,0
baseline,34,0.01709,interior,0,0,0,0,0,4,0,0,2,61,0
baseline,34,0.01709,top_cap_zone,0,0,0,0,0,0,0,0,0,18,0
baseline,35,0.017593,edge,0,0,0,0,0,0,0,0,0,112,0
baseline,35,0.017593,lateral_boundary,0,0,0,0,0,0,0,0,0,192,0
baseline,35,0.017593,bottom_cap_zone,0,0,0,0,0,0,0,0,0,18,0
baseline,35,0.017593,interior,0,0,0,0,0,0,0,0,2,65,0
baseline,35,0.017593,top_cap_zone,0,0,0,0,0,0,0,0,0,18,0
baseline,36,0.018096,edge,0,0,0,0,0,0,0,0,0,112,0
baseline,36,0.018096,lateral_boundary,0,0,0,0,0,0,0,0,0,192,0
baseline,36,0.018096,bottom_cap_zone,0,0,0,0,0,4,0,0,0,14,0
baseline,36,0.018096,interior,0,0,0,0,0,4,0,0,2,61,0
baseline,36,0.018096,top_cap_zone,0,0,0,0,0,0,0,0,0,18,0
admissible_line,0,0.0,edge,0,0,0,0,0,0,0,0,112,0,0
admissible_line,0,0.0,lateral_boundary,0,0,0,0,0,0,0,0,196,0,0
admissible_line,0,0.0,bottom_cap_zone,0,0,0,0,0,0,0,0,18,0,0
admissible_line,0,0.0,interior,0,0,0,0,0,0,0,0,63,0,0
admissible_line,0,0.0,top_cap_zone,0,0,0,0,0,0,0,0,18,0,0
admissible_line,1,0.000503,edge,0,0,0,0,0,0,0,0,112,0,0
admissible_line,1,0.000503,lateral_boundary,0,0,0,0,0,0,0,0,196,0,0
admissible_line,1,0.000503,bottom_cap_zone,0,0,0,0,0,0,0,0,18,0,0
admissible_line,1,0.000503,interior,0,0,0,0,0,0,0,0,63,0,0
admissible_line,1,0.000503,top_cap_zone,0,0,0,0,0,0,0,0,18,0,0
admissible_line,2,0.001005,edge,0,0,0,0,0,4,0,28,8,72,0
admissible_line,2,0.001005,lateral_boundary,0,0,0,0,0,0,0,24,136,36,0
admissible_line,2,0.001005,bottom_cap_zone,0,0,0,0,0,0,0,8,10,0,0
admissible_line,2,0.001005,interior,0,0,0,0,0,0,0,32,7,24,0
admissible_line,2,0.001005,top_cap_zone,0,0,0,0,0,0,0,0,0,18,0
admissible_line,3,0.001508,edge,0,0,0,0,0,0,0,56,0,56,0
admissible_line,3,0.001508,lateral_boundary,0,0,0,0,0,0,0,48,120,28,0
admissible_line,3,0.001508,bottom_cap_zone,0,0,0,0,0,0,0,18,0,0,0
admissible_line,3,0.001508,interior,0,0,0,0,0,0,0,35,0,28,0
admissible_line,3,0.001508,top_cap_zone,0,0,0,0,0,0,0,0,0,18,0
admissible_line,4,0.002011,edge,0,0,0,0,0,0,0,56,0,56,0
admissible_line,4,0.002011,lateral_boundary,0,0,0,0,0,4,0,8,144,40,0
admissible_line,4,0.002011,bottom_cap_zone,0,0,0,0,0,0,0,18,0,0,0
admissible_line,4,0.002011,interior,0,0,0,0,0,0,0,4,32,27,0
admissible_line,4,0.002011,top_cap_zone,0,0,0,0,0,0,0,0,0,18,0
admissible_line,5,0.002513,edge,0,0,0,0,0,0,0,40,12,60,0
admissible_line,5,0.002513,lateral_boundary,0,0,0,0,0,0,0,0,128,68,0
admissible_line,5,0.002513,bottom_cap_zone,0,0,0,0,0,0,0,0,9,9,0
admissible_line,5,0.002513,interior,0,0,0,0,0,0,0,0,36,27,0
admissible_line,5,0.002513,top_cap_zone,0,0,0,0,0,0,0,0,0,18,0
admissible_line,6,0.003016,edge,0,0,0,0,0,0,0,0,56,56,0
admissible_line,6,0.003016,lateral_boundary,0,0,0,0,0,0,0,0,120,76,0
admissible_line,6,0.003016,bottom_cap_zone,0,0,0,0,0,0,0,0,18,0,0
admissible_line,6,0.003016,interior,0,0,0,0,0,4,0,0,36,23,0
admissible_line,6,0.003016,top_cap_zone,0,0,0,0,0,0,0,0,0,18,0
admissible_line,7,0.003519,edge,0,0,0,0,0,0,0,0,56,56,0
admissible_line,7,0.003519,lateral_boundary,0,0,0,0,0,0,0,0,100,96,0
admissible_line,7,0.003519,bottom_cap_zone,0,0,0,0,0,0,0,0,18,0,0
admissible_line,7,0.003519,interior,0,0,0,0,0,0,0,0,36,27,0
admissible_line,7,0.003519,top_cap_zone,0,0,0,0,0,4,0,0,0,14,0
admissible_line,8,0.004021,edge,0,0,0,0,0,0,0,0,32,80,0
admissible_line,8,0.004021,lateral_boundary,0,0,0,0,0,0,0,0,80,116,0
admissible_line,8,0.004021,bottom_cap_zone,0,0,0,0,0,0,0,0,0,18,0
admissible_line,8,0.004021,interior,0,0,0,0,0,0,0,0,28,35,0
admissible_line,8,0.004021,top_cap_zone,0,0,0,0,0,1,0,0,0,17,0
admissible_line,9,0.004524,edge,0,0,0,0,0,0,0,0,0,112,0
admissible_line,9,0.004524,lateral_boundary,0,0,0,0,0,0,0,0,56,140,0
admissible_line,9,0.004524,bottom_cap_zone,0,0,0,0,0,0,0,0,0,18,0
admissible_line,9,0.004524,interior,0,0,0,0,0,0,0,0,3,60,0
admissible_line,9,0.004524,top_cap_zone,0,0,0,0,0,0,0,0,0,18,0
admissible_line,10,0.005027,edge,0,0,0,0,0,0,0,0,0,112,0
admissible_line,10,0.005027,lateral_boundary,0,0,0,0,0,0,0,0,16,180,0
admissible_line,10,0.005027,bottom_cap_zone,0,0,0,0,0,0,0,0,0,18,0
admissible_line,10,0.005027,interior,0,0,0,0,0,0,0,0,2,61,0
admissible_line,10,0.005027,top_cap_zone,0,0,0,0,0,0,0,0,0,18,0
admissible_line,11,0.005529,edge,0,0,0,0,0,0,0,0,0,112,0
admissible_line,11,0.005529,lateral_boundary,0,0,0,0,0,0,0,0,0,196,0
admissible_line,11,0.005529,bottom_cap_zone,0,0,0,0,0,0,0,0,0,18,0
admissible_line,11,0.005529,interior,0,0,0,0,0,0,0,0,1,62,0
admissible_line,11,0.005529,top_cap_zone,0,0,0,0,0,0,0,0,0,18,0
admissible_line,12,0.006032,edge,0,0,0,0,0,0,0,0,0,112,0
admissible_line,12,0.006032,lateral_boundary,0,0,0,0,0,0,0,0,0,196,0
admissible_line,12,0.006032,bottom_cap_zone,0,0,0,0,0,0,0,0,0,18,0
admissible_line,12,0.006032,interior,0,0,0,0,0,0,0,0,0,63,0
admissible_line,12,0.006032,top_cap_zone,0,0,0,0,0,0,0,0,0,18,0
admissible_line,13,0.006535,edge,0,0,0,0,0,0,0,0,0,112,0
admissible_line,13,0.006535,lateral_boundary,0,0,0,0,0,0,0,0,0,196,0
admissible_line,13,0.006535,bottom_cap_zone,0,0,0,0,0,0,0,0,0,18,0
admissible_line,13,0.006535,interior,0,0,0,0,0,0,0,0,2,61,0
admissible_line,13,0.006535,top_cap_zone,0,0,0,0,0,0,0,0,0,18,0
admissible_line,14,0.007037,edge,0,0,0,0,0,0,0,0,0,112,0
admissible_line,14,0.007037,lateral_boundary,0,0,0,0,0,0,0,0,0,196,0
admissible_line,14,0.007037,bottom_cap_zone,0,0,0,0,0,0,0,0,0,18,0
admissible_line,14,0.007037,interior,0,0,0,0,0,4,0,0,2,57,0
admissible_line,14,0.007037,top_cap_zone,0,0,0,0,0,0,0,0,0,18,0
admissible_line,15,0.00754,edge,0,0,0,0,0,0,0,4,0,108,0
admissible_line,15,0.00754,lateral_boundary,0,0,0,0,0,0,0,0,0,196,0
admissible_line,15,0.00754,bottom_cap_zone,0,0,0,0,0,0,0,0,0,18,0
admissible_line,15,0.00754,interior,0,0,0,0,0,0,0,0,2,61,0
admissible_line,15,0.00754,top_cap_zone,0,0,0,0,0,0,0,0,0,18,0
admissible_line,16,0.008043,edge,0,0,0,0,0,0,0,4,0,108,0
admissible_line,16,0.008043,lateral_boundary,0,0,0,0,0,0,0,0,0,196,0
admissible_line,16,0.008043,bottom_cap_zone,0,0,0,0,0,0,0,0,0,18,0
admissible_line,16,0.008043,interior,0,0,0,0,0,4,0,0,2,57,0
admissible_line,16,0.008043,top_cap_zone,0,0,0,0,0,0,0,0,0,18,0
admissible_line,17,0.008545,edge,0,0,0,0,0,0,0,4,0,108,0
admissible_line,17,0.008545,lateral_boundary,0,0,0,0,0,0,0,0,0,196,0
admissible_line,17,0.008545,bottom_cap_zone,0,0,0,0,0,0,0,0,0,18,0
admissible_line,17,0.008545,interior,0,0,0,0,0,0,0,0,2,61,0
admissible_line,17,0.008545,top_cap_zone,0,0,0,0,0,0,0,0,0,18,0
admissible_line,18,0.009048,edge,0,0,0,0,0,0,0,4,0,108,0
admissible_line,18,0.009048,lateral_boundary,0,0,0,0,0,0,0,0,0,196,0
admissible_line,18,0.009048,bottom_cap_zone,0,0,0,0,0,0,0,0,0,18,0
admissible_line,18,0.009048,interior,0,0,0,0,0,0,0,0,6,57,0
admissible_line,18,0.009048,top_cap_zone,0,0,0,0,0,0,0,0,0,18,0
admissible_line,19,0.009551,edge,0,0,0,0,0,0,0,4,0,108,0
admissible_line,19,0.009551,lateral_boundary,0,0,0,0,0,0,0,0,0,196,0
admissible_line,19,0.009551,bottom_cap_zone,0,0,0,0,0,4,0,0,0,14,0
admissible_line,19,0.009551,interior,0,0,0,0,0,0,0,0,6,57,0
admissible_line,19,0.009551,top_cap_zone,0,0,0,0,0,0,0,0,0,18,0
admissible_line,20,0.010053,edge,0,0,0,0,0,0,0,0,0,112,0
admissible_line,20,0.010053,lateral_boundary,0,0,0,0,0,0,0,0,0,196,0
admissible_line,20,0.010053,bottom_cap_zone,0,0,0,0,0,0,0,0,0,18,0
admissible_line,20,0.010053,interior,0,0,0,0,0,0,0,0,6,57,0
admissible_line,20,0.010053,top_cap_zone,0,0,0,0,0,0,0,0,0,18,0
admissible_line,21,0.010556,edge,0,0,0,0,0,8,0,0,0,104,0
admissible_line,21,0.010556,lateral_boundary,0,0,0,0,0,0,0,0,0,196,0
admissible_line,21,0.010556,bottom_cap_zone,0,0,0,0,0,0,0,0,0,18,0
admissible_line,21,0.010556,interior,0,0,0,0,0,0,0,0,2,61,0
admissible_line,21,0.010556,top_cap_zone,0,0,0,0,0,0,0,0,0,18,0
admissible_line,22,0.011059,edge,0,0,0,0,0,0,0,0,0,112,0
admissible_line,22,0.011059,lateral_boundary,0,0,0,0,0,0,0,0,0,196,0
admissible_line,22,0.011059,bottom_cap_zone,0,0,0,0,0,0,0,0,0,18,0
admissible_line,22,0.011059,interior,0,0,0,0,0,0,0,0,2,61,0
admissible_line,22,0.011059,top_cap_zone,0,0,0,0,0,0,0,0,0,18,0
admissible_line,23,0.011561,edge,0,0,0,0,0,0,0,0,0,112,0
admissible_line,23,0.011561,lateral_boundary,0,0,0,0,0,0,0,0,0,196,0
admissible_line,23,0.011561,bottom_cap_zone,0,0,0,0,0,1,0,0,0,17,0
admissible_line,23,0.011561,interior,0,0,0,0,0,0,0,0,2,61,0
admissible_line,23,0.011561,top_cap_zone,0,0,0,0,0,0,0,0,0,18,0
admissible_line,24,0.012064,edge,0,0,0,0,0,0,0,0,0,112,0
admissible_line,24,0.012064,lateral_boundary,0,0,0,0,0,0,0,0,0,196,0
admissible_line,24,0.012064,bottom_cap_zone,0,0,0,0,0,0,0,0,0,18,0
admissible_line,24,0.012064,interior,0,0,0,0,0,4,0,0,2,57,0
admissible_line,24,0.012064,top_cap_zone,0,0,0,0,0,0,0,0,0,18,0
admissible_line,25,0.012566,edge,0,0,0,0,0,0,0,0,0,112,0
admissible_line,25,0.012566,lateral_boundary,0,0,0,0,0,0,0,0,0,192,0
admissible_line,25,0.012566,bottom_cap_zone,0,0,0,0,0,0,0,0,0,18,0
admissible_line,25,0.012566,interior,0,0,0,0,0,0,0,0,2,65,0
admissible_line,25,0.012566,top_cap_zone,0,0,0,0,0,0,0,0,0,18,0
admissible_line,26,0.013069,edge,0,0,0,0,0,0,0,0,0,112,0
admissible_line,26,0.013069,lateral_boundary,0,0,0,0,0,0,0,0,0,192,0
admissible_line,26,0.013069,bottom_cap_zone,0,0,0,0,0,0,0,0,0,18,0
admissible_line,26,0.013069,interior,0,0,0,0,0,0,0,0,2,65,0
admissible_line,26,0.013069,top_cap_zone,0,0,0,0,0,0,0,0,0,18,0
admissible_line,27,0.013572,edge,0,0,0,0,0,0,0,0,0,112,0
admissible_line,27,0.013572,lateral_boundary,0,0,0,0,0,0,0,0,0,192,0
admissible_line,27,0.013572,bottom_cap_zone,0,0,0,0,0,0,0,0,0,18,0
admissible_line,27,0.013572,interior,0,0,0,0,0,0,0,0,2,65,0
admissible_line,27,0.013572,top_cap_zone,0,0,0,0,0,0,0,0,0,18,0
admissible_line,28,0.014074,edge,0,0,0,0,0,0,0,0,0,112,0
admissible_line,28,0.014074,lateral_boundary,0,0,0,0,0,0,0,0,0,192,0
admissible_line,28,0.014074,bottom_cap_zone,0,0,0,0,0,0,0,0,0,18,0
admissible_line,28,0.014074,interior,0,0,0,0,0,0,0,0,2,65,0
admissible_line,28,0.014074,top_cap_zone,0,0,0,0,0,0,0,0,0,18,0
admissible_line,29,0.014577,edge,0,0,0,0,0,0,0,0,0,112,0
admissible_line,29,0.014577,lateral_boundary,0,0,0,0,0,0,0,0,0,192,0
admissible_line,29,0.014577,bottom_cap_zone,0,0,0,0,0,0,0,0,0,18,0
admissible_line,29,0.014577,interior,0,0,0,0,0,4,0,0,2,61,0
admissible_line,29,0.014577,top_cap_zone,0,0,0,0,0,0,0,0,0,18,0
admissible_line,30,0.01508,edge,0,0,0,0,0,0,0,0,0,112,0
admissible_line,30,0.01508,lateral_boundary,0,0,0,0,0,0,0,0,0,192,0
admissible_line,30,0.01508,bottom_cap_zone,0,0,0,0,0,0,0,0,0,18,0
admissible_line,30,0.01508,interior,0,0,0,0,0,0,0,0,2,65,0
admissible_line,30,0.01508,top_cap_zone,0,0,0,0,0,0,0,0,0,18,0
admissible_line,31,0.015582,edge,0,0,0,0,0,0,0,0,0,112,0
admissible_line,31,0.015582,lateral_boundary,0,0,0,0,0,0,0,0,0,192,0
admissible_line,31,0.015582,bottom_cap_zone,0,0,0,0,0,1,0,0,0,17,0
admissible_line,31,0.015582,interior,0,0,0,0,0,0,0,0,2,65,0
admissible_line,31,0.015582,top_cap_zone,0,0,0,0,0,0,0,0,0,18,0
admissible_line,32,0.016085,edge,0,0,0,0,0,0,0,0,0,112,0
admissible_line,32,0.016085,lateral_boundary,0,0,0,0,0,0,0,0,0,192,0
admissible_line,32,0.016085,bottom_cap_zone,0,0,0,0,0,4,0,0,0,14,0
admissible_line,32,0.016085,interior,0,0,0,0,0,0,0,0,2,65,0
admissible_line,32,0.016085,top_cap_zone,0,0,0,0,0,1,0,0,0,17,0
admissible_line,33,0.016588,edge,0,0,0,0,0,0,0,0,0,112,0
admissible_line,33,0.016588,lateral_boundary,0,0,0,0,0,0,0,0,0,192,0
admissible_line,33,0.016588,bottom_cap_zone,0,0,0,0,0,1,0,0,0,17,0
admissible_line,33,0.016588,interior,0,0,0,0,0,0,0,0,2,65,0
admissible_line,33,0.016588,top_cap_zone,0,0,0,0,0,0,0,0,0,18,0
admissible_line,34,0.01709,edge,0,0,0,0,0,0,0,0,0,112,0
admissible_line,34,0.01709,lateral_boundary,0,0,0,0,0,0,0,0,0,192,0
admissible_line,34,0.01709,bottom_cap_zone,0,0,0,0,0,5,0,0,0,13,0
admissible_line,34,0.01709,interior,0,0,0,0,0,4,0,0,2,61,0
admissible_line,34,0.01709,top_cap_zone,0,0,0,0,0,0,0,0,0,18,0
admissible_line,35,0.017593,edge,0,0,0,0,0,0,0,0,0,112,0
admissible_line,35,0.017593,lateral_boundary,0,0,0,0,0,0,0,0,0,192,0
admissible_line,35,0.017593,bottom_cap_zone,0,0,0,0,0,0,0,0,0,18,0
admissible_line,35,0.017593,interior,0,0,0,0,0,0,0,0,2,65,0
admissible_line,35,0.017593,top_cap_zone,0,0,0,0,0,0,0,0,0,18,0
admissible_line,36,0.018096,edge,0,0,0,0,0,0,0,0,0,112,0
admissible_line,36,0.018096,lateral_boundary,0,0,0,0,0,0,0,0,0,192,0
admissible_line,36,0.018096,bottom_cap_zone,0,0,0,0,0,4,0,0,0,14,0
admissible_line,36,0.018096,interior,0,0,0,0,0,4,0,0,2,61,0
admissible_line,36,0.018096,top_cap_zone,0,0,0,0,0,0,0,0,0,18,0
adaptive_line,0,0.0,edge,0,0,0,0,0,0,0,0,112,0,0
adaptive_line,0,0.0,lateral_boundary,0,0,0,0,0,0,0,0,196,0,0
adaptive_line,0,0.0,bottom_cap_zone,0,0,0,0,0,0,0,0,18,0,0
adaptive_line,0,0.0,interior,0,0,0,0,0,0,0,0,63,0,0
adaptive_line,0,0.0,top_cap_zone,0,0,0,0,0,0,0,0,18,0,0
adaptive_line,1,0.000503,edge,0,0,0,0,0,0,0,0,112,0,0
adaptive_line,1,0.000503,lateral_boundary,0,0,0,0,0,0,0,0,196,0,0
adaptive_line,1,0.000503,bottom_cap_zone,0,0,0,0,0,0,0,0,18,0,0
adaptive_line,1,0.000503,interior,0,0,0,0,0,0,0,0,63,0,0
adaptive_line,1,0.000503,top_cap_zone,0,0,0,0,0,0,0,0,18,0,0
adaptive_line,2,0.001005,edge,0,0,0,0,0,4,0,28,8,72,0
adaptive_line,2,0.001005,lateral_boundary,0,0,0,0,0,0,0,24,136,36,0
adaptive_line,2,0.001005,bottom_cap_zone,0,0,0,0,0,0,0,8,10,0,0
adaptive_line,2,0.001005,interior,0,0,0,0,0,0,0,32,7,24,0
adaptive_line,2,0.001005,top_cap_zone,0,0,0,0,0,0,0,0,0,18,0
adaptive_line,3,0.001508,edge,0,0,0,0,0,0,0,56,0,56,0
adaptive_line,3,0.001508,lateral_boundary,0,0,0,0,0,0,0,0,140,56,0
adaptive_line,3,0.001508,bottom_cap_zone,0,0,0,0,0,0,0,18,0,0,0
adaptive_line,3,0.001508,interior,0,0,0,0,0,0,0,0,4,59,0
adaptive_line,3,0.001508,top_cap_zone,0,0,0,0,0,0,0,0,0,18,0
adaptive_line,4,0.002011,edge,0,0,0,0,0,0,0,24,0,88,0
adaptive_line,4,0.002011,lateral_boundary,0,0,0,0,0,0,0,0,148,48,0
adaptive_line,4,0.002011,bottom_cap_zone,0,0,0,0,0,0,0,9,0,9,0
adaptive_line,4,0.002011,interior,0,0,0,0,0,0,0,0,36,27,0
adaptive_line,4,0.002011,top_cap_zone,0,0,0,0,0,0,0,0,0,18,0
adaptive_line,5,0.002513,edge,0,0,0,0,0,0,0,8,0,104,0
adaptive_line,5,0.002513,lateral_boundary,0,0,0,0,0,4,0,0,128,64,0
adaptive_line,5,0.002513,bottom_cap_zone,0,0,0,0,0,0,0,0,5,13,0
adaptive_line,5,0.002513,interior,0,0,0,0,0,4,0,0,36,23,0
adaptive_line,5,0.002513,top_cap_zone,0,0,0,0,0,0,0,0,0,18,0
adaptive_line,6,0.003016,edge,0,0,0,0,0,0,0,0,0,112,0
adaptive_line,6,0.003016,lateral_boundary,0,0,0,0,0,0,0,0,120,76,0
adaptive_line,6,0.003016,bottom_cap_zone,0,0,0,0,0,0,0,0,6,12,0
adaptive_line,6,0.003016,interior,0,0,0,0,0,4,0,0,36,23,0
adaptive_line,6,0.003016,top_cap_zone,0,0,0,0,0,8,0,0,0,10,0
adaptive_line,7,0.003519,edge,0,0,0,0,0,0,0,0,0,112,0
adaptive_line,7,0.003519,lateral_boundary,0,0,0,0,0,0,0,0,100,96,0
adaptive_line,7,0.003519,bottom_cap_zone,0,0,0,0,0,0,0,0,0,18,0
adaptive_line,7,0.003519,interior,0,0,0,0,0,4,0,0,36,23,0
adaptive_line,7,0.003519,top_cap_zone,0,0,0,0,0,4,0,0,0,14,0
adaptive_line,8,0.004021,edge,0,0,0,0,0,0,0,0,0,112,0
adaptive_line,8,0.004021,lateral_boundary,0,0,0,0,0,8,0,0,68,120,0
adaptive_line,8,0.004021,bottom_cap_zone,0,0,0,0,0,0,0,0,0,18,0
adaptive_line,8,0.004021,interior,0,0,0,0,0,0,0,0,28,35,0
adaptive_line,8,0.004021,top_cap_zone,0,0,0,0,0,0,0,0,0,18,0
adaptive_line,9,0.004524,edge,0,0,0,0,0,0,0,0,0,112,0
adaptive_line,9,0.004524,lateral_boundary,0,0,0,0,0,4,0,0,56,136,0
adaptive_line,9,0.004524,bottom_cap_zone,0,0,0,0,0,0,0,0,0,18,0
adaptive_line,9,0.004524,interior,0,0,0,0,0,5,0,0,15,43,0
adaptive_line,9,0.004524,top_cap_zone,0,0,0,0,0,0,0,0,0,18,0
adaptive_line,10,0.005027,edge,0,0,0,0,0,0,0,0,0,112,0
adaptive_line,10,0.005027,lateral_boundary,0,0,0,0,0,0,0,0,32,164,0
adaptive_line,10,0.005027,bottom_cap_zone,0,0,0,0,0,0,0,0,0,18,0
adaptive_line,10,0.005027,interior,0,0,0,0,0,8,0,0,3,52,0
adaptive_line,10,0.005027,top_cap_zone,0,0,0,0,0,0,0,0,0,18,0
adaptive_line,11,0.005529,edge,0,0,0,0,0,0,0,0,0,112,0
adaptive_line,11,0.005529,lateral_boundary,0,0,0,0,0,0,0,0,0,196,0
adaptive_line,11,0.005529,bottom_cap_zone,0,0,0,0,0,4,0,0,0,14,0
adaptive_line,11,0.005529,interior,0,0,0,0,0,4,0,0,3,56,0
adaptive_line,11,0.005529,top_cap_zone,0,0,0,0,0,0,0,0,0,18,0
adaptive_line,12,0.006032,edge,0,0,0,0,0,0,0,0,0,112,0
adaptive_line,12,0.006032,lateral_boundary,0,0,0,0,0,0,0,0,0,196,0
adaptive_line,12,0.006032,bottom_cap_zone,0,0,0,0,0,4,0,0,0,14,0
adaptive_line,12,0.006032,interior,0,0,0,0,0,8,0,0,2,53,0
adaptive_line,12,0.006032,top_cap_zone,0,0,0,0,0,0,0,0,0,18,0
adaptive_line,13,0.006535,edge,0,0,0,0,0,4,0,0,0,108,0
adaptive_line,13,0.006535,lateral_boundary,0,0,0,0,0,0,0,0,0,196,0
adaptive_line,13,0.006535,bottom_cap_zone,0,0,0,0,0,4,0,0,0,14,0
adaptive_line,13,0.006535,interior,0,0,0,0,0,8,0,0,2,53,0
adaptive_line,13,0.006535,top_cap_zone,0,0,0,0,0,0,0,0,0,14,4
adaptive_line,14,0.007037,edge,0,0,0,0,0,0,0,0,0,112,0
adaptive_line,14,0.007037,lateral_boundary,0,0,0,0,0,0,0,0,0,196,0
adaptive_line,14,0.007037,bottom_cap_zone,0,0,0,0,0,0,0,0,0,18,0
adaptive_line,14,0.007037,interior,0,0,0,0,0,9,0,0,2,52,0
adaptive_line,14,0.007037,top_cap_zone,0,0,0,0,0,0,0,0,0,18,0
adaptive_line,15,0.00754,edge,0,0,0,0,0,0,0,4,0,108,0
adaptive_line,15,0.00754,lateral_boundary,0,0,0,0,0,0,0,0,0,196,0
adaptive_line,15,0.00754,bottom_cap_zone,0,0,0,0,0,1,0,0,0,17,0
adaptive_line,15,0.00754,interior,0,0,0,0,0,9,0,0,2,52,0
adaptive_line,15,0.00754,top_cap_zone,0,0,0,0,0,0,0,0,0,18,0
adaptive_line,16,0.008043,edge,0,0,0,0,0,0,0,4,0,108,0
adaptive_line,16,0.008043,lateral_boundary,0,0,0,0,0,0,0,0,0,196,0
adaptive_line,16,0.008043,bottom_cap_zone,0,0,0,0,0,1,0,0,0,17,0
adaptive_line,16,0.008043,interior,0,0,0,0,0,4,0,0,2,57,0
adaptive_line,16,0.008043,top_cap_zone,0,0,0,0,0,4,0,0,0,14,0
adaptive_line,17,0.008545,edge,0,0,0,0,0,0,0,4,0,108,0
adaptive_line,17,0.008545,lateral_boundary,0,0,0,0,0,0,0,0,0,196,0
adaptive_line,17,0.008545,bottom_cap_zone,0,0,0,0,0,1,0,0,0,17,0
adaptive_line,17,0.008545,interior,0,0,0,0,0,0,0,0,2,61,0
adaptive_line,17,0.008545,top_cap_zone,0,0,0,0,0,4,0,0,0,14,0
adaptive_line,18,0.009048,edge,0,0,0,0,0,0,0,4,0,108,0
adaptive_line,18,0.009048,lateral_boundary,0,0,0,0,0,0,0,0,0,196,0
adaptive_line,18,0.009048,bottom_cap_zone,0,0,0,0,0,5,0,0,0,13,0
adaptive_line,18,0.009048,interior,0,0,0,0,0,0,0,0,6,57,0
adaptive_line,18,0.009048,top_cap_zone,0,0,0,0,0,4,0,0,0,14,0
adaptive_line,19,0.00955,edge,0,0,0,0,0,0,0,4,0,108,0
adaptive_line,19,0.00955,lateral_boundary,0,0,0,0,0,0,0,0,0,196,0
adaptive_line,19,0.00955,bottom_cap_zone,0,0,0,0,0,4,0,0,0,14,0
adaptive_line,19,0.00955,interior,0,0,0,0,0,5,0,0,6,52,0
adaptive_line,19,0.00955,top_cap_zone,0,0,0,0,0,0,0,0,0,14,4
adaptive_line,20,0.010053,edge,0,0,0,0,0,0,0,4,0,108,0
adaptive_line,20,0.010053,lateral_boundary,0,0,0,0,0,0,0,0,0,196,0
adaptive_line,20,0.010053,bottom_cap_zone,0,0,0,0,0,0,0,0,0,18,0
adaptive_line,20,0.010053,interior,0,0,0,0,0,4,0,0,6,49,4
adaptive_line,20,0.010053,top_cap_zone,0,0,0,0,0,0,0,0,0,18,0
adaptive_line,21,0.010556,edge,0,0,0,0,0,0,0,4,0,108,0
adaptive_line,21,0.010556,lateral_boundary,0,0,0,0,0,0,0,0,0,192,0
adaptive_line,21,0.010556,bottom_cap_zone,0,0,0,0,0,0,0,0,0,18,0
adaptive_line,21,0.010556,interior,0,0,0,0,0,0,0,0,2,65,0
adaptive_line,21,0.010556,top_cap_zone,0,0,0,0,0,0,0,0,0,18,0
adaptive_line,22,0.011058,edge,0,0,0,0,0,0,0,4,0,108,0
adaptive_line,22,0.011058,lateral_boundary,0,0,0,0,0,0,0,0,0,192,0
adaptive_line,22,0.011058,bottom_cap_zone,0,0,0,0,0,1,0,0,0,17,0
adaptive_line,22,0.011058,interior,0,0,0,0,0,0,0,0,2,65,0
adaptive_line,22,0.011058,top_cap_zone,0,0,0,0,0,0,0,0,0,18,0
adaptive_line,23,0.011561,edge,0,0,0,0,0,0,0,4,0,108,0
adaptive_line,23,0.011561,lateral_boundary,0,0,0,0,0,0,0,0,0,192,0
adaptive_line,23,0.011561,bottom_cap_zone,0,0,0,0,0,1,0,0,0,17,0
adaptive_line,23,0.011561,interior,0,0,0,0,0,0,0,0,2,65,0
adaptive_line,23,0.011561,top_cap_zone,0,0,0,0,0,0,0,0,0,18,0
adaptive_line,24,0.012064,edge,0,0,0,0,0,0,0,4,0,108,0
adaptive_line,24,0.012064,lateral_boundary,0,0,0,0,0,0,0,0,0,192,0
adaptive_line,24,0.012064,bottom_cap_zone,0,0,0,0,0,1,0,0,0,17,0
adaptive_line,24,0.012064,interior,0,0,0,0,0,4,0,0,2,61,0
adaptive_line,24,0.012064,top_cap_zone,0,0,0,0,0,0,0,0,0,18,0
adaptive_line,25,0.012566,edge,0,0,0,0,0,0,0,8,0,104,0
adaptive_line,25,0.012566,lateral_boundary,0,0,0,0,0,0,0,0,0,192,0
adaptive_line,25,0.012566,bottom_cap_zone,0,0,0,0,0,0,0,0,0,18,0
adaptive_line,25,0.012566,interior,0,0,0,0,0,4,0,0,2,61,0
adaptive_line,25,0.012566,top_cap_zone,0,0,0,0,0,4,0,0,0,14,0
adaptive_line,26,0.013069,edge,0,0,0,0,0,0,0,8,0,104,0
adaptive_line,26,0.013069,lateral_boundary,0,0,0,0,0,0,0,0,0,192,0
adaptive_line,26,0.013069,bottom_cap_zone,0,0,0,0,0,0,0,0,0,18,0
adaptive_line,26,0.013069,interior,0,0,0,0,0,4,0,0,2,61,0
adaptive_line,26,0.013069,top_cap_zone,0,0,0,0,0,4,0,0,0,14,0
adaptive_line,27,0.013572,edge,0,0,0,0,0,0,0,8,0,104,0
adaptive_line,27,0.013572,lateral_boundary,0,0,0,0,0,0,0,0,0,192,0
adaptive_line,27,0.013572,bottom_cap_zone,0,0,0,0,0,0,0,0,0,18,0
adaptive_line,27,0.013572,interior,0,0,0,0,0,0,0,0,2,65,0
adaptive_line,27,0.013572,top_cap_zone,0,0,0,0,0,0,0,0,0,14,4
adaptive_line,28,0.014074,edge,0,0,0,0,0,0,0,8,0,104,0
adaptive_line,28,0.014074,lateral_boundary,0,0,0,0,0,0,0,0,0,192,0
adaptive_line,28,0.014074,bottom_cap_zone,0,0,0,0,0,1,0,0,0,17,0
adaptive_line,28,0.014074,interior,0,0,0,0,0,0,0,0,2,65,0
adaptive_line,28,0.014074,top_cap_zone,0,0,0,0,0,0,0,0,0,18,0
adaptive_line,29,0.014577,edge,0,0,0,0,0,0,0,8,0,104,0
adaptive_line,29,0.014577,lateral_boundary,0,0,0,0,0,0,0,0,0,192,0
adaptive_line,29,0.014577,bottom_cap_zone,0,0,0,0,0,0,0,0,0,17,1
adaptive_line,29,0.014577,interior,0,0,0,0,0,0,0,0,2,65,0
adaptive_line,29,0.014577,top_cap_zone,0,0,0,0,0,1,0,0,0,17,0
adaptive_line,30,0.015079,edge,0,0,0,0,0,0,0,8,0,104,0
adaptive_line,30,0.015079,lateral_boundary,0,0,0,0,0,0,0,0,0,192,0
adaptive_line,30,0.015079,bottom_cap_zone,0,0,0,0,0,1,0,0,0,17,0
adaptive_line,30,0.015079,interior,0,0,0,0,0,0,0,0,2,65,0
adaptive_line,30,0.015079,top_cap_zone,0,0,0,0,0,1,0,0,0,17,0
adaptive_line,31,0.015582,edge,0,0,0,0,0,0,0,8,0,104,0
adaptive_line,31,0.015582,lateral_boundary,0,0,0,0,0,0,0,0,0,192,0
adaptive_line,31,0.015582,bottom_cap_zone,0,0,0,0,0,5,0,0,0,13,0
adaptive_line,31,0.015582,interior,0,0,0,0,0,0,0,0,2,65,0
adaptive_line,31,0.015582,top_cap_zone,0,0,0,0,0,1,0,0,0,17,0
adaptive_line,32,0.016085,edge,0,0,0,0,0,0,0,8,0,104,0
adaptive_line,32,0.016085,lateral_boundary,0,0,0,0,0,0,0,0,0,192,0
adaptive_line,32,0.016085,bottom_cap_zone,0,0,0,0,0,5,0,0,0,13,0
adaptive_line,32,0.016085,interior,0,0,0,0,0,0,0,0,2,65,0
adaptive_line,32,0.016085,top_cap_zone,0,0,0,0,0,0,0,0,0,18,0
adaptive_line,33,0.016587,edge,0,0,0,0,0,0,0,8,0,104,0
adaptive_line,33,0.016587,lateral_boundary,0,0,0,0,0,0,0,0,0,192,0
adaptive_line,33,0.016587,bottom_cap_zone,0,0,0,0,0,4,0,0,0,14,0
adaptive_line,33,0.016587,interior,0,0,0,0,0,0,0,0,2,65,0
adaptive_line,33,0.016587,top_cap_zone,0,0,0,0,0,0,0,0,0,18,0
adaptive_line,34,0.01709,edge,0,0,0,0,0,0,0,8,0,104,0
adaptive_line,34,0.01709,lateral_boundary,0,0,0,0,0,0,0,0,0,192,0
adaptive_line,34,0.01709,bottom_cap_zone,0,0,0,0,0,5,0,0,0,13,0
adaptive_line,34,0.01709,interior,0,0,0,0,0,0,0,0,2,65,0
adaptive_line,34,0.01709,top_cap_zone,0,0,0,0,0,0,0,0,0,18,0
adaptive_line,35,0.017593,edge,0,0,0,0,0,0,0,8,0,104,0
adaptive_line,35,0.017593,lateral_boundary,0,0,0,0,0,0,0,0,0,192,0
adaptive_line,35,0.017593,bottom_cap_zone,0,0,0,0,0,6,0,0,0,12,0
adaptive_line,35,0.017593,interior,0,0,0,0,0,4,0,0,2,61,0
adaptive_line,35,0.017593,top_cap_zone,0,0,0,0,0,0,0,0,0,18,0
adaptive_line,36,0.018095,edge,0,0,0,0,0,0,0,8,0,104,0
adaptive_line,36,0.018095,lateral_boundary,0,0,0,0,0,0,0,0,0,192,0
adaptive_line,36,0.018095,bottom_cap_zone,0,0,0,0,0,6,0,0,0,12,0
adaptive_line,36,0.018095,interior,0,0,0,0,0,4,0,0,2,61,0
adaptive_line,36,0.018095,top_cap_zone,0,0,0,0,0,0,0,0,0,18,0
half_speed_adaptive_line,0,0.0,edge,0,0,0,0,0,0,0,0,112,0,0
half_speed_adaptive_line,0,0.0,lateral_boundary,0,0,0,0,0,0,0,0,196,0,0
half_speed_adaptive_line,0,0.0,bottom_cap_zone,0,0,0,0,0,0,0,0,18,0,0
half_speed_adaptive_line,0,0.0,interior,0,0,0,0,0,0,0,0,63,0,0
half_speed_adaptive_line,0,0.0,top_cap_zone,0,0,0,0,0,0,0,0,18,0,0
half_speed_adaptive_line,1,0.001005,edge,0,0,0,0,0,0,0,28,24,60,0
half_speed_adaptive_line,1,0.001005,lateral_boundary,0,0,0,0,0,0,0,28,128,40,0
half_speed_adaptive_line,1,0.001005,bottom_cap_zone,0,0,0,0,0,0,0,8,10,0,0
half_speed_adaptive_line,1,0.001005,interior,0,0,0,0,0,0,0,36,7,20,0
half_speed_adaptive_line,1,0.001005,top_cap_zone,0,0,0,0,0,0,0,0,5,13,0
half_speed_adaptive_line,2,0.002011,edge,0,0,0,0,0,8,0,24,0,80,0
half_speed_adaptive_line,2,0.002011,lateral_boundary,0,0,0,0,0,0,0,0,156,40,0
half_speed_adaptive_line,2,0.002011,bottom_cap_zone,0,0,0,0,0,0,0,9,0,9,0
half_speed_adaptive_line,2,0.002011,interior,0,0,0,0,0,0,0,0,45,18,0
half_speed_adaptive_line,2,0.002011,top_cap_zone,0,0,0,0,0,0,0,0,0,18,0
half_speed_adaptive_line,3,0.003016,edge,0,0,0,0,0,0,0,0,0,112,0
half_speed_adaptive_line,3,0.003016,lateral_boundary,0,0,0,0,0,0,0,0,148,48,0
half_speed_adaptive_line,3,0.003016,bottom_cap_zone,0,0,0,0,0,0,0,0,10,8,0
half_speed_adaptive_line,3,0.003016,interior,0,0,0,0,0,0,0,0,45,18,0
half_speed_adaptive_line,3,0.003016,top_cap_zone,0,0,0,0,0,0,0,0,0,18,0
half_speed_adaptive_line,4,0.004022,edge,0,0,0,0,0,0,0,0,0,112,0
half_speed_adaptive_line,4,0.004022,lateral_boundary,0,0,0,0,0,0,0,0,128,68,0
half_speed_adaptive_line,4,0.004022,bottom_cap_zone,0,0,0,0,0,0,0,0,0,18,0
half_speed_adaptive_line,4,0.004022,interior,0,0,0,0,0,0,0,0,41,22,0
half_speed_adaptive_line,4,0.004022,top_cap_zone,0,0,0,0,0,0,0,0,0,18,0
half_speed_adaptive_line,5,0.005027,edge,0,0,0,0,0,0,0,0,0,112,0
half_speed_adaptive_line,5,0.005027,lateral_boundary,0,0,0,0,0,0,0,0,100,96,0
half_speed_adaptive_line,5,0.005027,bottom_cap_zone,0,0,0,0,0,0,0,0,0,18,0
half_speed_adaptive_line,5,0.005027,interior,0,0,0,0,0,0,0,0,36,27,0
half_speed_adaptive_line,5,0.005027,top_cap_zone,0,0,0,0,0,0,0,0,0,18,0
half_speed_adaptive_line,6,0.006032,edge,0,0,0,0,0,0,0,0,0,112,0
half_speed_adaptive_line,6,0.006032,lateral_boundary,0,0,0,0,0,0,0,0,92,104,0
half_speed_adaptive_line,6,0.006032,bottom_cap_zone,0,0,0,0,0,0,0,0,0,18,0
half_speed_adaptive_line,6,0.006032,interior,0,0,0,0,0,0,0,0,28,35,0
half_speed_adaptive_line,6,0.006032,top_cap_zone,0,0,0,0,0,0,0,0,0,18,0
half_speed_adaptive_line,7,0.007038,edge,0,0,0,0,0,0,0,0,0,112,0
half_speed_adaptive_line,7,0.007038,lateral_boundary,0,0,0,0,0,0,0,0,64,132,0
half_speed_adaptive_line,7,0.007038,bottom_cap_zone,0,0,0,0,0,0,0,0,0,18,0
half_speed_adaptive_line,7,0.007038,interior,0,0,0,0,0,0,0,0,28,35,0
half_speed_adaptive_line,7,0.007038,top_cap_zone,0,0,0,0,0,0,0,0,0,18,0
half_speed_adaptive_line,8,0.008043,edge,0,0,0,0,0,0,0,0,0,112,0
half_speed_adaptive_line,8,0.008043,lateral_boundary,0,0,0,0,0,0,0,0,44,152,0
half_speed_adaptive_line,8,0.008043,bottom_cap_zone,0,0,0,0,0,0,0,0,0,18,0
half_speed_adaptive_line,8,0.008043,interior,0,0,0,0,0,0,0,0,20,43,0
half_speed_adaptive_line,8,0.008043,top_cap_zone,0,0,0,0,0,0,0,0,0,18,0
half_speed_adaptive_line,9,0.009048,edge,0,0,0,0,0,0,0,0,0,112,0
half_speed_adaptive_line,9,0.009048,lateral_boundary,0,0,0,0,0,0,0,0,44,152,0
half_speed_adaptive_line,9,0.009048,bottom_cap_zone,0,0,0,0,0,4,0,0,0,14,0
half_speed_adaptive_line,9,0.009048,interior,0,0,0,0,0,0,0,0,36,27,0
half_speed_adaptive_line,9,0.009048,top_cap_zone,0,0,0,0,0,0,0,0,0,18,0
half_speed_adaptive_line,10,0.010054,edge,0,0,0,0,0,0,0,0,0,112,0
half_speed_adaptive_line,10,0.010054,lateral_boundary,0,0,0,0,0,0,0,0,36,160,0
half_speed_adaptive_line,10,0.010054,bottom_cap_zone,0,0,0,0,0,4,0,0,0,14,0
half_speed_adaptive_line,10,0.010054,interior,0,0,0,0,0,0,0,0,32,31,0
half_speed_adaptive_line,10,0.010054,top_cap_zone,0,0,0,0,0,2,0,0,0,16,0
half_speed_adaptive_line,11,0.011059,edge,0,0,0,0,0,0,0,0,0,112,0
half_speed_adaptive_line,11,0.011059,lateral_boundary,0,0,0,0,0,0,0,0,40,152,0
half_speed_adaptive_line,11,0.011059,bottom_cap_zone,0,0,0,0,0,0,0,0,0,18,0
half_speed_adaptive_line,11,0.011059,interior,0,0,0,0,0,0,0,0,20,47,0
half_speed_adaptive_line,11,0.011059,top_cap_zone,0,0,0,0,0,1,0,0,0,17,0
half_speed_adaptive_line,12,0.012064,edge,0,0,0,0,0,0,0,0,0,112,0
half_speed_adaptive_line,12,0.012064,lateral_boundary,0,0,0,0,0,0,0,0,28,164,0
half_speed_adaptive_line,12,0.012064,bottom_cap_zone,0,0,0,0,0,0,0,0,0,18,0
half_speed_adaptive_line,12,0.012064,interior,0,0,0,0,0,0,0,0,20,47,0
half_speed_adaptive_line,12,0.012064,top_cap_zone,0,0,0,0,0,0,0,0,0,18,0
half_speed_adaptive_line,13,0.01307,edge,0,0,0,0,0,8,0,0,0,104,0
half_speed_adaptive_line,13,0.01307,lateral_boundary,0,0,0,0,0,0,0,0,24,160,0
half_speed_adaptive_line,13,0.01307,bottom_cap_zone,0,0,0,0,0,0,0,0,0,18,0
half_speed_adaptive_line,13,0.01307,interior,0,0,0,0,0,0,0,0,24,51,0
half_speed_adaptive_line,13,0.01307,top_cap_zone,0,0,0,0,0,0,0,0,0,18,0
half_speed_adaptive_line,14,0.014075,edge,0,0,0,0,0,8,0,0,0,104,0
half_speed_adaptive_line,14,0.014075,lateral_boundary,0,0,0,0,0,0,0,0,16,168,0
half_speed_adaptive_line,14,0.014075,bottom_cap_zone,0,0,0,0,0,0,0,0,0,18,0
half_speed_adaptive_line,14,0.014075,interior,0,0,0,0,0,0,0,0,20,55,0
half_speed_adaptive_line,14,0.014075,top_cap_zone,0,0,0,0,0,0,0,0,0,18,0
half_speed_adaptive_line,15,0.015081,edge,0,0,0,0,0,0,0,0,0,112,0
half_speed_adaptive_line,15,0.015081,lateral_boundary,0,0,0,0,0,0,0,0,8,176,0
half_speed_adaptive_line,15,0.015081,bottom_cap_zone,0,0,0,0,0,0,0,0,0,18,0
half_speed_adaptive_line,15,0.015081,interior,0,0,0,0,0,0,0,0,20,55,0
half_speed_adaptive_line,15,0.015081,top_cap_zone,0,0,0,0,0,0,0,0,0,18,0
half_speed_adaptive_line,16,0.016086,edge,0,0,0,0,0,8,0,0,0,104,0
half_speed_adaptive_line,16,0.016086,lateral_boundary,0,0,0,0,0,0,0,0,0,184,0
half_speed_adaptive_line,16,0.016086,bottom_cap_zone,0,0,0,0,0,0,0,0,0,18,0
half_speed_adaptive_line,16,0.016086,interior,0,0,0,0,0,0,0,0,20,55,0
half_speed_adaptive_line,16,0.016086,top_cap_zone,0,0,0,0,0,0,0,0,0,18,0
half_speed_adaptive_line,17,0.017091,edge,0,0,0,0,0,8,0,0,0,104,0
half_speed_adaptive_line,17,0.017091,lateral_boundary,0,0,0,0,0,0,0,0,0,184,0
half_speed_adaptive_line,17,0.017091,bottom_cap_zone,0,0,0,0,0,0,0,0,0,18,0
half_speed_adaptive_line,17,0.017091,interior,0,0,0,0,0,0,0,0,20,55,0
half_speed_adaptive_line,17,0.017091,top_cap_zone,0,0,0,0,0,0,0,0,0,18,0
half_speed_adaptive_line,18,0.018097,edge,0,0,0,0,0,0,0,0,0,112,0
half_speed_adaptive_line,18,0.018097,lateral_boundary,0,0,0,0,0,0,0,0,0,180,0
half_speed_adaptive_line,18,0.018097,bottom_cap_zone,0,0,0,0,0,0,0,0,0,18,0
half_speed_adaptive_line,18,0.018097,interior,0,0,0,0,0,0,0,0,20,59,0
half_speed_adaptive_line,18,0.018097,top_cap_zone,0,0,0,0,0,0,0,0,0,18,0
half_speed_adaptive_line,19,0.019002,edge,0,0,0,0,0,8,0,0,0,104,0
half_speed_adaptive_line,19,0.019002,lateral_boundary,0,0,0,0,0,0,0,0,0,180,0
half_speed_adaptive_line,19,0.019002,bottom_cap_zone,0,0,0,0,0,0,0,0,0,18,0
half_speed_adaptive_line,19,0.019002,interior,0,0,0,0,0,0,0,0,20,59,0
half_speed_adaptive_line,19,0.019002,top_cap_zone,0,0,0,0,0,0,0,0,0,18,0
half_speed_adaptive_line,20,0.020007,edge,0,0,0,0,0,8,0,0,0,104,0
half_speed_adaptive_line,20,0.020007,lateral_boundary,0,0,0,0,0,0,0,0,0,176,0
half_speed_adaptive_line,20,0.020007,bottom_cap_zone,0,0,0,0,0,0,0,0,0,18,0
half_speed_adaptive_line,20,0.020007,interior,0,0,0,0,0,0,0,0,20,63,0
half_speed_adaptive_line,20,0.020007,top_cap_zone,0,0,0,0,0,0,0,0,0,18,0
half_speed_adaptive_line,21,0.021012,edge,0,0,0,0,0,8,0,0,0,104,0
half_speed_adaptive_line,21,0.021012,lateral_boundary,0,0,0,0,0,0,0,0,0,176,0
half_speed_adaptive_line,21,0.021012,bottom_cap_zone,0,0,0,0,0,0,0,0,0,18,0
half_speed_adaptive_line,21,0.021012,interior,0,0,0,0,0,0,0,0,20,63,0
half_speed_adaptive_line,21,0.021012,top_cap_zone,0,0,0,0,0,0,0,0,0,18,0
half_speed_adaptive_line,22,0.022018,edge,0,0,0,0,0,8,0,0,0,104,0
half_speed_adaptive_line,22,0.022018,lateral_boundary,0,0,0,0,0,0,0,0,0,176,0
half_speed_adaptive_line,22,0.022018,bottom_cap_zone,0,0,0,0,0,0,0,0,0,18,0
half_speed_adaptive_line,22,0.022018,interior,0,0,0,0,0,0,0,0,20,63,0
half_speed_adaptive_line,22,0.022018,top_cap_zone,0,0,0,0,0,0,0,0,0,18,0
half_speed_adaptive_line,23,0.023023,edge,0,0,0,0,0,8,0,0,0,104,0
half_speed_adaptive_line,23,0.023023,lateral_boundary,0,0,0,0,0,0,0,0,0,176,0
half_speed_adaptive_line,23,0.023023,bottom_cap_zone,0,0,0,0,0,0,0,0,0,18,0
half_speed_adaptive_line,23,0.023023,interior,0,0,0,0,0,0,0,0,20,63,0
half_speed_adaptive_line,23,0.023023,top_cap_zone,0,0,0,0,0,0,0,0,0,18,0
half_speed_adaptive_line,24,0.024028,edge,0,0,0,0,0,8,0,0,0,104,0
half_speed_adaptive_line,24,0.024028,lateral_boundary,0,0,0,0,0,0,0,0,0,176,0
half_speed_adaptive_line,24,0.024028,bottom_cap_zone,0,0,0,0,0,0,0,0,0,18,0
half_speed_adaptive_line,24,0.024028,interior,0,0,0,0,0,0,0,0,20,63,0
half_speed_adaptive_line,24,0.024028,top_cap_zone,0,0,0,0,0,0,0,0,0,18,0
half_speed_adaptive_line,25,0.025034,edge,0,0,0,0,0,8,0,0,0,104,0
half_speed_adaptive_line,25,0.025034,lateral_boundary,0,0,0,0,0,0,0,0,0,176,0
half_speed_adaptive_line,25,0.025034,bottom_cap_zone,0,0,0,0,0,0,0,0,0,18,0
half_speed_adaptive_line,25,0.025034,interior,0,0,0,0,0,0,0,0,20,63,0
half_speed_adaptive_line,25,0.025034,top_cap_zone,0,0,0,0,0,0,0,0,0,18,0
half_speed_adaptive_line,26,0.026039,edge,0,0,0,0,0,8,0,0,0,104,0
half_speed_adaptive_line,26,0.026039,lateral_boundary,0,0,0,0,0,0,0,0,0,176,0
half_speed_adaptive_line,26,0.026039,bottom_cap_zone,0,0,0,0,0,0,0,0,0,18,0
half_speed_adaptive_line,26,0.026039,interior,0,0,0,0,0,0,0,0,16,67,0
half_speed_adaptive_line,26,0.026039,top_cap_zone,0,0,0,0,0,0,0,0,0,17,1
half_speed_adaptive_line,27,0.027045,edge,0,0,0,0,0,8,0,0,0,104,0
half_speed_adaptive_line,27,0.027045,lateral_boundary,0,0,0,0,0,0,0,0,0,176,0
half_speed_adaptive_line,27,0.027045,bottom_cap_zone,0,0,0,0,0,0,0,0,0,18,0
half_speed_adaptive_line,27,0.027045,interior,0,0,0,0,0,0,0,0,12,71,0
half_speed_adaptive_line,27,0.027045,top_cap_zone,0,0,0,0,0,0,0,0,0,18,0
half_speed_adaptive_line,28,0.02805,edge,0,0,0,0,0,8,0,0,0,104,0
half_speed_adaptive_line,28,0.02805,lateral_boundary,0,0,0,0,0,0,0,0,0,176,0
half_speed_adaptive_line,28,0.02805,bottom_cap_zone,0,0,0,0,0,0,0,0,0,18,0
half_speed_adaptive_line,28,0.02805,interior,0,0,0,0,0,0,0,0,12,71,0
half_speed_adaptive_line,28,0.02805,top_cap_zone,0,0,0,0,0,0,0,0,0,18,0
half_speed_adaptive_line,29,0.029055,edge,0,0,0,0,0,8,0,0,0,104,0
half_speed_adaptive_line,29,0.029055,lateral_boundary,0,0,0,0,0,0,0,0,0,176,0
half_speed_adaptive_line,29,0.029055,bottom_cap_zone,0,0,0,0,0,0,0,0,0,18,0
half_speed_adaptive_line,29,0.029055,interior,0,0,0,0,0,0,0,0,12,71,0
half_speed_adaptive_line,29,0.029055,top_cap_zone,0,0,0,0,0,0,0,0,0,18,0
half_speed_adaptive_line,30,0.030061,edge,0,0,0,0,0,8,0,0,0,104,0
half_speed_adaptive_line,30,0.030061,lateral_boundary,0,0,0,0,0,0,0,0,0,176,0
half_speed_adaptive_line,30,0.030061,bottom_cap_zone,0,0,0,0,0,0,0,0,0,18,0
half_speed_adaptive_line,30,0.030061,interior,0,0,0,0,0,0,0,0,12,71,0
half_speed_adaptive_line,30,0.030061,top_cap_zone,0,0,0,0,0,0,0,0,0,18,0
half_speed_adaptive_line,31,0.031066,edge,0,0,0,0,0,8,0,0,0,104,0
half_speed_adaptive_line,31,0.031066,lateral_boundary,0,0,0,0,0,0,0,0,0,176,0
half_speed_adaptive_line,31,0.031066,bottom_cap_zone,0,0,0,0,0,0,0,0,0,18,0
half_speed_adaptive_line,31,0.031066,interior,0,0,0,0,0,0,0,0,12,71,0
half_speed_adaptive_line,31,0.031066,top_cap_zone,0,0,0,0,0,0,0,0,0,17,1
half_speed_adaptive_line,32,0.032071,edge,0,0,0,0,0,8,0,0,0,104,0
half_speed_adaptive_line,32,0.032071,lateral_boundary,0,0,0,0,0,0,0,0,0,176,0
half_speed_adaptive_line,32,0.032071,bottom_cap_zone,0,0,0,0,0,0,0,0,0,18,0
half_speed_adaptive_line,32,0.032071,interior,0,0,0,0,0,0,0,0,12,71,0
half_speed_adaptive_line,32,0.032071,top_cap_zone,0,0,0,0,0,0,0,0,0,18,0
half_speed_adaptive_line,33,0.033077,edge,0,0,0,0,0,0,0,0,0,112,0
half_speed_adaptive_line,33,0.033077,lateral_boundary,0,0,0,0,0,0,0,0,0,176,0
half_speed_adaptive_line,33,0.033077,bottom_cap_zone,0,0,0,0,0,0,0,0,0,18,0
half_speed_adaptive_line,33,0.033077,interior,0,0,0,0,0,0,0,0,12,71,0
half_speed_adaptive_line,33,0.033077,top_cap_zone,0,0,0,0,0,0,0,0,0,18,0
half_speed_adaptive_line,34,0.034082,edge,0,0,0,0,0,0,0,0,0,112,0
half_speed_adaptive_line,34,0.034082,lateral_boundary,0,0,0,0,0,0,0,0,0,176,0
half_speed_adaptive_line,34,0.034082,bottom_cap_zone,0,0,0,0,0,0,0,0,0,18,0
half_speed_adaptive_line,34,0.034082,interior,0,0,0,0,0,0,0,0,12,71,0
half_speed_adaptive_line,34,0.034082,top_cap_zone,0,0,0,0,0,0,0,0,0,18,0
half_speed_adaptive_line,35,0.035088,edge,0,0,0,0,0,0,0,0,0,112,0
half_speed_adaptive_line,35,0.035088,lateral_boundary,0,0,0,0,0,0,0,0,0,176,0
half_speed_adaptive_line,35,0.035088,bottom_cap_zone,0,0,0,0,0,0,0,0,0,18,0
half_speed_adaptive_line,35,0.035088,interior,0,0,0,0,0,0,0,0,12,71,0
half_speed_adaptive_line,35,0.035088,top_cap_zone,0,0,0,0,0,0,0,0,0,18,0
half_speed_adaptive_line,36,0.036093,edge,0,0,0,0,0,0,0,0,0,112,0
half_speed_adaptive_line,36,0.036093,lateral_boundary,0,0,0,0,0,0,0,0,0,176,0
half_speed_adaptive_line,36,0.036093,bottom_cap_zone,0,0,0,0,0,0,0,0,0,18,0
half_speed_adaptive_line,36,0.036093,interior,0,0,0,0,0,0,0,0,12,71,0
half_speed_adaptive_line,36,0.036093,top_cap_zone,0,0,0,0,0,0,0,0,0,18,0
quarter_speed_line,0,0.0,edge,0,0,0,0,0,0,0,0,112,0,0
quarter_speed_line,0,0.0,lateral_boundary,0,0,0,0,0,0,0,0,196,0,0
quarter_speed_line,0,0.0,bottom_cap_zone,0,0,0,0,0,0,0,0,18,0,0
quarter_speed_line,0,0.0,interior,0,0,0,0,0,0,0,0,63,0,0
quarter_speed_line,0,0.0,top_cap_zone,0,0,0,0,0,0,0,0,18,0,0
quarter_speed_line,1,0.002011,edge,0,0,0,0,0,0,0,24,0,88,0
quarter_speed_line,1,0.002011,lateral_boundary,0,0,0,0,0,0,0,0,176,20,0
quarter_speed_line,1,0.002011,bottom_cap_zone,0,0,0,0,0,0,0,9,0,9,0
quarter_speed_line,1,0.002011,interior,0,0,0,0,0,0,0,0,54,9,0
quarter_speed_line,1,0.002011,top_cap_zone,0,0,0,0,0,0,0,0,0,18,0
quarter_speed_line,2,0.004022,edge,0,0,0,0,0,0,0,0,0,112,0
quarter_speed_line,2,0.004022,lateral_boundary,0,0,0,0,0,0,0,0,172,24,0
quarter_speed_line,2,0.004022,bottom_cap_zone,0,0,0,0,0,0,0,0,0,18,0
quarter_speed_line,2,0.004022,interior,0,0,0,0,0,0,0,0,54,9,0
quarter_speed_line,2,0.004022,top_cap_zone,0,0,0,0,0,0,0,0,0,18,0
quarter_speed_line,3,0.006032,edge,0,0,0,0,0,0,0,0,0,112,0
quarter_speed_line,3,0.006032,lateral_boundary,0,0,0,0,0,0,0,0,148,48,0
quarter_speed_line,3,0.006032,bottom_cap_zone,0,0,0,0,0,0,0,0,0,18,0
quarter_speed_line,3,0.006032,interior,0,0,0,0,0,0,0,0,45,18,0
quarter_speed_line,3,0.006032,top_cap_zone,0,0,0,0,0,0,0,0,0,18,0
quarter_speed_line,4,0.008043,edge,0,0,0,0,0,8,0,0,0,104,0
quarter_speed_line,4,0.008043,lateral_boundary,0,0,0,0,0,0,0,0,104,88,0
quarter_speed_line,4,0.008043,bottom_cap_zone,0,0,0,0,0,0,0,0,0,18,0
quarter_speed_line,4,0.008043,interior,0,0,0,0,0,0,0,0,41,26,0
quarter_speed_line,4,0.008043,top_cap_zone,0,0,0,0,0,0,0,0,0,18,0
quarter_speed_line,5,0.010054,edge,0,0,0,0,0,0,0,0,0,112,0
quarter_speed_line,5,0.010054,lateral_boundary,0,0,0,0,0,0,0,0,104,88,0
quarter_speed_line,5,0.010054,bottom_cap_zone,0,0,0,0,0,0,0,0,0,18,0
quarter_speed_line,5,0.010054,interior,0,0,0,0,0,0,0,0,37,30,0
quarter_speed_line,5,0.010054,top_cap_zone,0,0,0,0,0,0,0,0,0,18,0
quarter_speed_line,6,0.012065,edge,0,0,0,0,0,0,0,0,0,112,0
quarter_speed_line,6,0.012065,lateral_boundary,0,0,0,0,0,0,0,0,96,92,0
quarter_speed_line,6,0.012065,bottom_cap_zone,0,0,0,0,0,0,0,0,0,18,0
quarter_speed_line,6,0.012065,interior,0,0,0,0,0,0,0,0,37,34,0
quarter_speed_line,6,0.012065,top_cap_zone,0,0,0,0,0,0,0,0,0,18,0
quarter_speed_line,7,0.014076,edge,0,0,0,0,0,9,0,0,0,96,7
quarter_speed_line,7,0.014076,lateral_boundary,0,0,0,0,0,0,0,0,80,104,0
quarter_speed_line,7,0.014076,bottom_cap_zone,0,0,0,0,0,0,0,0,0,18,0
quarter_speed_line,7,0.014076,interior,0,0,0,0,0,0,0,0,37,38,0
quarter_speed_line,7,0.014076,top_cap_zone,0,0,0,0,0,0,0,0,0,18,0
quarter_speed_line,8,0.016086,edge,0,0,0,0,0,16,0,0,0,96,0
quarter_speed_line,8,0.016086,lateral_boundary,0,0,0,0,0,0,0,0,72,112,0
quarter_speed_line,8,0.016086,bottom_cap_zone,0,0,0,0,0,0,0,0,0,18,0
quarter_speed_line,8,0.016086,interior,0,0,0,0,0,0,0,0,33,42,0
quarter_speed_line,8,0.016086,top_cap_zone,0,0,0,0,0,0,0,0,0,18,0
quarter_speed_line,9,0.018097,edge,0,0,0,0,0,1,0,0,0,111,0
quarter_speed_line,9,0.018097,lateral_boundary,0,0,0,0,0,0,0,0,68,112,0
quarter_speed_line,9,0.018097,bottom_cap_zone,0,0,0,0,0,1,0,0,0,17,0
quarter_speed_line,9,0.018097,interior,0,0,0,0,0,0,0,0,29,50,0
quarter_speed_line,9,0.018097,top_cap_zone,0,0,0,0,0,0,0,0,0,18,0
quarter_speed_line,10,0.020007,edge,0,0,0,0,0,0,0,0,0,112,0
quarter_speed_line,10,0.020007,lateral_boundary,0,0,0,0,0,0,0,0,56,124,0
quarter_speed_line,10,0.020007,bottom_cap_zone,0,0,0,0,0,1,0,0,0,17,0
quarter_speed_line,10,0.020007,interior,0,0,0,0,0,0,0,0,29,50,0
quarter_speed_line,10,0.020007,top_cap_zone,0,0,0,0,0,0,0,0,0,18,0
quarter_speed_line,11,0.022018,edge,0,0,0,0,0,0,0,0,0,112,0
quarter_speed_line,11,0.022018,lateral_boundary,0,0,0,0,0,0,0,0,48,132,0
quarter_speed_line,11,0.022018,bottom_cap_zone,0,0,0,0,0,1,0,0,0,17,0
quarter_speed_line,11,0.022018,interior,0,0,0,0,0,0,0,0,29,50,0
quarter_speed_line,11,0.022018,top_cap_zone,0,0,0,0,0,0,0,0,0,18,0
quarter_speed_line,12,0.024029,edge,0,0,0,0,0,0,0,0,0,112,0
quarter_speed_line,12,0.024029,lateral_boundary,0,0,0,0,0,0,0,0,36,144,0
quarter_speed_line,12,0.024029,bottom_cap_zone,0,0,0,0,0,0,0,0,0,18,0
quarter_speed_line,12,0.024029,interior,0,0,0,0,0,0,0,0,29,50,0
quarter_speed_line,12,0.024029,top_cap_zone,0,0,0,0,0,0,0,0,0,18,0
quarter_speed_line,13,0.02604,edge,0,0,0,0,0,0,0,0,0,112,0
quarter_speed_line,13,0.02604,lateral_boundary,0,0,0,0,0,0,0,0,36,144,0
quarter_speed_line,13,0.02604,bottom_cap_zone,0,0,0,0,0,0,0,0,0,18,0
quarter_speed_line,13,0.02604,interior,0,0,0,0,0,0,0,0,29,50,0
quarter_speed_line,13,0.02604,top_cap_zone,0,0,0,0,0,0,0,0,0,18,0
quarter_speed_line,14,0.028051,edge,0,0,0,0,0,0,0,0,0,112,0
quarter_speed_line,14,0.028051,lateral_boundary,0,0,0,0,0,0,0,0,32,144,0
quarter_speed_line,14,0.028051,bottom_cap_zone,0,0,0,0,0,0,0,0,0,18,0
quarter_speed_line,14,0.028051,interior,0,0,0,0,0,0,0,0,33,50,0
quarter_speed_line,14,0.028051,top_cap_zone,0,0,0,0,0,0,0,0,0,18,0
quarter_speed_line,15,0.030061,edge,0,0,0,0,0,0,0,0,0,112,0
quarter_speed_line,15,0.030061,lateral_boundary,0,0,0,0,0,0,0,0,32,144,0
quarter_speed_line,15,0.030061,bottom_cap_zone,0,0,0,0,0,0,0,0,0,18,0
quarter_speed_line,15,0.030061,interior,0,0,0,0,0,0,0,0,29,54,0
quarter_speed_line,15,0.030061,top_cap_zone,0,0,0,0,0,0,0,0,0,18,0
quarter_speed_line,16,0.032072,edge,0,0,0,0,0,0,0,0,0,112,0
quarter_speed_line,16,0.032072,lateral_boundary,0,0,0,0,0,0,0,0,32,144,0
quarter_speed_line,16,0.032072,bottom_cap_zone,0,0,0,0,0,0,0,0,0,18,0
quarter_speed_line,16,0.032072,interior,0,0,0,0,0,0,0,0,29,54,0
quarter_speed_line,16,0.032072,top_cap_zone,0,0,0,0,0,0,0,0,0,18,0
quarter_speed_line,17,0.034083,edge,0,0,0,0,0,0,0,0,0,112,0
quarter_speed_line,17,0.034083,lateral_boundary,0,0,0,0,0,0,0,0,24,148,0
quarter_speed_line,17,0.034083,bottom_cap_zone,0,0,0,0,0,0,0,0,0,18,0
quarter_speed_line,17,0.034083,interior,0,0,0,0,0,0,0,0,33,54,0
quarter_speed_line,17,0.034083,top_cap_zone,0,0,0,0,0,0,0,0,0,18,0
quarter_speed_line,18,0.036094,edge,0,0,0,0,0,0,0,0,0,112,0
quarter_speed_line,18,0.036094,lateral_boundary,0,0,0,0,0,0,0,0,16,156,0
quarter_speed_line,18,0.036094,bottom_cap_zone,0,0,0,0,0,0,0,0,0,18,0
quarter_speed_line,18,0.036094,interior,0,0,0,0,0,0,0,0,33,54,0
quarter_speed_line,18,0.036094,top_cap_zone,0,0,0,0,0,0,0,0,0,18,0
quarter_speed_line,19,0.038004,edge,0,0,0,0,0,0,0,0,0,112,0
quarter_speed_line,19,0.038004,lateral_boundary,0,0,0,0,0,0,0,0,12,156,0
quarter_speed_line,19,0.038004,bottom_cap_zone,0,0,0,0,0,0,0,0,0,18,0
quarter_speed_line,19,0.038004,interior,0,0,0,0,0,0,0,0,37,54,0
quarter_speed_line,19,0.038004,top_cap_zone,0,0,0,0,0,0,0,0,0,18,0
quarter_speed_line,20,0.040015,edge,0,0,0,0,0,0,0,0,0,112,0
quarter_speed_line,20,0.040015,lateral_boundary,0,0,0,0,0,0,0,0,12,156,0
quarter_speed_line,20,0.040015,bottom_cap_zone,0,0,0,0,0,0,0,0,0,18,0
quarter_speed_line,20,0.040015,interior,0,0,0,0,0,0,0,0,37,54,0
quarter_speed_line,20,0.040015,top_cap_zone,0,0,0,0,0,0,0,0,0,18,0
quarter_speed_line,21,0.042026,edge,0,0,0,0,0,0,0,0,0,112,0
quarter_speed_line,21,0.042026,lateral_boundary,0,0,0,0,0,0,0,0,12,156,0
quarter_speed_line,21,0.042026,bottom_cap_zone,0,0,0,0,0,0,0,0,0,18,0
quarter_speed_line,21,0.042026,interior,0,0,0,0,0,0,0,0,37,54,0
quarter_speed_line,21,0.042026,top_cap_zone,0,0,0,0,0,0,0,0,0,18,0
quarter_speed_line,22,0.044036,edge,0,0,0,0,0,0,0,0,0,112,0
quarter_speed_line,22,0.044036,lateral_boundary,0,0,0,0,0,0,0,0,8,160,0
quarter_speed_line,22,0.044036,bottom_cap_zone,0,0,0,0,0,0,0,0,0,18,0
quarter_speed_line,22,0.044036,interior,0,0,0,0,0,0,0,0,33,58,0
quarter_speed_line,22,0.044036,top_cap_zone,0,0,0,0,0,0,0,0,0,18,0
quarter_speed_line,23,0.046047,edge,0,0,0,0,0,0,0,0,0,112,0
quarter_speed_line,23,0.046047,lateral_boundary,0,0,0,0,0,0,0,0,8,160,0
quarter_speed_line,23,0.046047,bottom_cap_zone,0,0,0,0,0,0,0,0,0,18,0
quarter_speed_line,23,0.046047,interior,0,0,0,0,0,0,0,0,33,58,0
quarter_speed_line,23,0.046047,top_cap_zone,0,0,0,0,0,0,0,0,0,18,0
quarter_speed_line,24,0.048058,edge,0,0,0,0,0,0,0,0,0,112,0
quarter_speed_line,24,0.048058,lateral_boundary,0,0,0,0,0,0,0,0,8,160,0
quarter_speed_line,24,0.048058,bottom_cap_zone,0,0,0,0,0,0,0,0,0,18,0
quarter_speed_line,24,0.048058,interior,0,0,0,0,0,0,0,0,33,58,0
quarter_speed_line,24,0.048058,top_cap_zone,0,0,0,0,0,0,0,0,0,18,0
quarter_speed_line,25,0.050069,edge,0,0,0,0,0,0,0,0,0,112,0
quarter_speed_line,25,0.050069,lateral_boundary,0,0,0,0,0,0,0,0,8,160,0
quarter_speed_line,25,0.050069,bottom_cap_zone,0,0,0,0,0,0,0,0,0,18,0
quarter_speed_line,25,0.050069,interior,0,0,0,0,0,0,0,0,29,62,0
quarter_speed_line,25,0.050069,top_cap_zone,0,0,0,0,0,0,0,0,0,18,0
quarter_speed_line,26,0.05208,edge,0,0,0,0,0,0,0,0,0,112,0
quarter_speed_line,26,0.05208,lateral_boundary,0,0,0,0,0,0,0,0,8,160,0
quarter_speed_line,26,0.05208,bottom_cap_zone,0,0,0,0,0,0,0,0,0,18,0
quarter_speed_line,26,0.05208,interior,0,0,0,0,0,0,0,0,29,62,0
quarter_speed_line,26,0.05208,top_cap_zone,0,0,0,0,0,0,0,0,0,18,0
quarter_speed_line,27,0.05409,edge,0,0,0,0,0,0,0,0,0,112,0
quarter_speed_line,27,0.05409,lateral_boundary,0,0,0,0,0,0,0,0,8,160,0
quarter_speed_line,27,0.05409,bottom_cap_zone,0,0,0,0,0,0,0,0,0,18,0
quarter_speed_line,27,0.05409,interior,0,0,0,0,0,0,0,0,29,62,0
quarter_speed_line,27,0.05409,top_cap_zone,0,0,0,0,0,0,0,0,0,18,0
quarter_speed_line,28,0.056001,edge,0,0,0,0,0,0,0,0,0,112,0
quarter_speed_line,28,0.056001,lateral_boundary,0,0,0,0,0,0,0,0,8,160,0
quarter_speed_line,28,0.056001,bottom_cap_zone,0,0,0,0,0,0,0,0,0,18,0
quarter_speed_line,28,0.056001,interior,0,0,0,0,0,0,0,0,29,62,0
quarter_speed_line,28,0.056001,top_cap_zone,0,0,0,0,0,0,0,0,0,18,0
quarter_speed_line,29,0.058011,edge,0,0,0,0,0,0,0,0,0,112,0
quarter_speed_line,29,0.058011,lateral_boundary,0,0,0,0,0,0,0,0,8,160,0
quarter_speed_line,29,0.058011,bottom_cap_zone,0,0,0,0,0,0,0,0,0,18,0
quarter_speed_line,29,0.058011,interior,0,0,0,0,0,0,0,0,29,62,0
quarter_speed_line,29,0.058011,top_cap_zone,0,0,0,0,0,0,0,0,0,18,0
quarter_speed_line,30,0.060022,edge,0,0,0,0,0,0,0,0,0,112,0
quarter_speed_line,30,0.060022,lateral_boundary,0,0,0,0,0,0,0,0,8,160,0
quarter_speed_line,30,0.060022,bottom_cap_zone,0,0,0,0,0,0,0,0,0,18,0
quarter_speed_line,30,0.060022,interior,0,0,0,0,0,0,0,0,29,62,0
quarter_speed_line,30,0.060022,top_cap_zone,0,0,0,0,0,0,0,0,0,18,0
quarter_speed_line,31,0.062033,edge,0,0,0,0,0,0,0,0,0,112,0
quarter_speed_line,31,0.062033,lateral_boundary,0,0,0,0,0,0,0,0,8,160,0
quarter_speed_line,31,0.062033,bottom_cap_zone,0,0,0,0,0,0,0,0,0,18,0
quarter_speed_line,31,0.062033,interior,0,0,0,0,0,0,0,0,25,66,0
quarter_speed_line,31,0.062033,top_cap_zone,0,0,0,0,0,0,0,0,0,18,0
quarter_speed_line,32,0.064044,edge,0,0,0,0,0,0,0,0,0,112,0
quarter_speed_line,32,0.064044,lateral_boundary,0,0,0,0,0,0,0,0,8,160,0
quarter_speed_line,32,0.064044,bottom_cap_zone,0,0,0,0,0,0,0,0,0,18,0
quarter_speed_line,32,0.064044,interior,0,0,0,0,0,0,0,0,25,66,0
quarter_speed_line,32,0.064044,top_cap_zone,0,0,0,0,0,0,0,0,0,18,0
quarter_speed_line,33,0.066055,edge,0,0,0,0,0,0,0,0,0,112,0
quarter_speed_line,33,0.066055,lateral_boundary,0,0,0,0,0,0,0,0,8,160,0
quarter_speed_line,33,0.066055,bottom_cap_zone,0,0,0,0,0,0,0,0,0,18,0
quarter_speed_line,33,0.066055,interior,0,0,0,0,0,0,0,0,24,67,0
quarter_speed_line,33,0.066055,top_cap_zone,0,0,0,0,0,0,0,0,0,18,0
quarter_speed_line,34,0.068065,edge,0,0,0,0,0,0,0,0,0,112,0
quarter_speed_line,34,0.068065,lateral_boundary,0,0,0,0,0,0,0,0,8,160,0
quarter_speed_line,34,0.068065,bottom_cap_zone,0,0,0,0,0,0,0,0,0,18,0
quarter_speed_line,34,0.068065,interior,0,0,0,0,0,0,0,0,23,68,0
quarter_speed_line,34,0.068065,top_cap_zone,0,0,0,0,0,0,0,0,0,18,0
quarter_speed_line,35,0.070076,edge,0,0,0,0,0,0,0,0,0,112,0
quarter_speed_line,35,0.070076,lateral_boundary,0,0,0,0,0,0,0,0,8,160,0
quarter_speed_line,35,0.070076,bottom_cap_zone,0,0,0,0,0,0,0,0,0,18,0
quarter_speed_line,35,0.070076,interior,0,0,0,0,0,0,0,0,23,68,0
quarter_speed_line,35,0.070076,top_cap_zone,0,0,0,0,0,0,0,0,0,18,0
quarter_speed_line,36,0.072087,edge,0,0,0,0,0,0,0,0,0,112,0
quarter_speed_line,36,0.072087,lateral_boundary,0,0,0,0,0,0,0,0,0,168,0
quarter_speed_line,36,0.072087,bottom_cap_zone,0,0,0,0,0,0,0,0,0,18,0
quarter_speed_line,36,0.072087,interior,0,0,0,0,0,0,0,0,23,68,0
quarter_speed_line,36,0.072087,top_cap_zone,0,0,0,0,0,0,0,0,0,18,0
