case,source,dp,time_mid,shell_index,r_over_R_min,r_over_R_max,shell_volume,pressure_mean_mid,storage_derivative,flux_in,flux_out,residual,abs_residual
mode4_normalized_dp010,C5i/C5h mode4 normalized,0.01,0.0005025,0,0.0,0.2,7.000000000000001e-06,966.8666347045,-0.46155931754925456,0.0,0.0034373537185087696,-0.45812196383074577,0.45812196383074577
mode4_normalized_dp010,C5i/C5h mode4 normalized,0.01,0.0005025,1,0.2,0.4,2.6000000000000005e-05,962.8415536751327,-1.9226260785006,0.0034373537185087696,-0.019608845339118,-1.945672277558227,1.945672277558227
mode4_normalized_dp010,C5i/C5h mode4 normalized,0.01,0.0005025,2,0.4,0.6,9.000000000000002e-05,968.5819573290606,-5.627112120168254,-0.019608845339118,0.08941220926929733,-5.518091065559839,5.518091065559839
mode4_normalized_dp010,C5i/C5h mode4 normalized,0.01,0.0005025,3,0.6,0.8,0.00013400000000000003,956.9486093528155,-11.48037083924921,0.08941220926929733,0.2296057775539627,-11.340177270964546,11.340177270964546
mode4_normalized_dp010,C5i/C5h mode4 normalized,0.01,0.0005025,4,0.8,0.9,0.000132,944.345593134501,-14.619665087056465,0.2296057775539627,0.005582842231997671,-14.843688022378428,14.843688022378428
mode4_normalized_dp010,C5i/C5h mode4 normalized,0.01,0.0005025,5,0.9,0.95,7.200000000000002e-05,944.224529976736,-7.991709137661699,0.005582842231997671,0.02786438753506832,-7.969427592358628,7.969427592358628
mode4_normalized_dp010,C5i/C5h mode4 normalized,0.01,0.0005025,6,0.95,1.0,4.800000000000001e-05,943.8629930237832,-5.362340964892349,0.02786438753506832,40.302182057475946,34.91197670504853,34.91197670504853
mode4_normalized_dp010,C5i/C5h mode4 normalized,0.01,0.0015080000000000002,0,0.0,0.2,7.000000000000001e-06,903.9998077240714,-0.41378574909443216,0.0,0.015519188744950573,-0.3982665603494816,0.3982665603494816
mode4_normalized_dp010,C5i/C5h mode4 normalized,0.01,0.0015080000000000002,1,0.2,0.4,2.6000000000000005e-05,885.8271093857777,-2.0601509882240103,0.015519188744950573,0.025975914065390168,-2.0496942629035706,2.0496942629035706
mode4_normalized_dp010,C5i/C5h mode4 normalized,0.01,0.0015080000000000002,2,0.4,0.6,9.000000000000002e-05,878.2227742280304,-10.546128506378086,0.025975914065390168,0.21353845216810177,-10.358565968275373,10.358565968275373
mode4_normalized_dp010,C5i/C5h mode4 normalized,0.01,0.0015080000000000002,3,0.6,0.8,0.00013400000000000003,850.4394643122858,-16.905246697233093,0.21353845216810177,0.3635379239950216,-16.755247225406173,16.755247225406173
mode4_normalized_dp010,C5i/C5h mode4 normalized,0.01,0.0015080000000000002,4,0.8,0.9,0.000132,830.4849387733766,-15.274800535631291,0.3635379239950216,-0.006798041331621668,-15.645136500957936,15.645136500957936
mode4_normalized_dp010,C5i/C5h mode4 normalized,0.01,0.0015080000000000002,5,0.9,0.95,7.200000000000002e-05,830.6323533546997,-8.27595004992366,-0.006798041331621668,0.15319700923381702,-8.11595499935822,8.11595499935822
mode4_normalized_dp010,C5i/C5h mode4 normalized,0.01,0.0015080000000000002,6,0.95,1.0,4.800000000000001e-05,828.6446412669977,-5.6379812116646075,0.15319700923381702,35.38245215685967,29.591273935961244,29.591273935961244
mode4_normalized_dp010,C5i/C5h mode4 normalized,0.01,0.0025135,0,0.0,0.2,7.000000000000001e-06,776.7248789225714,-1.3587866065990066,0.0,-0.008614859817463842,-1.3674014664164704,1.3674014664164704
mode4_normalized_dp010,C5i/C5h mode4 normalized,0.01,0.0025135,1,0.2,0.4,2.6000000000000005e-05,786.8127289553507,-3.06093123206851,-0.008614859817463842,-0.017456936338677797,-3.0697733085897236,3.0697733085897236
mode4_normalized_dp010,C5i/C5h mode4 normalized,0.01,0.0025135,2,0.4,0.6,9.000000000000002e-05,791.9231706673379,-4.90002324727192,-0.017456936338677797,0.257171561424951,-4.625394749508291,4.625394749508291
mode4_normalized_dp010,C5i/C5h mode4 normalized,0.01,0.0025135,3,0.6,0.8,0.00013400000000000003,758.4627932971741,-7.605044432471093,0.257171561424951,0.5084185818658795,-7.353797412030165,7.353797412030165
mode4_normalized_dp010,C5i/C5h mode4 normalized,0.01,0.0025135,4,0.8,0.9,0.000132,730.5557967868523,-10.9600439259675,0.5084185818658795,0.30890746912294015,-11.159555038710439,11.159555038710439
mode4_normalized_dp010,C5i/C5h mode4 normalized,0.01,0.0025135,5,0.9,0.95,7.200000000000002e-05,723.8571812582115,-7.0149443101205,0.30890746912294015,0.7076480236262556,-6.616203755617184,6.616203755617184
mode4_normalized_dp010,C5i/C5h mode4 normalized,0.01,0.0025135,6,0.95,1.0,4.800000000000001e-05,714.6755364112582,-5.243009917628253,0.7076480236262556,30.516064082772058,24.56540614151755,24.56540614151755
mode4_normalized_dp010,C5i/C5h mode4 normalized,0.01,0.0035190000000000004,0,0.0,0.2,7.000000000000001e-06,700.5512926408,0.2973661348779332,0.0,0.004004351621142005,0.30137048649907516,0.30137048649907516
mode4_normalized_dp010,C5i/C5h mode4 normalized,0.01,0.0035190000000000004,1,0.2,0.4,2.6000000000000005e-05,695.8622669934286,-1.6433281648022853,0.004004351621142005,0.0257834597351252,-1.6215490566883022,1.6215490566883022
mode4_normalized_dp010,C5i/C5h mode4 normalized,0.01,0.0035190000000000004,2,0.4,0.6,9.000000000000002e-05,688.3142719985804,-13.643219082373854,0.0257834597351252,0.2620337840499656,-13.406968758059014,13.406968758059014
mode4_normalized_dp010,C5i/C5h mode4 normalized,0.01,0.0035190000000000004,3,0.6,0.8,0.00013400000000000003,654.2212748978784,-20.172621547095222,0.2620337840499656,0.4776645602804665,-19.95699077086472,19.95699077086472
mode4_normalized_dp010,C5i/C5h mode4 normalized,0.01,0.0035190000000000004,4,0.8,0.9,0.000132,628.0023606167952,-15.96348211063396,0.4776645602804665,0.3778710084721109,-16.063275662442315,16.063275662442315
mode4_normalized_dp010,C5i/C5h mode4 normalized,0.01,0.0035190000000000004,5,0.9,0.95,7.200000000000002e-05,619.8082803235568,-7.885708452205955,0.3778710084721109,0.7020846489607621,-7.561494811717304,7.561494811717304
mode4_normalized_dp010,C5i/C5h mode4 normalized,0.01,0.0035190000000000004,6,0.95,1.0,4.800000000000001e-05,610.6988195690105,-4.684433250138565,0.7020846489607621,26.07634284898352,20.68982494988419,20.68982494988419
mode4_normalized_dp010,C5i/C5h mode4 normalized,0.01,0.004524500000000001,0,0.0,0.2,7.000000000000001e-06,695.99210319065,-0.36117311839731403,0.0,0.0019915923086536794,-0.35918152608866033,0.35918152608866033
mode4_normalized_dp010,C5i/C5h mode4 normalized,0.01,0.004524500000000001,1,0.2,0.4,2.6000000000000005e-05,693.6599834624326,1.531014318586377,0.0019915923086536794,0.08606696175736937,1.6150896880350925,1.6150896880350925
mode4_normalized_dp010,C5i/C5h mode4 normalized,0.01,0.004524500000000001,2,0.4,0.6,9.000000000000002e-05,668.4642570843539,10.10156787294263,0.08606696175736937,0.4231182404472472,10.438619151632507,10.438619151632507
mode4_normalized_dp010,C5i/C5h mode4 normalized,0.01,0.004524500000000001,3,0.6,0.8,0.00013400000000000003,613.4126957098426,9.310406023864882,0.4231182404472472,0.6871114154598275,9.574399198877463,9.574399198877463
mode4_normalized_dp010,C5i/C5h mode4 normalized,0.01,0.004524500000000001,4,0.8,0.9,0.000132,575.6972845164372,2.239525286371431,0.6871114154598275,0.6959706961108529,2.2483845670224563,2.2483845670224563
mode4_normalized_dp010,C5i/C5h mode4 normalized,0.01,0.004524500000000001,5,0.9,0.95,7.200000000000002e-05,560.6052567137956,-0.5892663650611129,0.6959706961108529,0.24450004799740657,-1.0407370131745592,1.0407370131745592
mode4_normalized_dp010,C5i/C5h mode4 normalized,0.01,0.004524500000000001,6,0.95,1.0,4.800000000000001e-05,557.432899085675,-0.39899354901572714,0.24450004799740657,23.801931371210568,23.158437774197434,23.158437774197434
mode4_normalized_dp010,C5i/C5h mode4 normalized,0.01,0.0055295,0,0.0,0.2,7.000000000000001e-06,606.2480648458,-0.8889925898891547,0.0,-0.01717900648796314,-0.9061715963771179,0.9061715963771179
mode4_normalized_dp010,C5i/C5h mode4 normalized,0.01,0.0055295,1,0.2,0.4,2.6000000000000005e-05,626.3643807040577,-5.0129758543430905,-0.01717900648796314,0.03124130068359459,-4.964555547171532,4.964555547171532
mode4_normalized_dp010,C5i/C5h mode4 normalized,0.01,0.0055295,2,0.4,0.6,9.000000000000002e-05,617.2186266580607,-19.279889740338433,0.03124130068359459,0.3636773915269581,-18.947453649495067,18.947453649495067
mode4_normalized_dp010,C5i/C5h mode4 normalized,0.01,0.0055295,3,0.6,0.8,0.00013400000000000003,569.9008645615702,-20.913560996737544,0.3636773915269581,0.6943696184862258,-20.582868769778276,20.582868769778276
mode4_normalized_dp010,C5i/C5h mode4 normalized,0.01,0.0055295,4,0.8,0.9,0.000132,531.7870520237734,-13.774153523250272,0.6943696184862258,0.7605450628718945,-13.707978078864603,13.707978078864603
mode4_normalized_dp010,C5i/C5h mode4 normalized,0.01,0.0055295,5,0.9,0.95,7.200000000000002e-05,515.2947380539964,-5.902987054850425,0.7605450628718945,-1.2471330680840689,-7.910665185806389,7.910665185806389
mode4_normalized_dp010,C5i/C5h mode4 normalized,0.01,0.0055295,6,0.95,1.0,4.800000000000001e-05,531.4761340668917,-2.080458631882979,-1.2471330680840689,22.69359861831942,21.86027305452051,21.86027305452051
mode4_normalized_dp008,C5i/C5h mode4 normalized,0.008,0.000523,0,0.0,0.2,3.5840000000000003e-06,944.9185055707143,-0.3774609484408414,0.0,0.017454554067960704,-0.3600063943728807,0.3600063943728807
mode4_normalized_dp008,C5i/C5h mode4 normalized,0.008,0.000523,1,0.2,0.4,3.7888e-05,924.4795283200708,-5.4709744378760075,0.017454554067960704,-0.01789410532695419,-5.506323097270922,5.506323097270922
mode4_normalized_dp008,C5i/C5h mode4 normalized,0.008,0.000523,2,0.4,0.6,8.704000000000001e-05,929.7179493400838,-11.696653325887402,-0.01789410532695419,0.09827346539534355,-11.580485755165103,11.580485755165103
mode4_normalized_dp008,C5i/C5h mode4 normalized,0.008,0.000523,3,0.6,0.8,0.00012288000000000002,916.9316707197647,-19.517086619417416,0.09827346539534355,0.05574174993673996,-19.55961833487602,19.55961833487602
mode4_normalized_dp008,C5i/C5h mode4 normalized,0.008,0.000523,4,0.8,0.9,0.000126976,913.8720169690012,-20.91049096241705,0.05574174993673996,0.06518176856407669,-20.901050943789713,20.901050943789713
mode4_normalized_dp008,C5i/C5h mode4 normalized,0.008,0.000523,5,0.9,0.95,7.987200000000001e-05,912.4585593781981,-13.369235077140669,0.06518176856407669,0.1731423400330045,-13.261274505671741,13.261274505671741
mode4_normalized_dp008,C5i/C5h mode4 normalized,0.008,0.000523,6,0.95,1.0,6.451200000000001e-05,910.2120591110072,-11.075333924724115,0.1731423400330045,48.581643189126396,37.33316692436928,37.33316692436928
mode4_normalized_dp008,C5i/C5h mode4 normalized,0.008,0.0015285000000000001,0,0.0,0.2,3.5840000000000003e-06,820.2787799179714,-0.516677099906467,0.0,0.015557796771689924,-0.5011193031347771,0.5011193031347771
mode4_normalized_dp008,C5i/C5h mode4 normalized,0.008,0.0015285000000000001,1,0.2,0.4,3.7888e-05,802.0608722562458,-3.6826495542736826,0.015557796771689924,0.02958203733858265,-3.66862531370679,3.66862531370679
mode4_normalized_dp008,C5i/C5h mode4 normalized,0.008,0.0015285000000000001,2,0.4,0.6,8.704000000000001e-05,793.4008602926515,-11.912310344558316,0.02958203733858265,0.2852783014081339,-11.656614080488765,11.656614080488765
mode4_normalized_dp008,C5i/C5h mode4 normalized,0.008,0.0015285000000000001,3,0.6,0.8,0.00012288000000000002,756.2835384249258,-19.75752579157409,0.2852783014081339,0.32162187666034436,-19.72118221632188,19.72118221632188
mode4_normalized_dp008,C5i/C5h mode4 normalized,0.008,0.0015285000000000001,4,0.8,0.9,0.000126976,738.6297765253045,-23.451548081315455,0.32162187666034436,0.3642383778208877,-23.408931580154913,23.408931580154913
mode4_normalized_dp008,C5i/C5h mode4 normalized,0.008,0.0015285000000000001,5,0.9,0.95,7.987200000000001e-05,730.7313179327514,-15.591312504427252,0.3642383778208877,0.4579540114710694,-15.497596870777071,15.497596870777071
mode4_normalized_dp008,C5i/C5h mode4 normalized,0.008,0.0015285000000000001,6,0.95,1.0,6.451200000000001e-05,724.7894217510619,-12.786705779759743,0.4579540114710694,38.684898450097364,25.44023865886655,25.44023865886655
mode4_normalized_dp008,C5i/C5h mode4 normalized,0.008,0.0025335,0,0.0,0.2,3.5840000000000003e-06,678.8001234916143,-0.49332594053051415,0.0,-0.002877931767451123,-0.49620387229796525,0.49620387229796525
mode4_normalized_dp008,C5i/C5h mode4 normalized,0.008,0.0025335,1,0.2,0.4,3.7888e-05,682.1701312096465,-5.292903324089004,-0.002877931767451123,0.09219347559497945,-5.197831916726574,5.197831916726574
mode4_normalized_dp008,C5i/C5h mode4 normalized,0.008,0.0025335,2,0.4,0.6,8.704000000000001e-05,655.1808947186037,-12.024834569025352,0.09219347559497945,0.32313581404192854,-11.793892230578404,11.793892230578404
mode4_normalized_dp008,C5i/C5h mode4 normalized,0.008,0.0025335,3,0.6,0.8,0.00012288000000000002,613.1379634561076,-15.419563746859106,0.32313581404192854,0.42431096703159593,-15.318388593869438,15.318388593869438
mode4_normalized_dp008,C5i/C5h mode4 normalized,0.008,0.0025335,4,0.8,0.9,0.000126976,589.8476174723219,-14.50027077258718,0.42431096703159593,0.5508992364849927,-14.373682503133784,14.373682503133784
mode4_normalized_dp008,C5i/C5h mode4 normalized,0.008,0.0025335,5,0.9,0.95,7.987200000000001e-05,577.9014441061931,-8.964630428495129,0.5508992364849927,0.31432528014337424,-9.201204384836748,9.201204384836748
mode4_normalized_dp008,C5i/C5h mode4 normalized,0.008,0.0025335,6,0.95,1.0,6.451200000000001e-05,573.8231127997528,-6.831680352790001,0.31432528014337424,30.62722520611164,23.48121957317826,23.48121957317826
mode4_normalized_dp008,C5i/C5h mode4 normalized,0.008,0.0035390000000000005,0,0.0,0.2,3.5840000000000003e-06,608.7219440215929,0.013669997322229005,0.0,-0.0031723412501637625,0.010497656072065244,0.010497656072065244
mode4_normalized_dp008,C5i/C5h mode4 normalized,0.008,0.0035390000000000005,1,0.2,0.4,3.7888e-05,612.4367000898899,0.25565579414319883,-0.0031723412501637625,0.0715001275550551,0.33032826294841766,0.33032826294841766
mode4_normalized_dp008,C5i/C5h mode4 normalized,0.008,0.0035390000000000005,2,0.4,0.6,8.704000000000001e-05,591.5053506720554,1.5334507422447037,0.0715001275550551,0.37862047765155,1.8405710923411986,1.8405710923411986
mode4_normalized_dp008,C5i/C5h mode4 normalized,0.008,0.0035390000000000005,3,0.6,0.8,0.00012288000000000002,542.2433561027625,-1.3557086829092557,0.37862047765155,0.544913714767164,-1.1894154457936417,1.1894154457936417
mode4_normalized_dp008,C5i/C5h mode4 normalized,0.008,0.0035390000000000005,4,0.8,0.9,0.000126976,512.3331488860536,-4.6916887878534475,0.544913714767164,0.8222002066877141,-4.414402295932898,4.414402295932898
mode4_normalized_dp008,C5i/C5h mode4 normalized,0.008,0.0035390000000000005,5,0.9,0.95,7.987200000000001e-05,494.5038516929254,-4.093401868206673,0.8222002066877141,-0.5661296862506527,-5.48173176114504,5.48173176114504
mode4_normalized_dp008,C5i/C5h mode4 normalized,0.008,0.0035390000000000005,6,0.95,1.0,6.451200000000001e-05,501.84931376294446,-2.2228172652791023,-0.5661296862506527,26.785696862499925,25.129009283471476,25.129009283471476
mode4_normalized_dp008,C5i/C5h mode4 normalized,0.008,0.0045445,0,0.0,0.2,3.5840000000000003e-06,572.5982185258856,-0.26042113087703556,0.0,-0.006658583762376089,-0.26707971463941166,0.26707971463941166
mode4_normalized_dp008,C5i/C5h mode4 normalized,0.008,0.0045445,1,0.2,0.4,3.7888e-05,580.3953035451198,-2.5597438868122775,-0.006658583762376089,0.03242608598503169,-2.52065921706487,2.52065921706487
mode4_normalized_dp008,C5i/C5h mode4 normalized,0.008,0.0045445,2,0.4,0.6,8.704000000000001e-05,570.9027087873995,-4.849589776353378,0.03242608598503169,0.5434993227398687,-4.338516539598541,4.338516539598541
mode4_normalized_dp008,C5i/C5h mode4 normalized,0.008,0.0045445,3,0.6,0.8,0.00012288000000000002,500.18846519631154,-8.637124786104353,0.5434993227398687,0.837697757079813,-8.34292635176441,8.34292635176441
mode4_normalized_dp008,C5i/C5h mode4 normalized,0.008,0.0045445,4,0.8,0.9,0.000126976,454.20739916655384,-9.788496673397077,0.837697757079813,0.9756896653898269,-9.650504765087062,9.650504765087062
mode4_normalized_dp008,C5i/C5h mode4 normalized,0.008,0.0045445,5,0.9,0.95,7.987200000000001e-05,433.04970439707756,-5.610244115732312,0.9756896653898269,-1.6318983543159082,-8.217832135438048,8.217832135438048
mode4_normalized_dp008,C5i/C5h mode4 normalized,0.008,0.0045445,6,0.95,1.0,6.451200000000001e-05,454.2233820099607,-3.8254992729544166,-1.6318983543159082,24.24371117925931,22.0501102606208,22.0501102606208
mode4_normalized_dp008,C5i/C5h mode4 normalized,0.008,0.005549500000000001,0,0.0,0.2,3.5840000000000003e-06,511.3751522510428,-0.17275321999126583,0.0,0.0048185514384283135,-0.1679346685528375,0.1679346685528375
mode4_normalized_dp008,C5i/C5h mode4 normalized,0.008,0.005549500000000001,1,0.2,0.4,3.7888e-05,505.73271287117507,-3.090880942165799,0.0048185514384283135,0.07171169898341899,-3.0239877946208087,3.0239877946208087
mode4_normalized_dp008,C5i/C5h mode4 normalized,0.008,0.005549500000000001,2,0.4,0.6,8.704000000000001e-05,484.7394268436401,-10.291692025368262,0.07171169898341899,0.485712284188351,-9.87769144016333,9.87769144016333
mode4_normalized_dp008,C5i/C5h mode4 normalized,0.008,0.005549500000000001,3,0.6,0.8,0.00012288000000000002,421.5438066428069,-10.675560502207533,0.485712284188351,0.7262628713694466,-10.435009915026438,10.435009915026438
mode4_normalized_dp008,C5i/C5h mode4 normalized,0.008,0.005549500000000001,4,0.8,0.9,0.000126976,381.6793796926721,-8.486690754125684,0.7262628713694466,0.6364132385610771,-8.576540386934054,8.576540386934054
mode4_normalized_dp008,C5i/C5h mode4 normalized,0.008,0.005549500000000001,5,0.9,0.95,7.987200000000001e-05,367.8788470782887,-4.7128998244480345,0.6364132385610771,-0.24747913941480207,-5.596792202423913,5.596792202423913
mode4_normalized_dp008,C5i/C5h mode4 normalized,0.008,0.005549500000000001,6,0.95,1.0,6.451200000000001e-05,371.0898580459904,-6.9726145654818055,-0.24747913941480207,19.80654386440644,13.081408438339436,13.081408438339436
mode4_normalized_dp0065,C5i/C5h mode4 normalized,0.0065,0.000523,0,0.0,0.2,5.2178749999999996e-06,879.0621282726343,-1.2065749473029228,0.0,-0.009914007736343391,-1.2164889550392661,1.2164889550392661
mode4_normalized_dp0065,C5i/C5h mode4 normalized,0.0065,0.000523,1,0.2,0.4,2.8561e-05,890.6712577752764,-5.970436341644991,-0.009914007736343391,-0.009226373056573882,-5.9697487069652215,5.9697487069652215
mode4_normalized_dp0065,C5i/C5h mode4 normalized,0.0065,0.000523,2,0.4,0.6,8.623225e-05,893.3722381079023,-17.580787419540812,-0.009226373056573882,0.03922816706776816,-17.53233287941647,17.53233287941647
mode4_normalized_dp0065,C5i/C5h mode4 normalized,0.0065,0.000523,3,0.6,0.8,0.000140608,888.268294007884,-30.03895165609834,0.03922816706776816,0.08677462509697699,-29.99140519806913,29.99140519806913
mode4_normalized_dp0065,C5i/C5h mode4 normalized,0.0065,0.000523,4,0.8,0.9,0.00011204699999999999,883.5052518097044,-24.95771902577065,0.08677462509697699,0.0822276563335866,-24.962265994534043,24.962265994534043
mode4_normalized_dp0065,C5i/C5h mode4 normalized,0.0065,0.000523,5,0.9,0.95,7.964125e-05,881.7221565120615,-18.011080884672623,0.0822276563335866,0.09103421833240252,-18.002274322673806,18.002274322673806
mode4_normalized_dp0065,C5i/C5h mode4 normalized,0.0065,0.000523,6,0.95,1.0,7.9092e-05,880.5409988832096,-18.065490088583537,0.09103421833240252,57.84366832956659,39.68714402265065,39.68714402265065
mode4_normalized_dp0065,C5i/C5h mode4 normalized,0.0065,0.001536,0,0.0,0.2,5.2178749999999996e-06,705.8195067484553,-0.5569788700939725,0.0,-0.0024004039905105197,-0.5593792740844831,0.5593792740844831
mode4_normalized_dp0065,C5i/C5h mode4 normalized,0.0065,0.001536,1,0.2,0.4,2.8561e-05,708.6303377993875,-4.238229609695984,-0.0024004039905105197,0.016772043189140523,-4.219057162516333,4.219057162516333
mode4_normalized_dp0065,C5i/C5h mode4 normalized,0.0065,0.001536,2,0.4,0.6,8.623225e-05,703.720395559458,-14.610925059547421,0.016772043189140523,0.20319585238144186,-14.42450125035512,14.42450125035512
mode4_normalized_dp0065,C5i/C5h mode4 normalized,0.0065,0.001536,3,0.6,0.8,0.000140608,677.2827526759961,-28.481394447866645,0.20319585238144186,0.5664961490600866,-28.118094151188,28.118094151188
mode4_normalized_dp0065,C5i/C5h mode4 normalized,0.0065,0.001536,4,0.8,0.9,0.00011204699999999999,646.1878898625416,-27.628186537991205,0.5664961490600866,0.49691791205712665,-27.697764774994162,27.697764774994162
mode4_normalized_dp0065,C5i/C5h mode4 normalized,0.0065,0.001536,5,0.9,0.95,7.964125e-05,635.4122940130258,-20.809449049117433,0.49691791205712665,0.6091908688966172,-20.697176092277942,20.697176092277942
mode4_normalized_dp0065,C5i/C5h mode4 normalized,0.0065,0.001536,6,0.95,1.0,7.9092e-05,627.5081184688717,-21.56045971714617,0.6091908688966172,41.22167113724376,19.05202055120097,19.05202055120097
mode4_normalized_dp0065,C5i/C5h mode4 normalized,0.0065,0.002516,0,0.0,0.2,5.2178749999999996e-06,656.3046415905184,0.02970871287770763,0.0,0.031913345793680326,0.06162205867138795,0.06162205867138795
mode4_normalized_dp0065,C5i/C5h mode4 normalized,0.0065,0.002516,1,0.2,0.4,2.8561e-05,618.9346723475769,-0.9899293718737369,0.031913345793680326,0.0940888847657105,-0.9277538329017067,0.9277538329017067
mode4_normalized_dp0065,C5i/C5h mode4 normalized,0.0065,0.002516,2,0.4,0.6,8.623225e-05,591.3905631171563,-5.157348804988635,0.0940888847657105,0.4515951435228776,-4.799842546231468,4.799842546231468
mode4_normalized_dp0065,C5i/C5h mode4 normalized,0.0065,0.002516,3,0.6,0.8,0.000140608,532.6338956338491,-13.026333084750098,0.4515951435228776,1.0113540279588953,-12.466574200314081,12.466574200314081
mode4_normalized_dp0065,C5i/C5h mode4 normalized,0.0065,0.002516,4,0.8,0.9,0.00011204699999999999,477.12087086325903,-11.031920151422312,1.0113540279588953,0.9270240673960901,-11.116250111985117,11.116250111985117
mode4_normalized_dp0065,C5i/C5h mode4 normalized,0.0065,0.002516,5,0.9,0.95,7.964125e-05,457.0184828215773,-8.185461390782455,0.9270240673960901,0.8024870394781293,-8.309998418700417,8.309998418700417
mode4_normalized_dp0065,C5i/C5h mode4 normalized,0.0065,0.002516,6,0.95,1.0,7.9092e-05,446.60631357250065,-7.6393067172696965,0.8024870394781293,29.33804048754412,20.896246730796292,20.896246730796292
mode4_normalized_dp0065,C5i/C5h mode4 normalized,0.0065,0.003529,0,0.0,0.2,5.2178749999999996e-06,512.742466435479,-1.4601276367058855,0.0,0.008890973114981108,-1.4512366635909044,1.4512366635909044
mode4_normalized_dp0065,C5i/C5h mode4 normalized,0.0065,0.003529,1,0.2,0.4,2.8561e-05,502.3312925650019,-5.440236592260026,0.008890973114981108,0.08640506912689291,-5.362722496248115,5.362722496248115
mode4_normalized_dp0065,C5i/C5h mode4 normalized,0.0065,0.003529,2,0.4,0.6,8.623225e-05,477.0365867342391,-14.022752897708187,0.08640506912689291,0.5486685083282115,-13.56048945850687,13.56048945850687
mode4_normalized_dp0065,C5i/C5h mode4 normalized,0.0065,0.003529,3,0.6,0.8,0.000140608,405.64978471746826,-21.93514083404003,0.5486685083282115,0.9978653870075521,-21.485943955360693,21.485943955360693
mode4_normalized_dp0065,C5i/C5h mode4 normalized,0.0065,0.003529,4,0.8,0.9,0.00011204699999999999,350.87714881027625,-16.710496081593927,0.9978653870075521,1.00236081515254,-16.70600065344894,16.70600065344894
mode4_normalized_dp0065,C5i/C5h mode4 normalized,0.0065,0.003529,5,0.9,0.95,7.964125e-05,329.1410938655848,-11.803898703074632,1.00236081515254,-0.3093157738009304,-13.115575292028103,13.115575292028103
mode4_normalized_dp0065,C5i/C5h mode4 normalized,0.0065,0.003529,6,0.95,1.0,7.9092e-05,333.15442745202984,-9.999763452348224,-0.3093157738009304,21.88526624938887,12.194818570841576,12.194818570841576
mode4_normalized_dp0065,C5i/C5h mode4 normalized,0.0065,0.004542,0,0.0,0.2,5.2178749999999996e-06,363.424451330229,-0.031583640959444555,0.0,-0.0382207304510779,-0.06980437141052245,0.06980437141052245
mode4_normalized_dp0065,C5i/C5h mode4 normalized,0.0065,0.004542,1,0.2,0.4,2.8561e-05,408.180257588637,0.3187674036572163,-0.0382207304510779,0.07519306370937812,0.4321811978176723,0.4321811978176723
mode4_normalized_dp0065,C5i/C5h mode4 normalized,0.0065,0.004542,2,0.4,0.6,8.623225e-05,386.1678172739455,-1.0243238363082094,0.07519306370937812,0.4466266327915709,-0.6528902672260166,0.6528902672260166
mode4_normalized_dp0065,C5i/C5h mode4 normalized,0.0065,0.004542,3,0.6,0.8,0.000140608,328.0575985780395,1.1469317296125308,0.4466266327915709,0.7276557636125104,1.4279608604334704,1.4279608604334704
mode4_normalized_dp0065,C5i/C5h mode4 normalized,0.0065,0.004542,4,0.8,0.9,0.00011204699999999999,288.11671604513714,3.484635184975679,0.7276557636125104,0.6141827482433974,3.371162169606566,3.371162169606566
mode4_normalized_dp0065,C5i/C5h mode4 normalized,0.0065,0.004542,5,0.9,0.95,7.964125e-05,274.79824852317154,3.7663405920031785,0.6141827482433974,-0.43662852953625225,2.7155293142235286,2.7155293142235286
mode4_normalized_dp0065,C5i/C5h mode4 normalized,0.0065,0.004542,6,0.95,1.0,7.9092e-05,280.46344923652316,2.1682478297087044,-0.43662852953625225,18.423940233083254,21.028816592328212,21.028816592328212
mode4_normalized_dp0065,C5i/C5h mode4 normalized,0.0065,0.005522,0,0.0,0.2,5.2178749999999996e-06,568.41675940015,2.2144902521234027,0.0,-0.00757637928298149,2.2069138728404214,2.2069138728404214
mode4_normalized_dp0065,C5i/C5h mode4 normalized,0.0065,0.005522,1,0.2,0.4,2.8561e-05,577.2885669068999,9.53817631560586,-0.00757637928298149,0.15031697818461742,9.69606967307346,9.69606967307346
mode4_normalized_dp0065,C5i/C5h mode4 normalized,0.0065,0.005522,2,0.4,0.6,8.623225e-05,533.2839294131759,26.914432736345248,0.15031697818461742,0.5988951733232848,27.363010931483917,27.363010931483917
mode4_normalized_dp0065,C5i/C5h mode4 normalized,0.0065,0.005522,3,0.6,0.8,0.000140608,455.3621779040585,35.38376682114845,0.5988951733232848,1.1330676366063017,35.91793928443146,35.91793928443146
mode4_normalized_dp0065,C5i/C5h mode4 normalized,0.0065,0.005522,4,0.8,0.9,0.00011204699999999999,393.1683169623824,20.53723568844182,1.1330676366063017,0.35938049682740014,19.763548548662918,19.763548548662918
mode4_normalized_dp0065,C5i/C5h mode4 normalized,0.0065,0.005522,5,0.9,0.95,7.964125e-05,385.3752008439095,14.206081252923298,0.35938049682740014,1.988943209651195,15.835643965747094,15.835643965747094
mode4_normalized_dp0065,C5i/C5h mode4 normalized,0.0065,0.005522,6,0.95,1.0,7.9092e-05,359.5689107645612,10.600342299221067,1.988943209651195,23.620461559731925,32.231860649301794,32.231860649301794
mode5_mls_dp008,C5j mode5 MLS,0.008,0.000523,0,0.0,0.2,3.5840000000000003e-06,954.5493993412215,-0.3114626247821459,0.0,0.017808540911371056,-0.29365408387077485,0.29365408387077485
mode5_mls_dp008,C5j mode5 MLS,0.008,0.000523,1,0.2,0.4,3.7888e-05,933.6959096939095,-4.803306641524193,0.017808540911371056,-0.06477199276101715,-4.885887175196581,4.885887175196581
mode5_mls_dp008,C5j mode5 MLS,0.008,0.000523,2,0.4,0.6,8.704000000000001e-05,952.65762709681,-7.878929517196298,-0.06477199276101715,0.194725881024107,-7.619431643411174,7.619431643411174
mode5_mls_dp008,C5j mode5 MLS,0.008,0.000523,3,0.6,0.8,0.00012288000000000002,927.3220051225053,-17.075854704677916,0.194725881024107,-0.22735450626802906,-17.49793509197005,17.49793509197005
mode5_mls_dp008,C5j mode5 MLS,0.008,0.000523,4,0.8,0.9,0.000126976,939.8014495002908,-14.615241201244892,-0.22735450626802906,-0.02386254934826254,-14.411749244325126,14.411749244325126
mode5_mls_dp008,C5j mode5 MLS,0.008,0.000523,5,0.9,0.95,7.987200000000001e-05,940.3189055659245,-9.114432838696896,-0.02386254934826254,0.0712688982935283,-9.019301391055105,9.019301391055105
mode5_mls_dp008,C5j mode5 MLS,0.008,0.000523,6,0.95,1.0,6.451200000000001e-05,939.3942004993978,-7.4757195743457965,0.0712688982935283,50.13921031453901,42.592221841899686,42.592221841899686
mode5_mls_dp008,C5j mode5 MLS,0.008,0.0015285000000000001,0,0.0,0.2,3.5840000000000003e-06,864.2567625282571,-0.3330857151846669,0.0,0.01408046575024887,-0.31900524943441805,0.31900524943441805
mode5_mls_dp008,C5j mode5 MLS,0.008,0.0015285000000000001,1,0.2,0.4,3.7888e-05,847.7687836301847,-1.540886173648197,0.01408046575024887,-0.012403597306550673,-1.5673702367049964,1.5673702367049964
mode5_mls_dp008,C5j mode5 MLS,0.008,0.0015285000000000001,2,0.4,0.6,8.704000000000001e-05,851.3998824567093,-9.72599783622941,-0.012403597306550673,0.3902221410583592,-9.323372097864501,9.323372097864501
mode5_mls_dp008,C5j mode5 MLS,0.008,0.0015285000000000001,3,0.6,0.8,0.00012288000000000002,800.6284051376033,-13.756347265488515,0.3902221410583592,-0.045617965163157935,-14.192187371710032,14.192187371710032
mode5_mls_dp008,C5j mode5 MLS,0.008,0.0015285000000000001,4,0.8,0.9,0.000126976,803.1323663223895,-20.124191414188818,-0.045617965163157935,0.094386108389126,-19.984187340636534,19.984187340636534
mode5_mls_dp008,C5j mode5 MLS,0.008,0.0015285000000000001,5,0.9,0.95,7.987200000000001e-05,801.0856166819924,-13.168897150464153,0.094386108389126,0.24909174693128103,-13.014191511921997,13.014191511921997
mode5_mls_dp008,C5j mode5 MLS,0.008,0.0015285000000000001,6,0.95,1.0,6.451200000000001e-05,797.8536823328927,-10.821265431242958,0.24909174693128103,42.58462906993851,31.51427189176427,31.51427189176427
mode5_mls_dp008,C5j mode5 MLS,0.008,0.0025335,0,0.0,0.2,3.5840000000000003e-06,771.8528625285143,-0.32624252635880724,0.0,0.004024417671821771,-0.32221810868698547,0.32221810868698547
mode5_mls_dp008,C5j mode5 MLS,0.008,0.0025335,1,0.2,0.4,3.7888e-05,767.1403398870772,-4.423680187088236,0.004024417671821771,0.12190767878874544,-4.305796925971312,4.305796925971312
mode5_mls_dp008,C5j mode5 MLS,0.008,0.0025335,2,0.4,0.6,8.704000000000001e-05,731.4524004567656,-10.999875363242896,0.12190767878874544,0.3825187225045466,-10.739264319527097,10.739264319527097
mode5_mls_dp008,C5j mode5 MLS,0.008,0.0025335,3,0.6,0.8,0.00012288000000000002,681.6832085008728,-15.269948721766976,0.3825187225045466,0.20420239078492755,-15.448265053486594,15.448265053486594
mode5_mls_dp008,C5j mode5 MLS,0.008,0.0025335,4,0.8,0.9,0.000126976,670.474579213327,-13.654416877730569,0.20420239078492755,0.11544300388319957,-13.743176264632297,13.743176264632297
mode5_mls_dp008,C5j mode5 MLS,0.008,0.0025335,5,0.9,0.95,7.987200000000001e-05,667.9712137211279,-8.187790848212853,0.11544300388319957,-0.2002060433131301,-8.503439895409183,8.503439895409183
mode5_mls_dp008,C5j mode5 MLS,0.008,0.0025335,6,0.95,1.0,6.451200000000001e-05,670.568862162927,-5.72275167125378,-0.2002060433131301,35.79093121130001,30.26838558335936,30.26838558335936
mode5_mls_dp008,C5j mode5 MLS,0.008,0.0035390000000000005,0,0.0,0.2,3.5840000000000003e-06,731.4153520518929,0.0528647670274654,0.0,0.01747818804415341,0.0703429550716188,0.0703429550716188
mode5_mls_dp008,C5j mode5 MLS,0.008,0.0035390000000000005,1,0.2,0.4,3.7888e-05,710.9486998288689,0.3776067064766214,0.01747818804415341,0.12149713307435152,0.4816256515068195,0.4816256515068195
mode5_mls_dp008,C5j mode5 MLS,0.008,0.0035390000000000005,2,0.4,0.6,8.704000000000001e-05,675.3809458596722,1.7949802674190503,0.12149713307435152,0.4506386465516027,2.124121780896301,2.124121780896301
mode5_mls_dp008,C5j mode5 MLS,0.008,0.0035390000000000005,3,0.6,0.8,0.00012288000000000002,616.7487273995578,-0.001243955706716412,0.4506386465516027,0.23814058590954168,-0.2137420163487774,0.2137420163487774
mode5_mls_dp008,C5j mode5 MLS,0.008,0.0035390000000000005,4,0.8,0.9,0.000126976,603.6772372200412,-2.789288775000483,0.23814058590954168,0.2879034221781526,-2.7395259387318722,2.7395259387318722
mode5_mls_dp008,C5j mode5 MLS,0.008,0.0035390000000000005,5,0.9,0.95,7.987200000000001e-05,597.4340915297573,-2.8070813778011074,0.2879034221781526,-0.9206565193598677,-4.015641319339128,4.015641319339128
mode5_mls_dp008,C5j mode5 MLS,0.008,0.0035390000000000005,6,0.95,1.0,6.451200000000001e-05,609.3794950419122,-1.9820097380555164,-0.9206565193598677,32.52501095603006,31.463657737334408,31.463657737334408
mode5_mls_dp008,C5j mode5 MLS,0.008,0.0045445,0,0.0,0.2,3.5840000000000003e-06,628.5052325235143,-0.7547627767731573,0.0,-0.008819670966245061,-0.7635824477394023,0.7635824477394023
mode5_mls_dp008,C5j mode5 MLS,0.008,0.0045445,1,0.2,0.4,3.7888e-05,638.8329128260513,-5.578386559217152,-0.008819670966245061,0.07403726719123438,-5.4955296210596725,5.4955296210596725
mode5_mls_dp008,C5j mode5 MLS,0.008,0.0045445,2,0.4,0.6,8.704000000000001e-05,617.1588268836447,-11.35814106188868,0.07403726719123438,0.5894663443261873,-10.842711984753729,10.842711984753729
mode5_mls_dp008,C5j mode5 MLS,0.008,0.0045445,3,0.6,0.8,0.00012288000000000002,540.4638524514853,-17.939300675622597,0.5894663443261873,0.44620693607644885,-18.082560083872334,18.082560083872334
mode5_mls_dp008,C5j mode5 MLS,0.008,0.0045445,4,0.8,0.9,0.000126976,515.971641009749,-18.73546278674229,0.44620693607644885,-0.32751569835486166,-19.5091854211736,19.5091854211736
mode5_mls_dp008,C5j mode5 MLS,0.008,0.0045445,5,0.9,0.95,7.987200000000001e-05,523.0737734026707,-8.772223969318144,-0.32751569835486166,-0.817162827873632,-9.261871098836915,9.261871098836915
mode5_mls_dp008,C5j mode5 MLS,0.008,0.0045445,6,0.95,1.0,6.451200000000001e-05,533.6763591757787,-7.514736837349644,-0.817162827873632,28.48443305098835,21.786859041512336,21.786859041512336
mode5_mls_dp008,C5j mode5 MLS,0.008,0.005549500000000001,0,0.0,0.2,3.5840000000000003e-06,482.0042212177,-0.2708726915151589,0.0,-0.018802859082100505,-0.2896755505972594,0.2896755505972594
mode5_mls_dp008,C5j mode5 MLS,0.008,0.005549500000000001,1,0.2,0.4,3.7888e-05,504.02204003620204,-4.545092997038025,-0.018802859082100505,0.07712553254090557,-4.449164605415019,4.449164605415019
mode5_mls_dp008,C5j mode5 MLS,0.008,0.005549500000000001,2,0.4,0.6,8.704000000000001e-05,481.443877928628,-12.182384356907397,0.07712553254090557,0.49791495562910065,-11.761594933819202,11.761594933819202
mode5_mls_dp008,C5j mode5 MLS,0.008,0.005549500000000001,3,0.6,0.8,0.00012288000000000002,416.6605783239399,-12.102925848248644,0.49791495562910065,0.4642782661568726,-12.136562537720872,12.136562537720872
mode5_mls_dp008,C5j mode5 MLS,0.008,0.005549500000000001,4,0.8,0.9,0.000126976,391.1764351088989,-12.552780846411384,0.4642782661568726,-0.6038656906100949,-13.620924803178351,13.620924803178351
mode5_mls_dp008,C5j mode5 MLS,0.008,0.005549500000000001,5,0.9,0.95,7.987200000000001e-05,404.2711786701958,-10.166868025914003,-0.6038656906100949,0.4692276857553762,-9.093774649548532,9.093774649548532
mode5_mls_dp008,C5j mode5 MLS,0.008,0.005549500000000001,6,0.95,1.0,6.451200000000001e-05,398.1830079707478,-9.978232280671016,0.4692276857553762,21.25261319444763,10.805153228021238,10.805153228021238
mode5_mls_dp010,C5j mode5 MLS,0.01,0.0005025,0,0.0,0.2,7.000000000000001e-06,967.6082524277,-0.45122832439024946,0.0,0.0015126987832144415,-0.44971562560703504,0.44971562560703504
mode5_mls_dp010,C5j mode5 MLS,0.01,0.0005025,1,0.2,0.4,2.6000000000000005e-05,965.8369086341654,-1.7676425383317413,0.0015126987832144415,-0.027175843009533587,-1.7963310801244894,1.7963310801244894
mode5_mls_dp010,C5j mode5 MLS,0.01,0.0005025,2,0.4,0.6,9.000000000000002e-05,973.7925177387613,-4.693877419923356,-0.027175843009533587,0.1094247250773285,-4.557276851836494,4.557276851836494
mode5_mls_dp010,C5j mode5 MLS,0.01,0.0005025,3,0.6,0.8,0.00013400000000000003,959.5553580216192,-10.785237860901566,0.1094247250773285,0.13604280003108254,-10.758619785947811,10.758619785947811
mode5_mls_dp010,C5j mode5 MLS,0.01,0.0005025,4,0.8,0.9,0.000132,952.0879953383187,-12.585840030531223,0.13604280003108254,-0.12210737330619964,-12.843990203868506,12.843990203868506
mode5_mls_dp010,C5j mode5 MLS,0.01,0.0005025,5,0.9,0.95,7.200000000000002e-05,954.7358767550834,-6.485605718674616,-0.12210737330619964,-0.08915553504006578,-6.452653880408482,6.452653880408482
mode5_mls_dp010,C5j mode5 MLS,0.01,0.0005025,6,0.95,1.0,4.800000000000001e-05,955.8926587025312,-4.2132385716985095,-0.08915553504006578,40.815838996945814,36.69175596028737,36.69175596028737
mode5_mls_dp010,C5j mode5 MLS,0.01,0.0015080000000000002,0,0.0,0.2,7.000000000000001e-06,932.2336673202428,-0.041510661523061515,0.0,0.015326505005008897,-0.026184156518052618,0.026184156518052618
mode5_mls_dp010,C5j mode5 MLS,0.01,0.0015080000000000002,1,0.2,0.4,2.6000000000000005e-05,914.2865982682605,-0.8987429304211304,0.015326505005008897,0.024265126102348926,-0.8898043093237904,0.8898043093237904
mode5_mls_dp010,C5j mode5 MLS,0.01,0.0015080000000000002,2,0.4,0.6,9.000000000000002e-05,907.1830887993439,-7.228976542815271,0.024265126102348926,0.2620299882201764,-6.991211680697444,6.991211680697444
mode5_mls_dp010,C5j mode5 MLS,0.01,0.0015080000000000002,3,0.6,0.8,0.00013400000000000003,873.09058557089,-12.259835950884055,0.2620299882201764,0.23968930598220622,-12.282176633122024,12.282176633122024
mode5_mls_dp010,C5j mode5 MLS,0.01,0.0015080000000000002,4,0.8,0.9,0.000132,859.9340864495194,-11.610201506917603,0.23968930598220622,-0.2155961804880828,-12.065486993387893,12.065486993387893
mode5_mls_dp010,C5j mode5 MLS,0.01,0.0015080000000000002,5,0.9,0.95,7.200000000000002e-05,864.6092596547304,-6.421669100579358,-0.2155961804880828,-0.09801349418407694,-6.304086414275352,6.304086414275352
mode5_mls_dp010,C5j mode5 MLS,0.01,0.0015080000000000002,6,0.95,1.0,4.800000000000001e-05,865.8809725172854,-4.380533905791848,-0.09801349418407694,36.97241321295943,32.68989280135166,32.68989280135166
mode5_mls_dp010,C5j mode5 MLS,0.01,0.0025135,0,0.0,0.2,7.000000000000001e-06,815.6135947802928,-1.583006258773234,0.0,-0.006149883082342374,-1.5891561418555764,1.5891561418555764
mode5_mls_dp010,C5j mode5 MLS,0.01,0.0025135,1,0.2,0.4,2.6000000000000005e-05,822.815000208624,-3.8332216030820305,-0.006149883082342374,-0.011170084848669149,-3.8382418048483573,3.8382418048483573
mode5_mls_dp010,C5j mode5 MLS,0.01,0.0025135,2,0.4,0.6,9.000000000000002e-05,826.0849936616332,-7.288862410662441,-0.011170084848669149,0.28146740026507294,-6.996224925548699,6.996224925548699
mode5_mls_dp010,C5j mode5 MLS,0.01,0.0025135,3,0.6,0.8,0.00013400000000000003,789.4635049632544,-10.028520036076586,0.28146740026507294,0.3784797778978358,-9.931507658443824,9.931507658443824
mode5_mls_dp010,C5j mode5 MLS,0.01,0.0025135,4,0.8,0.9,0.000132,768.688823986294,-12.347150820231269,0.3784797778978358,0.05913811809971067,-12.666492480029394,12.666492480029394
mode5_mls_dp010,C5j mode5 MLS,0.01,0.0025135,5,0.9,0.95,7.200000000000002e-05,767.4064221157207,-7.49951193078067,0.05913811809971067,0.2544447332175951,-7.304205315662785,7.304205315662785
mode5_mls_dp010,C5j mode5 MLS,0.01,0.0025135,6,0.95,1.0,4.800000000000001e-05,764.1050334371937,-5.336988101952438,0.2544447332175951,32.62666339948721,27.03523056431717,27.03523056431717
mode5_mls_dp010,C5j mode5 MLS,0.01,0.0035190000000000004,0,0.0,0.2,7.000000000000001e-06,720.1442448420428,0.25283339058807147,0.0,-0.005748049356209037,0.24708534123186243,0.24708534123186243
mode5_mls_dp010,C5j mode5 MLS,0.01,0.0035190000000000004,1,0.2,0.4,2.6000000000000005e-05,726.875110011654,-1.1297083291699814,-0.005748049356209037,0.0051566530763501655,-1.1188036267374222,1.1188036267374222
mode5_mls_dp010,C5j mode5 MLS,0.01,0.0035190000000000004,2,0.4,0.6,9.000000000000002e-05,725.3655223919043,-10.739759548544198,0.0051566530763501655,0.2852753156775915,-10.459640885942957,10.459640885942957
mode5_mls_dp010,C5j mode5 MLS,0.01,0.0035190000000000004,3,0.6,0.8,0.00013400000000000003,688.2485889950893,-16.945263263629496,0.2852753156775915,0.3592845669333188,-16.871254012373768,16.871254012373768
mode5_mls_dp010,C5j mode5 MLS,0.01,0.0035190000000000004,4,0.8,0.9,0.000132,668.5275293933267,-13.949995226849815,0.3592845669333188,0.14494779211390946,-14.164332001669225,14.164332001669225
mode5_mls_dp010,C5j mode5 MLS,0.01,0.0035190000000000004,5,0.9,0.95,7.200000000000002e-05,665.3843566696203,-7.111498940162904,0.14494779211390946,0.34138383566246383,-6.91506289661435,6.91506289661435
mode5_mls_dp010,C5j mode5 MLS,0.01,0.0035190000000000004,6,0.95,1.0,4.800000000000001e-05,660.9549439801292,-4.5116655521033735,0.34138383566246383,28.222238482661606,23.36918909489577,23.36918909489577
mode5_mls_dp010,C5j mode5 MLS,0.01,0.004524500000000001,0,0.0,0.2,7.000000000000001e-06,744.2525627411428,0.08275229816497537,0.0,0.0007506894611937236,0.08350298762616909,0.08350298762616909
mode5_mls_dp010,C5j mode5 MLS,0.01,0.004524500000000001,1,0.2,0.4,2.6000000000000005e-05,743.3735185238058,1.9844814147033856,0.0007506894611937236,0.07684062081970087,2.0605713460618924,2.0605713460618924
mode5_mls_dp010,C5j mode5 MLS,0.01,0.004524500000000001,2,0.4,0.6,9.000000000000002e-05,720.878763075684,9.946847192951044,0.07684062081970087,0.4435604702032803,10.313567042334624,10.313567042334624
mode5_mls_dp010,C5j mode5 MLS,0.01,0.004524500000000001,3,0.6,0.8,0.00013400000000000003,663.1674802368923,10.27382855324821,0.4435604702032803,0.5714359876954732,10.401704070740402,10.401704070740402
mode5_mls_dp010,C5j mode5 MLS,0.01,0.004524500000000001,4,0.8,0.9,0.000132,631.8014706469896,4.31643352157006,0.5714359876954732,0.5468638587183412,4.291861392592928,4.291861392592928
mode5_mls_dp010,C5j mode5 MLS,0.01,0.004524500000000001,5,0.9,0.95,7.200000000000002e-05,619.9428038867982,0.607546600077108,0.5468638587183412,0.41802653122205635,0.4787092725808233,0.4787092725808233
mode5_mls_dp010,C5j mode5 MLS,0.01,0.004524500000000001,6,0.95,1.0,4.800000000000001e-05,614.5189617814864,0.08047886004605476,0.41802653122205635,26.23945981412633,25.901912142950327,25.901912142950327
mode5_mls_dp010,C5j mode5 MLS,0.01,0.0055295,0,0.0,0.2,7.000000000000001e-06,673.2716684915,-1.0715408747769155,0.0,-0.005853978871880047,-1.0773948536487956,1.0773948536487956
mode5_mls_dp010,C5j mode5 MLS,0.01,0.0055295,1,0.2,0.4,2.6000000000000005e-05,680.1265752695385,-5.25696007064558,-0.005853978871880047,0.03288424424043216,-5.218221847533268,5.218221847533268
mode5_mls_dp010,C5j mode5 MLS,0.01,0.0055295,2,0.4,0.6,9.000000000000002e-05,670.4998566877025,-18.969934904231312,0.03288424424043216,0.3623690804474921,-18.64045006802425,18.64045006802425
mode5_mls_dp010,C5j mode5 MLS,0.01,0.0055295,3,0.6,0.8,0.00013400000000000003,623.3523178546006,-20.89120518852597,0.3623690804474921,0.5452948799689723,-20.708279389004492,20.708279389004492
mode5_mls_dp010,C5j mode5 MLS,0.01,0.0055295,4,0.8,0.9,0.000132,593.4211885545216,-14.398418071233303,0.5452948799689723,0.6413800744044157,-14.30233287679786,14.30233287679786
mode5_mls_dp010,C5j mode5 MLS,0.01,0.0055295,5,0.9,0.95,7.200000000000002e-05,579.512950795284,-6.400480774383601,0.6413800744044157,-0.21322588418667987,-7.255086732974696,7.255086732974696
mode5_mls_dp010,C5j mode5 MLS,0.01,0.0055295,6,0.95,1.0,4.800000000000001e-05,582.2795300485509,-3.16006636886377,-0.21322588418667987,24.862862302905132,21.916021818228042,21.916021818228042
mode6_shell_dp008,C5k mode6 shell,0.008,0.000523,0,0.0,0.2,3.5840000000000003e-06,955.2430422170357,-0.3067092479811545,0.0,0.004705793429508529,-0.30200345455164596,0.30200345455164596
mode6_shell_dp008,C5k mode6 shell,0.008,0.000523,1,0.2,0.4,3.7888e-05,949.7326404916487,-3.6415482161614006,0.004705793429508529,0.06344594646389567,-3.5828080631270134,3.5828080631270134
mode6_shell_dp008,C5k mode6 shell,0.008,0.000523,2,0.4,0.6,8.704000000000001e-05,931.1591173387221,-11.456807699498324,0.06344594646389567,-0.04302132765206286,-11.563274973614282,11.563274973614282
mode6_shell_dp008,C5k mode6 shell,0.008,0.000523,3,0.6,0.8,0.00012288000000000002,936.7565863987821,-14.85917908856148,-0.04302132765206286,0.38221989115740246,-14.433937869752013,14.433937869752013
mode6_shell_dp008,C5k mode6 shell,0.008,0.000523,4,0.8,0.9,0.000126976,915.7766113365822,-20.448086040011745,0.38221989115740246,1.2406120261854123,-19.589693904983733,19.589693904983733
mode6_shell_dp008,C5k mode6 shell,0.008,0.000523,5,0.9,0.95,7.987200000000001e-05,888.8741119984497,-16.97102662803026,1.2406120261854123,-0.741700225861467,-18.95333888007714,18.95333888007714
mode6_shell_dp008,C5k mode6 shell,0.008,0.000523,6,0.95,1.0,6.451200000000001e-05,898.4975799223307,-12.520313812716262,-0.741700225861467,47.95639477322805,36.17778118637325,36.17778118637325
mode6_shell_dp008,C5k mode6 shell,0.008,0.0015285000000000001,0,0.0,0.2,3.5840000000000003e-06,825.7034377485572,-0.6297637424267015,0.0,0.008172979631006352,-0.6215907627956951,0.6215907627956951
mode6_shell_dp008,C5k mode6 shell,0.008,0.0015285000000000001,1,0.2,0.4,3.7888e-05,816.1330216784761,-6.543611690240553,0.008172979631006352,0.06358658737693641,-6.488198082494623,6.488198082494623
mode6_shell_dp008,C5k mode6 shell,0.008,0.0015285000000000001,2,0.4,0.6,8.704000000000001e-05,797.5183265137789,-11.689500531741848,0.06358658737693641,-0.007361709782627977,-11.760448828901414,11.760448828901414
mode6_shell_dp008,C5k mode6 shell,0.008,0.0015285000000000001,3,0.6,0.8,0.00012288000000000002,798.476152433766,-19.109946243116127,-0.007361709782627977,0.5747827936213232,-18.527801739712174,18.527801739712174
mode6_shell_dp008,C5k mode6 shell,0.008,0.0015285000000000001,4,0.8,0.9,0.000126976,766.9264373212393,-17.00735895719386,0.5747827936213232,1.6891280971228158,-15.893013653692368,15.893013653692368
mode6_shell_dp008,C5k mode6 shell,0.008,0.0015285000000000001,5,0.9,0.95,7.987200000000001e-05,730.2979293302358,-7.854818519410899,1.6891280971228158,-0.6196461019023595,-10.163592718436075,10.163592718436075
mode6_shell_dp008,C5k mode6 shell,0.008,0.0015285000000000001,6,0.95,1.0,6.451200000000001e-05,738.3377602186371,-7.842707077044729,-0.6196461019023595,39.40802724041476,32.184966265272394,32.184966265272394
mode6_shell_dp008,C5k mode6 shell,0.008,0.0025335,0,0.0,0.2,3.5840000000000003e-06,699.1991608250644,-0.2861824359290237,0.0,-0.013192882715128303,-0.299375318644152,0.299375318644152
mode6_shell_dp008,C5k mode6 shell,0.008,0.0025335,1,0.2,0.4,3.7888e-05,714.647795527218,-1.316324608378564,-0.013192882715128303,0.002116791442629229,-1.3010149342208066,1.3010149342208066
mode6_shell_dp008,C5k mode6 shell,0.008,0.0025335,2,0.4,0.6,8.704000000000001e-05,714.0281140966326,-3.1135006358334234,0.002116791442629229,0.05087861080158074,-3.0647388164744718,3.0647388164744718
mode6_shell_dp008,C5k mode6 shell,0.008,0.0025335,3,0.6,0.8,0.00012288000000000002,707.4083404791388,-3.7700740108728454,0.05087861080158074,0.5889989841696669,-3.2319536375047595,3.2319536375047595
mode6_shell_dp008,C5k mode6 shell,0.008,0.0025335,4,0.8,0.9,0.000126976,675.0783014481458,-6.615231012011269,0.5889989841696669,1.4196684597979092,-5.784561536383027,5.784561536383027
mode6_shell_dp008,C5k mode6 shell,0.008,0.0025335,5,0.9,0.95,7.987200000000001e-05,644.2929882366384,-5.893658793133121,1.4196684597979092,0.6828130038306847,-6.6305142491003455,6.6305142491003455
mode6_shell_dp008,C5k mode6 shell,0.008,0.0025335,6,0.95,1.0,6.451200000000001e-05,635.433574674048,-5.463059623308028,0.6828130038306847,33.915620965686216,27.769748338547505,27.769748338547505
mode6_shell_dp008,C5k mode6 shell,0.008,0.0035390000000000005,0,0.0,0.2,3.5840000000000003e-06,501.82960932019296,-1.154952691139843,0.0,-0.05604866255346022,-1.211001353693303,1.211001353693303
mode6_shell_dp008,C5k mode6 shell,0.008,0.0035390000000000005,1,0.2,0.4,3.7888e-05,567.4616119711211,-10.121760899990896,-0.05604866255346022,0.009536040657968065,-10.056176196779468,10.056176196779468
mode6_shell_dp008,C5k mode6 shell,0.008,0.0035390000000000005,2,0.4,0.6,8.704000000000001e-05,564.669977803463,-23.547263148518674,0.009536040657968065,0.09046716747575215,-23.46633202170089,23.46633202170089
mode6_shell_dp008,C5k mode6 shell,0.008,0.0035390000000000005,3,0.6,0.8,0.00012288000000000002,552.8993700948348,-35.23022486571884,0.09046716747575215,0.6461252272792781,-34.67456680591531,34.67456680591531
mode6_shell_dp008,C5k mode6 shell,0.008,0.0035390000000000005,4,0.8,0.9,0.000126976,517.4336827536306,-34.28700807366225,0.6461252272792781,0.6008886372618601,-34.33224466367967,34.33224466367967
mode6_shell_dp008,C5k mode6 shell,0.008,0.0035390000000000005,5,0.9,0.95,7.987200000000001e-05,504.4034961803686,-16.757384658605222,0.6008886372618601,1.8544711200581474,-15.503802175808936,15.503802175808936
mode6_shell_dp008,C5k mode6 shell,0.008,0.0035390000000000005,6,0.95,1.0,6.451200000000001e-05,480.34196469180125,-14.805013022766582,1.8544711200581474,25.63776397360943,8.978279830784702,8.978279830784702
mode6_shell_dp008,C5k mode6 shell,0.008,0.0045445,0,0.0,0.2,3.5840000000000003e-06,444.6658627611786,0.6755354682354769,0.0,-0.020050652346587188,0.6554848158888897,0.6554848158888897
mode6_shell_dp008,C5k mode6 shell,0.008,0.0045445,1,0.2,0.4,3.7888e-05,468.1448256482744,2.1548250995130904,-0.020050652346587188,0.020737817686256932,2.1956135695459347,2.1956135695459347
mode6_shell_dp008,C5k mode6 shell,0.008,0.0045445,2,0.4,0.6,8.704000000000001e-05,462.0739202807258,4.676300964508096,0.020737817686256932,0.18395729918040676,4.839520446002246,4.839520446002246
mode6_shell_dp008,C5k mode6 shell,0.008,0.0045445,3,0.6,0.8,0.00012288000000000002,438.13938950886677,5.577975494236264,0.18395729918040676,0.41353055713911646,5.807548752194974,5.807548752194974
mode6_shell_dp008,C5k mode6 shell,0.008,0.0045445,4,0.8,0.9,0.000126976,415.44077811539665,6.909040842554032,0.41353055713911646,-0.15491532410143413,6.340594961313481,6.340594961313481
mode6_shell_dp008,C5k mode6 shell,0.008,0.0045445,5,0.9,0.95,7.987200000000001e-05,418.8000953847285,2.404788443553982,-0.15491532410143413,4.886683030504355,7.446386798159772,7.446386798159772
mode6_shell_dp008,C5k mode6 shell,0.008,0.0045445,6,0.95,1.0,6.451200000000001e-05,355.395992543029,-1.74103974213461,4.886683030504355,18.968899750058327,12.341176977419362,12.341176977419362
mode6_shell_dp008,C5k mode6 shell,0.008,0.005549500000000001,0,0.0,0.2,3.5840000000000003e-06,722.0358142927214,1.328759842768939,0.0,0.046507373056980945,1.37526721582592,1.37526721582592
mode6_shell_dp008,C5k mode6 shell,0.008,0.005549500000000001,1,0.2,0.4,3.7888e-05,667.5764946104351,13.326779189933179,0.046507373056980945,0.048148793285103984,13.328420610161302,13.328420610161302
mode6_shell_dp008,C5k mode6 shell,0.008,0.005549500000000001,2,0.4,0.6,8.704000000000001e-05,653.4811461018388,29.464699858060527,0.048148793285103984,0.24727504426388344,29.663826109039306,29.663826109039306
mode6_shell_dp008,C5k mode6 shell,0.008,0.005549500000000001,3,0.6,0.8,0.00012288000000000002,621.3083963255848,40.60790748580283,0.24727504426388344,0.15884619902067482,40.51947864055962,40.51947864055962
mode6_shell_dp008,C5k mode6 shell,0.008,0.005549500000000001,4,0.8,0.9,0.000126976,612.5893595321631,44.40034079531787,0.15884619902067482,1.6240987433835856,45.86559333968078,45.86559333968078
mode6_shell_dp008,C5k mode6 shell,0.008,0.005549500000000001,5,0.9,0.95,7.987200000000001e-05,577.3710040376722,23.64533399828179,1.6240987433835856,4.048120518811473,26.069355773709677,26.069355773709677
mode6_shell_dp008,C5k mode6 shell,0.008,0.005549500000000001,6,0.95,1.0,6.451200000000001e-05,524.8471451976144,24.541608342627864,4.048120518811473,28.013182732082928,48.50667055589932,48.50667055589932
mode6_shell_dp010,C5k mode6 shell,0.01,0.0005025,0,0.0,0.2,7.000000000000001e-06,985.75014872385,-0.19850539091154298,0.0,0.0063726860253430296,-0.19213270488619996,0.19213270488619996
mode6_shell_dp010,C5k mode6 shell,0.01,0.0005025,1,0.2,0.4,2.6000000000000005e-05,978.2878449496982,-1.1234149876773127,0.0063726860253430296,0.010517336869019907,-1.1192703368336359,1.1192703368336359
mode6_shell_dp010,C5k mode6 shell,0.01,0.0005025,2,0.4,0.6,9.000000000000002e-05,975.2089406109469,-4.440189741322943,0.010517336869019907,-0.05815012866445765,-4.50885720685642,4.50885720685642
mode6_shell_dp010,C5k mode6 shell,0.01,0.0005025,3,0.6,0.8,0.00013400000000000003,982.774805352971,-4.593385239207753,-0.05815012866445765,0.5935825148790189,-3.941652595664276,3.941652595664276
mode6_shell_dp010,C5k mode6 shell,0.01,0.0005025,4,0.8,0.9,0.000132,950.1931772178949,-13.083583297985808,0.5935825148790189,-0.12232619538830997,-13.799492008253136,13.799492008253136
mode6_shell_dp010,C5k mode6 shell,0.01,0.0005025,5,0.9,0.95,7.200000000000002e-05,952.8458037610931,-6.756422147664277,-0.12232619538830997,-0.20654889973977203,-6.840644852015739,6.840644852015739
mode6_shell_dp010,C5k mode6 shell,0.01,0.0005025,6,0.95,1.0,4.800000000000001e-05,955.5257499739312,-4.248286569654332,-0.20654889973977203,40.80017229268067,36.75843462276611,36.75843462276611
mode6_shell_dp010,C5k mode6 shell,0.01,0.0015080000000000002,0,0.0,0.2,7.000000000000001e-06,911.4644336215999,-0.8354891586137169,0.0,0.005217091798965308,-0.8302720668147515,0.8302720668147515
mode6_shell_dp010,C5k mode6 shell,0.01,0.0015080000000000002,1,0.2,0.4,2.6000000000000005e-05,905.3553104564712,-2.6475742853201814,0.005217091798965308,0.01627676110341554,-2.6365146160157313,2.6365146160157313
mode6_shell_dp010,C5k mode6 shell,0.01,0.0015080000000000002,2,0.4,0.6,9.000000000000002e-05,900.5903598795107,-8.915461075177895,0.01627676110341554,-0.07140100708237593,-9.003138843363686,9.003138843363686
mode6_shell_dp010,C5k mode6 shell,0.01,0.0015080000000000002,3,0.6,0.8,0.00013400000000000003,909.8802853609611,-14.830396811585326,-0.07140100708237593,0.9922928782854148,-13.766702926217535,13.766702926217535
mode6_shell_dp010,C5k mode6 shell,0.01,0.0015080000000000002,4,0.8,0.9,0.000132,855.4135233675268,-11.80201531016051,0.9922928782854148,-0.3574636659798849,-13.15177185442581,13.15177185442581
mode6_shell_dp010,C5k mode6 shell,0.01,0.0015080000000000002,5,0.9,0.95,7.200000000000002e-05,863.1650732755179,-6.087297148628439,-0.3574636659798849,-0.5648680741251828,-6.294701556773737,6.294701556773737
mode6_shell_dp010,C5k mode6 shell,0.01,0.0015080000000000002,6,0.95,1.0,4.800000000000001e-05,870.4941660855603,-3.8702823566411557,-0.5648680741251828,37.16939282592144,33.863978543405466,33.863978543405466
mode6_shell_dp010,C5k mode6 shell,0.01,0.0025135,0,0.0,0.2,7.000000000000001e-06,844.55596631285,-0.09573775995731316,0.0,-0.009935183049531681,-0.10567294300684485,0.10567294300684485
mode6_shell_dp010,C5k mode6 shell,0.01,0.0025135,1,0.2,0.4,2.6000000000000005e-05,856.1898917365364,0.10632632596566949,-0.009935183049531681,-0.027063819763432428,0.08919768925176874,0.08919768925176874
mode6_shell_dp010,C5k mode6 shell,0.01,0.0025135,2,0.4,0.6,9.000000000000002e-05,864.1127065261115,2.391021132355317,-0.027063819763432428,0.035408946594944354,2.453493898713694,2.453493898713694
mode6_shell_dp010,C5k mode6 shell,0.01,0.0025135,3,0.6,0.8,0.00013400000000000003,859.5056780164971,1.41192480013777,0.035408946594944354,1.098700530990974,2.4752163845337996,2.4752163845337996
mode6_shell_dp010,C5k mode6 shell,0.01,0.0025135,4,0.8,0.9,0.000132,799.1982207797308,-2.9532462499070995,1.098700530990974,-0.036689047637266964,-4.088635828535341,4.088635828535341
mode6_shell_dp010,C5k mode6 shell,0.01,0.0025135,5,0.9,0.95,7.200000000000002e-05,799.9938176778305,-2.9580496264147143,-0.036689047637266964,0.047887004807707724,-2.8734735739697395,2.8734735739697395
mode6_shell_dp010,C5k mode6 shell,0.01,0.0025135,6,0.95,1.0,4.800000000000001e-05,799.3724897630352,-2.9195789812750275,0.047887004807707724,34.1325550978095,31.165089111726765,31.165089111726765
mode6_shell_dp010,C5k mode6 shell,0.01,0.0035190000000000004,0,0.0,0.2,7.000000000000001e-06,799.0392024245,-0.5377914966996024,0.0,0.019153075458556157,-0.5186384212410462,0.5186384212410462
mode6_shell_dp010,C5k mode6 shell,0.01,0.0035190000000000004,1,0.2,0.4,2.6000000000000005e-05,776.6112863601268,-4.219627671141945,0.019153075458556157,0.02458375914578565,-4.214196987454715,4.214196987454715
mode6_shell_dp010,C5k mode6 shell,0.01,0.0035190000000000004,2,0.4,0.6,9.000000000000002e-05,769.4144984622576,-19.33265774305249,0.02458375914578565,0.004900969697562339,-19.352340532500712,19.352340532500712
mode6_shell_dp010,C5k mode6 shell,0.01,0.0035190000000000004,3,0.6,0.8,0.00013400000000000003,768.7768373824262,-25.580828741619737,0.004900969697562339,0.9967894960877814,-24.588940215229517,24.588940215229517
mode6_shell_dp010,C5k mode6 shell,0.01,0.0035190000000000004,4,0.8,0.9,0.000132,714.0632569173727,-19.39127035636772,0.9967894960877814,-0.022407324279474224,-20.410467176734976,20.410467176734976
mode6_shell_dp010,C5k mode6 shell,0.01,0.0035190000000000004,5,0.9,0.95,7.200000000000002e-05,714.5491566296714,-9.27553808786095,-0.022407324279474224,0.5293657751861557,-8.72376498839532,8.72376498839532
mode6_shell_dp010,C5k mode6 shell,0.01,0.0035190000000000004,6,0.95,1.0,4.800000000000001e-05,707.680701720429,-5.8332353637264385,0.5293657751861557,30.217390331120217,23.854789192207623,23.854789192207623
mode6_shell_dp010,C5k mode6 shell,0.01,0.004524500000000001,0,0.0,0.2,7.000000000000001e-06,711.6735011364001,-0.6787080321926373,0.0,0.011200819807830022,-0.6675072123848073,0.6675072123848073
mode6_shell_dp010,C5k mode6 shell,0.01,0.004524500000000001,1,0.2,0.4,2.6000000000000005e-05,698.5575372252383,0.18522436035283288,0.011200819807830022,0.047491368034227065,0.22151490857922992,0.22151490857922992
mode6_shell_dp010,C5k mode6 shell,0.01,0.004524500000000001,2,0.4,0.6,9.000000000000002e-05,684.6546470815815,4.171025314417052,0.047491368034227065,0.06457462533127994,4.188108571714104,4.188108571714104
mode6_shell_dp010,C5k mode6 shell,0.01,0.004524500000000001,3,0.6,0.8,0.00013400000000000003,676.2528964364111,0.9332313836193309,0.06457462533127994,0.9155085994859391,1.78416535777399,1.78416535777399
mode6_shell_dp010,C5k mode6 shell,0.01,0.004524500000000001,4,0.8,0.9,0.000132,626.0008084870301,-3.7222571214970266,0.9155085994859391,0.015504981138775999,-4.62226073984419,4.62226073984419
mode6_shell_dp010,C5k mode6 shell,0.01,0.004524500000000001,5,0.9,0.95,7.200000000000002e-05,625.6645851262859,-3.450932318506855,0.015504981138775999,0.5486910371672268,-2.917746262478404,2.917746262478404
mode6_shell_dp010,C5k mode6 shell,0.01,0.004524500000000001,6,0.95,1.0,4.800000000000001e-05,618.5453873531333,-2.6753785107976085,0.5486910371672268,26.411384910913448,23.187315362948613,23.187315362948613
mode6_shell_dp010,C5k mode6 shell,0.01,0.0055295,0,0.0,0.2,7.000000000000001e-06,650.52907340925,-0.1730551401258708,0.0,-0.013784496211888342,-0.18683963633775916,0.18683963633775916
mode6_shell_dp010,C5k mode6 shell,0.01,0.0055295,1,0.2,0.4,2.6000000000000005e-05,666.6704771592047,-1.8351020951127885,-0.013784496211888342,0.032185091576791426,-1.789132507324109,1.789132507324109
mode6_shell_dp010,C5k mode6 shell,0.01,0.0055295,2,0.4,0.6,9.000000000000002e-05,657.2484324597726,-9.079601067576863,0.032185091576791426,0.10007003530881974,-9.011716123844835,9.011716123844835
mode6_shell_dp010,C5k mode6 shell,0.01,0.0055295,3,0.6,0.8,0.00013400000000000003,644.2284036263907,-9.473096132958135,0.10007003530881974,0.8218181002151311,-8.751348068051824,8.751348068051824
mode6_shell_dp010,C5k mode6 shell,0.01,0.0055295,4,0.8,0.9,0.000132,599.1189688558238,-3.3392410502825185,0.8218181002151311,0.2990295868261017,-3.862029563671548,3.862029563671548
mode6_shell_dp010,C5k mode6 shell,0.01,0.0055295,5,0.9,0.95,7.200000000000002e-05,592.6345538317275,-1.2817288819074755,0.2990295868261017,0.32688387006006225,-1.253874598673515,1.253874598673515
mode6_shell_dp010,C5k mode6 shell,0.01,0.0055295,6,0.95,1.0,4.800000000000001e-05,588.3932763874564,-0.2048231336849659,0.32688387006006225,25.12391429861314,24.592207294868114,24.592207294868114
