case,safety,part,time,vel_max,vel_mean,settlement_mean_z,PorePress_min,PorePress_max,PorePress_mean,hydro_min,hydro_max,hydro_mean,Excess_min,Excess_max,Excess_mean,bottom_Excess_mean,top_Excess_maxAbs,bottom_grad_proxy,PorePressRate_maxAbs,DivVelContribution_maxAbs,HydraulicContribution_maxAbs,PorePressureAccelDiff_maxAbs
Baseline_SW3D_Xi0p10_Safety0p10,0.10,0,0.0,0.0,0.0,0.0,49.05000209808,9760.950417519,4905.000209808328,49.05000000000005,9760.950000981,4904.999999715509,0.0,0.0,0.0,0.0,0.0,0.0,0.0,0.0,0.0,0.0
Baseline_SW3D_Xi0p10_Safety0p10,0.10,1,0.01,0.007752642000000001,0.005075152107160008,-4.722658799999981e-05,49.63329779243,28682.52266904,15229.018291801209,49.63349880000005,9761.044410459,4905.463292543782,0.0,18930.31296015,10323.554777654852,18921.477840950007,0.0,-0.09186393099298584,176090450.0,19329954.000000004,156760514.9663609,11.540732000000077
Baseline_SW3D_Xi0p10_Safety0p10,0.10,2,0.02,0.0026891064000000046,0.002340876294820001,-7.448338400000291e-05,49.95351580515,27583.43858529,14737.644311547738,49.95330480000053,9761.074866585,4905.730681712536,0.0,17828.83646026,9831.913405183996,17822.363299459998,0.0,-0.046863632000167854,127302370.0,10857348.666666668,129439570.02038738,10.69382000000001
Baseline_SW3D_Xi0p10_Safety0p10,0.10,3,0.03,0.002874573000000003,0.002434871383430009,-9.914606599999912e-05,50.23470342371,26828.64761973,14432.546123359658,50.23455750000007,9761.097725847,4905.972622622956,0.0,17072.41674684,9526.573282775229,17067.549474900003,0.0,-0.01805890000105137,124139560.0,9052460.0,123993245.24838603,10.068921000000076
Baseline_SW3D_Xi0p10_Safety0p10,0.10,4,0.04,0.002800920300000001,0.0023446331189800086,-0.00012304154699999893,50.51315340897,26594.32329377,14419.344955028002,50.51296529999947,9761.117327208,4906.207037291563,0.0,16837.40459673,9513.137705915922,16833.205547860005,0.0,-0.01599242949669133,122862720.0,7849887.333333334,122803609.5766225,10.088213
Baseline_SW3D_Xi0p10_Safety0p10,0.10,5,0.05,0.002737227400000002,0.0022688908156900524,-0.0001460781380000008,50.7842531473,26307.54271576,14351.674208462035,50.78421179999992,9761.134672269,4906.433026249299,0.0,16550.18200947,9445.240983944846,16546.407623659998,0.0,-0.013696659003471723,123109940.0,7013636.000000001,123106769.8545702,9.994401900000074
Baseline_SW3D_Xi0p10_Safety0p10,0.10,6,0.06,0.002698455500000064,0.0022116887078400785,-0.0001684726630000026,51.05082349674,26055.61136184,14288.393819562056,51.050847600000075,9761.150441844,4906.652716539537,0.0,16297.87693865,9381.740890689058,16294.460503660002,0.0,-0.012941235001562745,121509100.0,6393464.266666668,121502631.73700307,9.976001700000031
Baseline_SW3D_Xi0p10_Safety0p10,0.10,7,0.07,0.002667544400000004,0.002162352971270637,-0.00019033478399999875,51.31397587286,25820.28047952,14224.51691642065,51.313951799999906,9761.165014599,4906.86718394655,0.0,16062.3211818,9317.649500985912,16059.115048870002,0.0,-0.011343593496349058,122715130.0,5913671.133333334,122706602.60550462,9.894204100000215
Baseline_SW3D_Xi0p10_Safety0p10,0.10,8,0.08,0.002642273,0.002118449400738988,-0.0002117417469999999,51.57442386465,25605.84246929,14162.54453806672,51.5742110999996,9761.178659328,4907.077186253589,0.0,15847.6266483,9255.467147245503,15844.663391329994,0.0,-0.011180011506439769,120773150.0,5532336.733333334,120760934.23173635,9.915619900000046
Baseline_SW3D_Xi0p10_Safety0p10,0.10,9,0.09,0.002617476700000002,0.002077201614259344,-0.00023273655400000284,51.83257889171,25393.97283203,14095.512148517082,51.832606499999734,9761.191536915001,4907.283145310228,0.0,15635.6232203,9188.228816939763,15632.78087682,0.0,-0.009652283999457723,122900100.0,5214600.533333334,122924709.61399934,9.803723300000172
Baseline_SW3D_Xi0p10_Safety0p10,0.10,10,0.1,0.0026069474000001125,0.0020453848145467923,-0.0002533864029999991,52.0891698248,25210.0184804,14038.264738542153,52.0893342000002,9761.203939698,4907.4857203289375,0.0,15451.45676892,9130.778813837122,15448.8141256,0.0,-0.009916303997670184,120471730.0,4944337.2,120441282.2582399,9.87367060000005
Baseline_SW3D_Xi0p10_Safety0p10,0.10,11,0.11,0.0025935848,0.0020153908203403856,-0.00027370802249999606,52.34416794512,25024.1285269,13973.533965389715,52.344296100000506,9761.215857867,4907.685075416225,0.0,15265.46925122,9065.8486837961,15262.912254010002,0.0,-0.008867967497280915,122558060.0,4754267.333333334,122538399.89874278,9.770883600000099
Baseline_SW3D_Xi0p10_Safety0p10,0.10,12,0.12,0.0025799668000000137,0.001987872577942324,-0.0002937052754999986,52.59760743678,24839.25711146,13905.851127168298,52.597492199999564,9761.22712269,4907.881248468151,0.0,15080.48414698,8997.96965732258,15078.02957173,0.0,-0.009137435499724234,120077910.0,4518116.2,120086498.73462453,9.826258700000038
Baseline_SW3D_Xi0p10_Safety0p10,0.10,13,0.13,0.0025678808000000317,0.0019594083653185386,-0.00031341624650000027,52.84979318967,24670.33012469,13843.773039571923,52.85009970000002,9761.237940177,4908.074613093647,0.0,14911.52508928,8935.698223458658,14909.091767180007,0.0,-0.007850416994187981,123588340.0,4399662.866666667,123575543.51817873,9.681276300000036
Baseline_SW3D_Xi0p10_Safety0p10,0.10,14,0.14,0.002551732600000011,0.0019283858826733666,-0.00033287314230000156,53.10103176375,24511.00261314,13783.941990198284,53.10094140000032,9761.248474155,4908.265485241467,0.0,14751.96860248,8875.67627627917,14749.753720359997,0.0,-0.008136397009366192,119783780.0,4185116.2000000007,119766548.2840639,9.798509600000004
Baseline_SW3D_Xi0p10_Safety0p10,0.10,15,0.15,0.0025456084000000027,0.001909697721283571,-0.0003520659537999992,53.35094520457,24344.8538997,13715.466035364163,53.35119449999984,9761.258770731,4908.453766722305,0.0,14585.96466278,8807.012067440857,14583.594713670003,0.0,-0.019978112995886477,118854170.0,4118568.866666667,118856071.56846756,9.7799778
Baseline_SW3D_Xi0p10_Safety0p10,0.10,16,0.16,0.0025289161000000026,0.0018787398820686088,-0.00037104317169999666,53.60018166891,24200.87680327,13658.83373427478,53.60027039999998,9761.268884841,4908.639933229848,0.0,14441.68430887,8750.193612250327,14439.607502039993,0.0,-0.00771292650642863,119620460.0,3931925.3333333335,119602621.22324161,9.755251900000015
Baseline_SW3D_Xi0p10_Safety0p10,0.10,17,0.17,0.0025204276000000423,0.0018594038376088166,-0.0003897241296999948,53.84769064095,24044.1682403,13590.56375791968,53.84758049999996,9761.278486869,4908.823193427873,0.0,14285.10599523,8681.740344815302,14282.889334479993,0.0,-0.018440641009874525,118377930.0,3896441.3333333335,118380638.44512405,9.740700700000014
Baseline_SW3D_Xi0p10_Safety0p10,0.10,18,0.18,0.0025127311000000315,0.001839122616682296,-0.000408227369400001,54.09463453441,23902.36842786,13530.254478429317,54.09430200000024,9761.288047695,4909.004710209296,0.0,14143.06578493,8621.249541697156,14141.079963920001,0.0,-0.007571669499156997,119398900.0,3685013.0666666673,119387792.4084268,9.694185300000168
Baseline_SW3D_Xi0p10_Safety0p10,0.10,19,0.19,0.002500017600000049,0.0018173291326553525,-0.0004264934452000035,54.34027424384,23761.63757844,13466.942513156691,54.34053300000024,9761.297262228,4909.183900412939,0.0,14002.26905181,8557.758407674211,14000.339899210001,0.0,-0.007806648500263691,117925500.0,3674076.866666667,117927567.33061503,9.694495200000008
Baseline_SW3D_Xi0p10_Safety0p10,0.10,20,0.2,0.00249329420000004,0.0018009267059186272,-0.0004445869567000014,54.5851928384,23621.25140671,13403.310160198913,54.584900099999594,9761.306448312,4909.361397760738,0.0,13861.88496728,8493.948562935168,13859.944540680004,0.0,-0.007320263994188281,118730300.0,3618306.466666667,118727226.72443086,9.640572500000074
Case1DConsolidation_PR_SW3F_Safety0p15_Xi0p10_T0p20,0.15,0,0.0,0.0,0.0,0.0,49.05000209808,9760.950417519,4905.000209808328,49.05000000000005,9760.950000981,4904.999999715509,0.0,0.0,0.0,0.0,0.0,0.0,0.0,0.0,0.0,0.0
Case1DConsolidation_PR_SW3F_Safety0p15_Xi0p10_T0p20,0.15,1,0.01,0.007786011300000024,0.005059516867279976,-4.629333999999919e-05,49.62312613866,28822.11832279,15304.804228178362,49.62300209999958,9761.043254841,4905.454137380901,0.0,19070.16430484,10399.349875658167,19061.07465085001,0.0,-0.12339847699331585,179069950.0,19851022.666666668,159218954.37037036,11.667801000000104
Case1DConsolidation_PR_SW3F_Safety0p15_Xi0p10_T0p20,0.15,2,0.02,0.0025518439000000084,0.00223026115534001,-7.261663600000246e-05,49.93245536326,27674.10463072,14775.104670863208,49.932311399999605,9761.073240087,4905.7123689147,0.0,17919.17794569,9869.392096398771,17913.03097493,0.0,-0.009030246001202613,128017160.0,10600974.0,130351675.75127423,10.762607000000003
Case1DConsolidation_PR_SW3F_Safety0p15_Xi0p10_T0p20,0.15,3,0.03,0.0027763734000000265,0.0023538214763100113,-9.641137500000371e-05,50.20317906088,26888.32417934,14451.464310065154,50.20306739999977,9761.095733436001,4905.945795304279,0.0,17132.71405976,9545.518303748493,17127.22802709,0.0,-0.053500798996537924,122971290.0,8867312.000000002,122804814.1121305,10.12270300000001
Case1DConsolidation_PR_SW3F_Safety0p15_Xi0p10_T0p20,0.15,4,0.04,0.002703361200000022,0.002266379683410022,-0.00011950763300000149,50.47199597188,26670.27013816,14447.21912017071,50.47195950000037,9761.115057174,4906.172369595232,0.0,16913.48488231,9541.04652830686,16909.15466518001,0.0,-0.01415190648913267,125016710.0,7696803.333333334,124952227.60652396,10.093628000000134
Case1DConsolidation_PR_SW3F_Safety0p15_Xi0p10_T0p20,0.15,5,0.05,0.002639317,0.0021926177024400397,-0.00014177128700000144,50.73344329958,26390.37399871,14381.645946652137,50.73339600000053,9761.132159928,4906.390776040933,0.0,16633.08174677,9475.254987445107,16629.241422310002,0.0,-0.013509787499060621,122592820.0,6869422.000000001,122591790.11756712,10.058594000000015
Case1DConsolidation_PR_SW3F_Safety0p15_Xi0p10_T0p20,0.15,6,0.06,0.0026018075000000633,0.002137974319310094,-0.00016341654299999967,50.99047942978,26142.77492816,14320.564955664626,50.990614200000195,9761.147714664,4906.60311600234,0.0,16385.12299833,9413.961628839204,16381.62679392,0.0,-0.01268151450312871,121561710.0,6272049.0,121551918.4206592,10.010124000000005
Case1DConsolidation_PR_SW3F_Safety0p15_Xi0p10_T0p20,0.15,7,0.07,0.0025715248,0.002090647538270292,-0.0001845541559999992,51.24416340499,25911.14236359,14258.863901271177,51.24439890000003,9761.162108876999,4906.81047598587,0.0,16153.26180985,9352.05322091611,16149.97983781,0.0,-0.009715806498206803,124407810.0,5798038.066666668,124403246.18008836,9.887641900000192
Case1DConsolidation_PR_SW3F_Safety0p15_Xi0p10_T0p20,0.15,8,0.08,0.002547190100000008,0.0020493434473303858,-0.00020524648900000191,51.49517346723,25698.21446579,14197.674576800682,51.49524060000033,9761.17557114,4907.013467772617,0.0,15940.06766665,9290.660876813648,15937.038474850004,0.0,-0.010521830496145412,121508340.0,5427635.600000001,121507583.74176012,9.945635800000023
Case1DConsolidation_PR_SW3F_Safety0p15_Xi0p10_T0p20,0.15,9,0.09,0.0025268190000000104,0.0020126049571908403,-0.00022555424349999856,51.74400727514,25496.24827397,14136.318153978005,51.74372789999968,9761.188293729,4907.212686844254,0.0,15737.90127712,9229.105258397212,15735.059565259999,0.0,-0.010270236503856722,120588760.0,5110413.133333334,120584449.14237174,9.924014100000003
Case1DConsolidation_PR_SW3F_Safety0p15_Xi0p10_T0p20,0.15,10,0.1,0.0025153875000000045,0.001983259391851203,-0.00024552355099999936,51.99113710597,25301.0683518,14072.423882872647,51.991136100000155,9761.200559171999,4907.408585750836,0.0,15542.60931883,9165.015081574635,15539.867375409993,0.0,-0.008247278008639114,123449260.0,4860870.200000001,123426949.5834183,9.810754800000602
Case1DConsolidation_PR_SW3F_Safety0p15_Xi0p10_T0p20,0.15,11,0.11,0.0024932947000000003,0.0019465830177135645,-0.0002651721190000036,52.23678090088,25126.87434182,14017.230222519414,52.236680399999976,9761.21215263,4907.601338202892,0.0,15368.24085553,9109.62867485938,15365.661771129997,0.0,-0.008776076001595357,120849990.0,4600887.2,120832698.79782537,9.889758100000027
Case1DConsolidation_PR_SW3F_Safety0p15_Xi0p10_T0p20,0.15,12,0.12,0.0024814671000000016,0.0019201100192129952,-0.0002845099780000032,52.48078727423,24945.78515981,13950.599196513553,52.480557000000125,9761.223207519,4907.79104259969,0.0,15187.03866171,9042.807938156458,15184.561532360001,0.0,-0.008899538497644244,119821940.0,4427533.933333334,119834117.91301395,9.8640928
Case1DConsolidation_PR_SW3F_Safety0p15_Xi0p10_T0p20,0.15,13,0.13,0.0024704791000000133,0.0018942124141196402,-0.00030358453819999865,52.72371662073,24776.52245389,13888.790118759654,52.723746900000094,9761.233901399999,4907.978164035246,0.0,15017.74576468,8980.81175133367,15015.28813606,0.0,-0.006182077497214777,126222230.0,4268023.200000001,126244527.31634387,9.710084900000004
Case1DConsolidation_PR_SW3F_Safety0p15_Xi0p10_T0p20,0.15,14,0.14,0.002456529500000001,0.0018668876300933263,-0.00032240907249999864,52.96561350325,24618.64071906,13829.659811776924,52.965857700000086,9761.244299019,4908.162832716717,0.0,14859.69259696,8921.496799571825,14857.396003220001,0.0,-0.007651886000530794,120484270.0,4138889.4000000004,120516730.67821953,9.823620800000093
Case1DConsolidation_PR_SW3F_Safety0p15_Xi0p10_T0p20,0.15,15,0.15,0.0024488333000000015,0.001844298900802867,-0.00034098964700000445,53.20648501382,24468.57210375,13772.121304045197,53.2066932000002,9761.254480818001,4908.345108152584,0.0,14709.51179097,8863.775990149932,14707.31720322,0.0,-0.007690189499044209,119478620.0,3973820.533333334,119469741.53448863,9.821185100000005
Case1DConsolidation_PR_SW3F_Safety0p15_Xi0p10_T0p20,0.15,16,0.16,0.0024408374000000075,0.0018245122172433732,-0.00035933285220000346,53.44623255794,24311.93713639,13708.26376927611,53.44644960000034,9761.264311419,4908.525054995602,0.0,14553.06536144,8799.73851346243,14550.672407100003,0.0,-0.02335898300043482,118851040.0,3842798.0666666673,118849967.10771324,9.795471200000005
Case1DConsolidation_PR_SW3F_Safety0p15_Xi0p10_T0p20,0.15,17,0.17,0.0024298739000000002,0.001801511768093369,-0.000377443118999996,53.68494553716,24167.77454027,13648.50919905511,53.68502880000002,9761.273854587,4908.702716712884,0.0,14408.60389188,8739.806252365443,14406.50026914,0.0,-0.007019306000074721,120591750.0,3782345.9333333336,120586559.88107374,9.748758300000157
Case1DConsolidation_PR_SW3F_Safety0p15_Xi0p10_T0p20,0.15,18,0.18,0.0024171243000000067,0.0017786654732233607,-0.0003953547050000023,53.92279154666,24026.58772757,13589.019604284638,53.9230194,9761.283205479,4908.87842937159,0.0,14267.30748927,8680.140961830968,14265.304102340006,0.0,-0.007083415493980283,118960230.0,3634094.266666667,118956500.78355423,9.76255130000001
Case1DConsolidation_PR_SW3F_Safety0p15_Xi0p10_T0p20,0.15,19,0.19,0.002411611100000002,0.0017624251449058375,-0.0004130656094999955,54.1596597037,23886.90819855,13527.34342006116,54.15983279999951,9761.292392544,4909.05217334471,0.0,14127.61216909,8618.291056675505,14125.615388319999,0.0,-0.0072673555005167145,118194680.0,3581962.5333333337,118190800.43085289,9.7349596
Case1DConsolidation_PR_SW3F_Safety0p15_Xi0p10_T0p20,0.15,20,0.2,0.002397865500000001,0.0017397717625295484,-0.0004305791155999988,54.39563108101,23750.17952379,13466.36026338033,54.39546899999964,9761.301382428,4909.223980839532,0.0,13990.79457311,8557.136071608638,13988.877725739996,0.0,-0.00623251250362955,119710350.0,3463011.2666666666,119726290.41590215,9.679993600000163
Case1DConsolidation_PR_SW3F_Safety0p20_Xi0p10_T0p20,0.20,0,0.0,0.0,0.0,0.0,49.05000209808,9760.950417519,4905.000209808328,49.05000000000005,9760.950000981,4904.999999715509,0.0,0.0,0.0,0.0,0.0,0.0,0.0,0.0,0.0,0.0
Case1DConsolidation_PR_SW3F_Safety0p20_Xi0p10_T0p20,0.20,1,0.01,0.007806964700000004,0.005053994456090019,-4.5819631999998135e-05,49.61797473498,28895.86621141,15343.073419267155,49.617704700000196,9761.042628963,4905.449490305438,0.0,19144.03912269,10437.623701933295,19134.823164519992,0.0,-0.1556729870098934,179491340.0,20132565.333333336,159358799.55759433,11.745698000000006
Case1DConsolidation_PR_SW3F_Safety0p20_Xi0p10_T0p20,0.20,2,0.02,0.0024810403000000013,0.0021732954576600062,-7.167053700000125e-05,49.92183344234,27717.95926499,14794.29107796682,49.921814700000226,9761.072299308,4905.70308768349,0.0,17963.10272411,9888.587771527813,17956.88654878,0.0,-0.0025471379958617035,128613620.0,10469540.666666666,131053087.15256543,10.80262400000003
Case1DConsolidation_PR_SW3F_Safety0p20_Xi0p10_T0p20,0.20,3,0.03,0.002726626600000003,0.0023128436497399985,-9.502390999999927e-05,50.18724760032,26919.72840616,14460.725427243568,50.18727329999991,9761.094541520999,4905.932184272596,0.0,17163.69019026,9554.793003993143,17158.633445249994,0.0,-0.013594444011687301,126159390.0,8778912.0,125989480.1787292,10.08557200000058
Case1DConsolidation_PR_SW3F_Safety0p20_Xi0p10_T0p20,0.20,4,0.04,0.0026543776000000005,0.002226814440710014,-0.00011772138899999928,50.45123517222,26709.25648869,14461.511049780682,50.45096610000052,9761.11365042,4906.154846541609,0.0,16953.13914828,9555.35597856064,16948.14242016,0.0,-0.05477064500155393,123104350.0,7618629.333333335,123031757.52089706,10.138980000000002
Case1DConsolidation_PR_SW3F_Safety0p20_Xi0p10_T0p20,0.20,5,0.05,0.002589958500000008,0.002153963068490039,-0.0001395875919999984,50.70781249424,26432.53174322,14396.766522268237,50.707595700000496,9761.130565803,4906.369353993074,0.0,16675.27771272,9490.396938746564,16671.400760610002,0.0,-0.013135883993527386,122427170.0,6799204.000000001,122425952.56472987,10.076926000000002
Case1DConsolidation_PR_SW3F_Safety0p20_Xi0p10_T0p20,0.20,6,0.06,0.0025528986000000107,0.0021005570727900677,-0.00016085414099999853,50.96002873168,26185.15164316,14336.325243442128,50.96020319999986,9761.145946902,4906.577978838704,0.0,16427.55350489,9429.7470245166,16424.00527952,0.0,-0.011177192500326782,122714020.0,6204862.800000001,122707211.76418623,10.032838000000012
Case1DConsolidation_PR_SW3F_Safety0p20_Xi0p10_T0p20,0.20,7,0.07,0.0025229547000000037,0.0020542599391201164,-0.00018162504999999705,51.2089523298,25957.52587122,14276.187570995622,51.208788599999714,9761.160172382999,4906.781741456002,0.0,16199.68045245,9369.405602038978,16196.365282740002,0.0,-0.008231764999436564,124197080.0,5741194.533333334,124194686.18348628,9.940184600000473
Case1DConsolidation_PR_SW3F_Safety0p20_Xi0p10_T0p20,0.20,8,0.08,0.0024990027000000342,0.0020138558694901515,-0.00020196284600000074,51.45521231576,25747.42841087,14216.542807649434,51.4555101,9761.173478667,4906.981255234755,0.0,15989.30792256,9309.56134400362,15986.254512540003,0.0,-0.010602925998682622,120810510.0,5367539.200000001,120805338.49337414,9.959566100000004
Case1DConsolidation_PR_SW3F_Safety0p20_Xi0p10_T0p20,0.20,9,0.09,0.0024789409000000135,0.001977735622050171,-0.00022192037700000046,51.69931608734,25546.8317025,14156.148562649747,51.69928859999966,9761.186046258,4907.177038613873,0.0,15788.52608453,9248.971346478189,15785.645239679998,0.0,-0.009655648005718831,120937930.0,5062891.800000001,120936846.55589537,9.944284400000003
Case1DConsolidation_PR_SW3F_Safety0p20_Xi0p10_T0p20,0.20,10,0.1,0.00246067530000001,0.0019449779599803412,-0.00024153413600000144,51.94167651567,25354.24103163,14094.420151994971,51.94139939999965,9761.198033097,4907.369449589721,0.0,15595.78633426,9187.050492195383,15593.04258196,0.0,-0.00847380599770986,121287300.0,4793616.9333333345,121318523.7607883,9.922479600000047
Case1DConsolidation_PR_SW3F_Safety0p20_Xi0p10_T0p20,0.20,11,0.11,0.002446219800000018,0.001914826929810377,-0.00026084172800000093,52.18253593544,25176.52763369,14035.968210721941,52.18233300000026,9761.209512759,4907.558857067192,0.0,15417.95838635,9128.40913348851,15415.317703579998,0.0,-0.003896529500707402,129381170.0,4577578.333333334,129386660.70472308,9.763875000000002
Case1DConsolidation_PR_SW3F_Safety0p20_Xi0p10_T0p20,0.20,12,0.12,0.002438562500000008,0.0018900669979708112,-0.0002798618450000022,52.42199255314,25006.51764178,13976.52709939947,52.4220894000004,9761.220489168,4907.745444414962,0.0,15247.78761323,9068.781446774019,15245.296736440001,0.0,-0.008816294501230004,119946950.0,4405116.333333334,119931561.52089706,9.882040000000007
Case1DConsolidation_PR_SW3F_Safety0p20_Xi0p10_T0p20,0.20,13,0.13,0.0024192841000000073,0.0018586392415618034,-0.0002986145594999979,52.66031382502,24842.06509608,13918.31473873619,52.65998189999989,9761.231051595001,4907.929408544206,0.0,15083.24008277,9010.385133098758,15080.83362935,0.0,-0.007959984503031592,120102910.0,4224033.066666667,120100833.23207614,9.875760100000006
Case1DConsolidation_PR_SW3F_Safety0p20_Xi0p10_T0p20,0.20,14,0.14,0.0024123590000000015,0.0018376883465857042,-0.0003170968070000032,52.89728743737,24676.67235791,13854.878047841854,52.897383900000186,9761.241205926,4908.1107193922035,0.0,14917.7662539,8946.767123271726,14915.430732679999,0.0,-0.006942231999346404,121228850.0,4079744.5333333337,121225645.98233096,9.841896100000072
Case1DConsolidation_PR_SW3F_Safety0p20_Xi0p10_T0p20,0.20,15,0.15,0.0024044656000000004,0.0018164711125781797,-0.0003353562990000004,53.13340203861,24521.4569166,13794.87274063008,53.13360870000001,9761.251178772,4908.289845008695,0.0,14762.78883417,8886.582690419964,14760.205319139995,0.0,-0.02835190450787195,119132970.0,3950137.6666666674,119121246.95820594,9.825475700000002
Case1DConsolidation_PR_SW3F_Safety0p20_Xi0p10_T0p20,0.20,16,0.16,0.002391409800000017,0.001791659634965699,-0.0003533937010000009,53.36857584438,24373.86115511,13735.831127926547,53.36875439999985,9761.260904406001,4908.46679192237,0.0,14614.76763349,8827.364144000065,14612.599832209997,0.0,-0.007739901502645807,119097730.0,3831592.6666666674,119093463.37410806,9.8138533
Case1DConsolidation_PR_SW3F_Safety0p20_Xi0p10_T0p20,0.20,17,0.17,0.0023841201000000057,0.0017726037249561014,-0.00037120650960000316,53.60273778278,24228.41513169,13676.187513732308,53.60262479999982,9761.270336721,4908.6415355746885,0.0,14469.2527268,8767.54576594468,14467.144376570004,0.0,-0.007232844496684265,119469040.0,3716878.933333334,119462416.34998304,9.803240800000019
Case1DConsolidation_PR_SW3F_Safety0p20_Xi0p10_T0p20,0.20,18,0.18,0.0023703724000000135,0.0017485771395403926,-0.0003888236189999999,53.83609937779,24089.38248725,13618.103848854784,53.83590660000011,9761.279592456,4908.8143594178955,0.0,14330.15749687,8709.289260199632,14328.102478699997,0.0,-0.005084542004624382,121508060.0,3608266.533333334,121527948.63676523,9.728610000000481
Case1DConsolidation_PR_SW3F_Safety0p20_Xi0p10_T0p20,0.20,19,0.19,0.0023646767000000007,0.0017316070386788629,-0.0004062362419999943,54.06841894304,23952.43258331,13559.061682113363,54.06859979999961,9761.28858234,4908.9851772495285,0.0,14193.41627939,8650.076289170825,14191.143581899994,0.0,-0.024935363504482666,118238100.0,3487032.866666667,118226969.63506627,9.7512331
Case1DConsolidation_PR_SW3F_Safety0p20_Xi0p10_T0p20,0.20,20,0.2,0.0023552603000000457,0.001713658760259275,-0.0004234570813000003,54.29982003616,23818.22354358,13499.327716506079,54.299625300000535,9761.297343651,4909.15411368307,0.0,14058.88619757,8590.173391160368,14056.925780569998,0.0,-0.006822261502748006,118257020.0,3441881.066666667,118256281.71253824,9.736120200000018
