time,region,return_status,count,failed_count,status_-3,status_-1,neighbor_count_all_mean,neighbor_count_specimen_mean,support_ratio_mean,kernel_support_ratio_to_core_mean,nearest_neighbor_mean,velocity_mean,velocity_gradient_norm_mean,axial_strain_rate_mean,radial_strain_rate_mean,shear_rate_mean,DivVel_mean,PorePressRate_maxAbs,p_eff_mean,q_mean,q_over_p_mean,pc_mean,yield_residual_mean,yield_residual_maxAbs,return_iterations_max,pairwise_reaction_avg
0.0,bottom_cap_zone,0,18,0,0,0,147.72222222222223,105.5,0.9890317269689002,0.9890317269689002,0.009999999799999996,0.0,0.0,0.0,0.0,0.0,0.0,0.0,50.0,0.0,0.0,120.0,0.0,0.0,0.0,0.144809
0.0,edge_ring,0,112,0,0,0,95.64285714285714,68.14285714285714,0.7114594882369503,0.7114594882369503,0.009999997557142851,0.0,0.0,0.0,0.0,0.0,0.0,0.0,50.0,0.0,0.0,120.0,0.0,0.0,0.0,0.14480900000000027
0.0,interior,0,38,0,0,0,148.42105263157896,144.1578947368421,0.9823286042860895,0.9823286042860895,0.00999999853157895,0.0,0.0,0.0,0.0,0.0,0.0,0.0,50.0,0.0,0.0,120.0,0.0,0.0,0.0,0.1448090000000001
0.0,lateral_surface,0,196,0,0,0,99.0,97.08163265306122,0.7117217925170535,0.7117217925170535,0.00999999844897961,0.0,0.0,0.0,0.0,0.0,0.0,0.0,50.0,0.0,0.0,120.0,0.0,0.0,0.0,0.14480899999999958
0.0,measurement_core,0,25,0,0,0,158.0,158.0,0.9999999999999997,0.9999999999999997,0.009999998560000002,0.0,0.0,0.0,0.0,0.0,0.0,0.0,50.0,0.0,0.0,120.0,0.0,0.0,0.0,0.144809
0.0,top_cap_zone,0,18,0,0,0,147.72222222222223,105.5,0.989031728771118,0.989031728771118,0.009999996000000011,0.0,0.0,0.0,0.0,0.0,0.0,0.0,50.0,0.0,0.0,120.0,0.0,0.0,0.0,0.144809
0.000503,bottom_cap_zone,0,18,0,0,0,147.72222222222223,105.5,0.9864950014146401,0.9864950014146401,0.010000000451604832,8.990746695675701e-05,0.03475038726291032,8.054397646268364e-05,0.023821902514153878,0.0485205106646075,0.017524511944444446,13912527.0,35.363557481481486,7.16021709337338,0.20521129124964485,120.0,-4249.028772222223,4596.9512,0.0,0.32969450000000017
0.000503,edge_ring,0,112,0,0,0,95.64285714285714,68.14285714285714,0.7096554838969189,0.7096554838969189,0.009999998557299597,0.0007531481304779814,0.041115305496740875,-3.582143527953667e-05,0.028549028899559986,0.05797363144781953,0.016323805767857146,14678286.0,34.4963101279762,8.887282669293255,0.2578905806794665,120.0,-4164.8545901785765,4271.8604,0.0,0.3296944999999999
0.000503,interior,0,58,0,0,0,150.0,147.20689655172413,0.9856640324961469,0.9856640324961469,0.009999998568965517,0.00010009118841659187,0.033159849839760655,-1.4446595811650454e-05,0.02328689004700363,0.04689058311296939,0.021312232724137924,14560125.0,32.143458885057484,8.394246532686141,0.2616320551537658,120.0,-3994.940037931034,4327.084,0.0,0.32969450000000006
0.000503,lateral_surface,0,196,0,0,0,99.0,97.08163265306122,0.7098926069203472,0.7098926069203472,0.009999998571428593,0.0007565805606056218,0.04147643387784035,-1.0331479193856834e-05,0.02882926526135326,0.05855686715616795,0.019614803071428575,15441555.0,33.56324797959181,8.0132484204873,0.24035910601032145,120.0,-4108.254763265303,4292.2847,0.0,0.32969450000000083
0.000503,measurement_core,0,5,0,0,0,178.0,178.0,0.9999999999999998,0.9999999999999998,0.009999998599999999,1.0650014011355707e-10,0.03758974601093496,-2.3427285537290232e-06,0.026579964167308862,0.05315992861482416,0.016439312199999997,10960540.0,36.226247533333336,6.35595820000069,0.1754517404121681,120.0,-4329.7267600000005,4329.7744,0.0,0.3296945
0.000503,top_cap_zone,0,18,0,0,0,147.72222222222223,105.5,0.9865602579863916,0.9865602579863916,0.009999998222222275,8.990745224536418e-05,0.03475038789589977,8.054231731082498e-05,0.023821902770710935,0.048520511384009875,0.017524510777777783,13912524.0,35.36355724074074,7.160216965647725,0.2052112931726938,120.0,-4249.028722222223,4596.9512,0.0,0.32969450000000017
0.000603,bottom_cap_zone,0,18,0,0,0,147.72222222222223,105.5,0.9864947221084434,0.9864947221084434,0.010000000191459902,0.0001072353992691813,0.03693427640905185,-0.0005114512102644342,0.025476802269160492,0.05172725403037402,0.03625848633333333,28667074.0,29.254323611111115,10.172223349724222,0.3577125158784011,120.0,-3700.3672166666665,4314.0029,0.0,0.3580015000000001
0.000603,edge_ring,0,112,0,0,0,95.64285714285714,68.14285714285714,0.7096587868914138,0.7096587868914138,0.009999993715231359,0.0008942350714378838,0.04662550953631284,-0.007180509890684139,0.0313123265631573,0.06569634171256736,0.03231080522321428,30167330.0,35.4795094077381,18.764328002796685,0.5123364679967662,120.0,-3763.5298633928546,4147.8564,0.0,0.35800150000000025
0.000603,interior,0,58,0,0,0,150.0,147.20689655172413,0.9856631526860773,0.9856631526860773,0.00999999741379311,0.00011564464039867862,0.03385129290603056,-0.002394559095155895,0.023648711931965896,0.047865954238897654,0.04249100053448278,29542926.0,25.08269753448277,12.006421268689438,0.48030476007768935,120.0,-3281.531986206897,3919.1995,0.0,0.3580015000000002
0.000603,lateral_surface,0,196,0,0,0,99.0,97.08163265306122,0.7098912438947879,0.7098912438947879,0.009999998081632676,0.0007278471167000997,0.03995861177392989,-0.0020977643683572677,0.027751558785627697,0.056407833818756505,0.037520544035714275,31025182.0,27.32012384863947,11.21128034029633,0.41768500402486264,120.0,-3509.1310015306117,3873.5796,0.0,0.35800150000000025
0.000603,measurement_core,0,5,0,0,0,178.0,178.0,0.9999999999999998,0.9999999999999998,0.009999998599999999,1.6726129327471254e-06,0.03667057683981095,-0.0015643017847240637,0.025867401184400805,0.05186002710690536,0.034250015999999994,23031854.0,30.48701913333333,9.066252700000538,0.29737762160168824,120.0,-3847.5294999999996,3856.866,0.0,0.35800150000000003
0.000603,top_cap_zone,0,18,0,0,0,147.72222222222223,105.5,0.9865732785227098,0.9865732785227098,0.009999986888888935,0.00039496466088379174,0.04275474788355542,-0.01766228271218427,0.02672674976301822,0.06005979323629143,0.02945430933333333,24566194.0,49.79101503703704,28.759699678895053,0.5772410492346519,120.0,-3905.014627777778,4366.4092,0.0,0.3580015000000001
0.000704,bottom_cap_zone,0,18,0,0,0,147.72222222222223,105.5,0.9864942406124394,0.9864942406124394,0.009999999419140863,0.00012810160445897564,0.03804964819498155,-0.0012849704051505538,0.02637720225855128,0.05343044024297234,0.03862815694444444,30078906.0,22.66928538888889,13.387149491927326,0.6275930865984662,120.0,-2967.4620555555553,3929.5303,0.0,0.38220619999999994
0.000704,edge_ring,0,112,0,0,0,95.64285714285714,68.14285714285714,0.7096617055180893,0.7096617055180893,0.009999974961594995,0.0010555932989410614,0.05323405516338231,-0.013947520733455825,0.03361006895861909,0.07489230412176019,0.03211465315178571,31324546.0,35.852784244047605,29.719095564103366,0.8214140876089432,120.0,-2693.2030522321415,3681.3413,0.0,0.3822061999999994
0.000704,interior,0,58,0,0,0,150.0,147.20689655172413,0.9856625909678908,0.9856625909678908,0.009999991810344862,0.00013697664652213257,0.03419798987120524,-0.005271703788409124,0.023398716247555195,0.04835522904855789,0.04045476367241379,29692218.0,18.36242127011495,16.026871670082194,0.8780001547005917,120.0,-2422.7973206896554,3484.7224,0.0,0.3822061999999999
0.000704,lateral_surface,0,196,0,0,0,99.0,97.08163265306122,0.7098904430834317,0.7098904430834317,0.009999994959191981,0.0006781849520893163,0.03802375166935902,-0.004606084930123799,0.02587302428368328,0.05365537147193358,0.03260538424489796,30521352.0,21.90042873316326,14.286070658745,0.6852994632146302,120.0,-2865.2295581632657,3518.5352,0.0,0.3822061999999992
0.000704,measurement_core,0,5,0,0,0,178.0,178.0,1.0,1.0,0.009999997,8.58788540515772e-06,0.03496332647889209,-0.0037163029626728454,0.02440297406453187,0.049445610492127534,0.0352814766,24447278.0,24.575053866666668,12.154485500000465,0.49445814854926323,120.0,-3228.78618,3289.2634,0.0,0.3822062
0.000704,top_cap_zone,0,9,0,0,0,152.22222222222223,120.44444444444444,0.9868465365784781,0.9868465365784781,0.009999942444444472,0.00050713322505112,0.04743618717904638,-0.024608191492170396,0.028390287863310645,0.06693233508210236,0.02677117533333333,19236572.0,41.64627766666667,36.40000517117759,0.8778868965441741,120.0,-3364.3883555555562,3851.5479,0.0,0.38220620000000005
0.000704,top_cap_zone,1,9,0,0,0,143.22222222222223,90.55555555555556,0.9863252146761455,0.9863252146761455,0.009999942444444472,0.001067153998050911,0.06339186612346918,-0.044737325181516435,0.031263682242388284,0.08941724687725629,0.016679531900000003,12171977.0,85.11995370370371,65.3350483439072,0.7682433188044777,120.00042111111111,5.486131675555556e-06,3.7477883e-05,5.0,0.38220620000000005
0.000804,bottom_cap_zone,0,18,0,0,0,147.72222222222223,105.5,0.9864934686250901,0.9864934686250901,0.009999997010695566,0.00015027814613049394,0.03808352138818383,-0.0022194106149722873,0.026496573674694324,0.053603095547904905,0.03974972999999998,30509246.0,15.800452346296295,16.71384363464582,1.2325312819931284,120.0,-2048.006083333334,3431.8013,0.0,0.3739097500000001
0.000804,edge_ring,0,92,0,0,0,94.95652173913044,69.30434782608695,0.6950803222230457,0.6950803222230457,0.00999996199040874,0.001099249879029302,0.05543925306155514,-0.013518679364899632,0.03444338107587197,0.0778913978665809,0.033828717173913045,31462646.0,25.41227787231885,31.82312332022756,1.3946993439881639,120.0,-1827.4921194565218,3002.7463,0.0,0.3739097499999997
0.000804,edge_ring,1,20,0,0,0,98.8,62.8,0.7767496087977787,0.7767496087977787,0.009999887200046945,0.0017412582282475824,0.07871773003281521,-0.049204793840147684,0.03969030824540025,0.11026759078394319,0.02318327805,19864690.0,77.15974318333333,68.24184162141721,0.8987783648906079,120.00441999999995,7.820131136080002e-06,2.4772455e-05,21.0,0.3739097500000001
0.000804,interior,0,58,0,0,0,150.0,147.20689655172413,0.9856622893731809,0.9856622893731809,0.00999998232758642,0.0001650038073850962,0.034177594562488985,-0.008371341351590886,0.022555452127247008,0.048326875462999234,0.036644032086206896,29133790.0,12.279167183333335,20.465293323866074,1.711579756321632,120.0,-1461.091731034483,2993.9321,0.0,0.3739097499999996
0.000804,lateral_surface,0,196,0,0,0,99.0,97.08163265306122,0.7098902294903272,0.7098902294903272,0.009999988816367992,0.0006118466152538514,0.035935822645715224,-0.007332239024394592,0.02328936296840921,0.05068658885961641,0.026338649376020415,28999340.0,17.530229086768717,17.256287925223738,1.1346319356104557,120.0,-2238.3412711224482,3270.0134,0.0,0.3739097500000005
0.000804,measurement_core,0,5,0,0,0,178.0,178.0,1.0,1.0,0.009999992600000002,2.3093148847619137e-05,0.03266798642282743,-0.006236960764819406,0.02225376565686022,0.04619950945458267,0.034448205999999995,24992852.0,18.802750533333334,15.655028800000554,0.8319505837655476,120.0,-2491.9583599999996,2665.783,0.0,0.37390975
0.000804,top_cap_zone,0,9,0,0,0,152.22222222222223,120.44444444444444,0.986853350216253,0.986853350216253,0.009999875444445758,0.000809009874008179,0.05741444039732413,-0.03693970052257204,0.030842207346972253,0.08115774588884993,0.020304732444444445,14941961.0,46.80955959259259,53.617082206298356,1.1509167050365483,120.0,-2044.0694777777778,2583.9385,0.0,0.37390975000000004
0.000804,top_cap_zone,1,9,0,0,0,143.22222222222223,90.55555555555556,0.9863418736057569,0.9863418736057569,0.009999875444445758,0.0015384863032561974,0.07942351740174629,-0.06167756137171576,0.03509070300134345,0.11221525863291812,0.0131266767,9858003.0,89.69199896296296,62.54415935473051,0.6977081959337817,120.01329555555556,3.265854012222222e-08,6.8089321e-08,22.0,0.37390975000000004
0.000905,bottom_cap_zone,0,14,0,0,0,148.5,103.07142857142857,0.9902025282305011,0.9902025282305011,0.009999994943085459,0.00015634027388258294,0.03813154716620609,-0.0036003915014220364,0.02655150528405866,0.05374120780182944,0.03805043028571429,29875636.0,10.73192375952381,19.19106085312065,2.979172803525066,120.0,-1274.4019285,2816.0078,0.0,0.3739097500000001
0.000905,bottom_cap_zone,1,4,0,0,0,145.0,114.0,0.9735069713344167,0.9735069713344167,0.009999991000000397,0.00022839775625450496,0.03331898455392514,-0.002209728454961149,0.02330147576729169,0.0471201595916686,0.044953682499999995,29947254.0,3.0872347916666665,22.797952019131312,7.384586388009699,119.99934,-2.978595125e-11,2.9899638e-11,5.0,0.37390975
0.000905,edge_ring,0,72,0,0,0,94.44444444444444,69.55555555555556,0.6908081100001898,0.6908081100001898,0.009999945086509192,0.001123954604155174,0.05655992725516215,-0.013809872483764647,0.03438514506712113,0.07928002640972803,0.03362654722222222,28738350.0,17.756338180046296,34.93939281868326,3.0975033499564146,120.0,-805.3576902916666,1975.7777,0.0,0.3739097499999995
0.000905,edge_ring,1,40,0,0,0,97.8,65.6,0.7436104127214455,0.7436104127214455,0.009999858975004345,0.0017668703223190723,0.07975637267607823,-0.04395274352540055,0.0404759000275692,0.11150063702677984,0.028561507599999997,30587304.0,58.59461542166664,60.14497237346067,2.097371732602,120.00569299999998,1.6314286529609995e-06,7.915397e-06,22.0,0.3739097499999997
0.000905,interior,0,54,0,0,0,150.37037037037038,148.03703703703704,0.9865626867425492,0.9865626867425492,0.00999996596296404,0.00019665827183028043,0.03384969358224167,-0.012120498269808669,0.021116315870021968,0.04786221154531927,0.031025186157407406,27725208.0,7.341389629876543,25.400987384008996,4.295048803871861,120.0,-479.12959544444453,2355.6541,0.0,0.3739097499999996
0.000905,interior,1,4,0,0,0,145.0,136.0,0.9735072343061967,0.9735072343061967,0.009999991000000397,0.0002041862956012309,0.03069137239327097,-0.001010955747255189,0.021465201068120776,0.04335669082705253,0.0405155485,26993650.0,3.1485729833333336,23.017310902138814,7.310394589542392,119.99969,2.513013175e-06,2.5132199e-06,4.0,0.37390975
0.000905,lateral_surface,0,192,0,0,0,98.52083333333333,96.75,0.7053936919648511,0.7053936919648511,0.009999979645974209,0.0005368828666130606,0.03392410061360692,-0.010184090524405944,0.02010394519600938,0.047824088375513496,0.018744520342499998,25167680.0,14.634898896909727,20.06718405179195,2.0677591698699564,120.0,-1723.4900652239587,3127.6155,0.0,0.3739097500000006
0.000905,lateral_surface,1,4,0,0,0,122.0,113.0,0.9257452167310075,0.9257452167310075,0.009999992000000799,0.00041587989164185407,0.030909591470046578,-0.000981002164011668,0.02151995097597917,0.043578373421747994,0.0398251425,26520604.0,2.995632775,22.46589931160917,7.49955051203156,119.9985,4.4319009e-08,4.4325418e-08,5.0,0.37390975
0.000905,measurement_core,0,5,0,0,0,178.0,178.0,1.0,1.0,0.009999983399999999,4.612507676074514e-05,0.029915889224426784,-0.008837713734942779,0.019513722232124504,0.04230745627163548,0.032072603,24546790.0,13.428545259999998,19.539188910000533,1.4627509994946437,120.0,-1667.3868200000002,2005.7329,0.0,0.37390975
0.000905,top_cap_zone,0,1,0,0,0,178.0,144.0,1.0000626930091119,1.0000626930091119,0.009999796000000005,0.0011102963000000064,0.07137071557113524,-0.048502702496098456,0.037022067012194446,0.100933433916972,0.0076885424,5161131.5,61.81288733333333,69.07708900000011,1.1175192096672935,120.0,-407.6235,407.6235,0.0,0.37390975
0.000905,top_cap_zone,1,17,0,0,0,145.94117647058823,103.23529411764706,0.9858169682203775,0.9858169682203775,0.00999979694118268,0.0015311338478234571,0.0797286404455814,-0.06097140516753039,0.03584327432792802,0.11271410320060393,0.015315612323529414,12441237.0,72.42852860784315,65.92045434620802,1.012116546042835,120.01383352941174,5.3849908874117645e-06,2.2725606e-05,18.0,0.3739097500000001
0.001005,bottom_cap_zone,-1,8,8,0,8,149.0,117.5,0.9851458143892055,0.9851458143892055,0.009999986000001201,0.00016753954027979087,0.031882771847574674,-0.0030624602980521033,0.022273440306077502,0.04507123965071818,0.04275002562499999,28529658.0,-4.191387791666667,26.191285697161874,-6.248737685136059,119.99967,-4.19139795,4.1978178,0.0,0.37390975000000004
0.001005,bottom_cap_zone,0,10,0,0,0,146.7,95.9,0.9875671316891779,0.9875671316891779,0.00999999249433078,0.00020996513317110953,0.03777459088345032,-0.0055646086229374555,0.026204610678224615,0.05331184526132726,0.0344304307,24029802.0,7.343611431066668,20.94623170959904,3.1533720665255,120.0,-736.025008,2086.8723,0.0,0.37390975000000004
0.001005,edge_ring,-3,4,4,4,0,88.0,56.0,0.6182646914797789,0.6182646914797789,0.009999790000864912,0.002581265241487409,0.11214165400307788,-0.05691103639291534,0.057235129423333066,0.15568691592712422,0.036950024,24633992.0,73.96847266666667,93.76232717966208,1.267598529473431,120.00291,3888.03345,3888.0342,8.0,0.37390975
0.001005,edge_ring,-1,28,28,0,28,99.71428571428571,74.57142857142857,0.7349030919973975,0.7349030919973975,0.010000000196714973,0.0008772505051298168,0.04393950370871302,-0.0007833746310235391,0.028757608384887785,0.0610538010973729,0.03901815221428573,28763496.0,-2.818630469047619,28.219296382529,-12.757161489425803,119.99964714285714,-2.818640525,4.4150448,0.0,0.3739097499999999
0.001005,edge_ring,0,8,0,0,0,81.0,64.0,0.5416829583387683,0.5416829583387683,0.00999979700076322,0.0017550693877916449,0.08841584383328599,-0.04474271652854931,0.04530414120747964,0.12464829961544335,0.027164368499999998,18106944.0,36.16125841666667,61.8094647696703,1.7092730584061464,120.0,-545.2591325000001,545.25989,0.0,0.37390975000000004
0.001005,edge_ring,1,72,0,0,0,96.11111111111111,66.77777777777777,0.7235964550622499,0.7235964550622499,0.009999845221155162,0.0016093952607691552,0.07405737113646885,-0.0352964751672807,0.038502563900283684,0.10330542218362332,0.029177987416666662,25865126.0,40.316326541064825,52.517446425078695,3.0965779890346843,120.00395555555559,8.773762341653333e-06,7.789192e-05,21.0,0.3739097499999995
0.001005,interior,-1,32,32,0,32,149.0,146.75,0.9851475082042745,0.9851475082042745,0.00999999300000034,0.00012322932973521397,0.024406075247480015,-0.0030772889065508622,0.01695929466424898,0.03448198379637848,0.0340135190625,25330684.0,-1.7570503520833336,25.143933715694015,-18.012033308042614,119.99996125000001,-1.7570603631250001,3.1187227,0.0,0.3739097499999998
0.001005,interior,0,2,0,0,0,178.0,169.0,1.0000054439022306,1.0000054439022306,0.009999890000000003,0.0003446207055001415,0.04409594064829768,-0.021387470050701688,0.025166605083399306,0.06236107731042161,0.01711223455,22722628.0,16.338569393333334,33.670142410000174,2.569244464200576,120.0,-1022.1004399999999,1472.2209,0.0,0.37390975
0.001005,interior,1,24,0,0,0,149.0,146.0,0.9851540251391621,0.9851540251391621,0.00999989750000739,0.0003675196775401234,0.04268855799639918,-0.028248766305524323,0.021867949271620963,0.060352923269747616,0.015517569804166666,18134888.0,8.922446055833332,36.15177119330473,4.761196682264054,119.99902166666668,1.1350369274920415e-07,5.5829332e-07,6.0,0.37390975
0.001005,lateral_surface,-1,24,24,0,24,119.66666666666667,115.5,0.9006228753627353,0.9006228753627353,0.00999999366666745,0.00048072969316486757,0.029241677450041834,-0.002199624223083513,0.02006827017857096,0.04110720931167385,0.03079027325,23219276.0,-1.3824406486111114,24.850452087873776,-22.850123197466345,119.99974999999999,-1.3824506216666663,2.849524,0.0,0.37390975
0.001005,lateral_surface,0,136,0,0,0,90.5,88.73529411764706,0.6323948241439864,0.6323948241439864,0.009999962824012781,0.0004085518073842807,0.03159627862209765,-0.014716002926557581,0.014560142107636731,0.044482192666345906,0.0051992094224999974,14554948.0,17.374911997352942,21.371502854868528,1.588955450433717,120.0,-2005.807429,3048.8828,0.0,0.3739097500000007
0.001005,lateral_surface,1,36,0,0,0,117.33333333333333,116.33333333333333,0.8755029442775963,0.8755029442775963,0.009999967777784172,0.0006095496892111654,0.03647482296520563,-0.011064078453479266,0.022103563779559438,0.05142237307505715,0.022949195838888888,19266240.0,4.704860078333334,26.75518812951354,6.550161791441628,119.99887333333335,5.0665107546666655e-09,1.7702632e-08,6.0,0.37390974999999976
0.001005,measurement_core,0,5,0,0,0,178.0,178.0,1.0,1.0,0.009999973399999999,7.694887262053678e-05,0.026996511999123278,-0.011406943678235092,0.016370637605880898,0.038178833405928134,0.0281586858,22941186.0,8.710192408666666,23.737437887000464,2.9153844874614263,120.0,-800.964192,1316.6144,0.0,0.37390975
0.001005,top_cap_zone,1,18,0,0,0,147.72222222222223,105.5,0.9866179625256262,0.9866179625256262,0.009999704000019797,0.0017912222654808071,0.08777596368563548,-0.06816801916540624,0.03858748774752608,0.12407505586553517,0.015426893916666672,11495095.0,74.69306627777777,66.47849867558234,0.9581339429699598,120.01893555555557,2.375927806611111e-06,9.1347938e-06,19.0,0.3739097500000001
0.001106,bottom_cap_zone,-1,12,12,0,12,144.66666666666666,107.0,0.9810603660650129,0.9810603660650129,0.009999980654614585,0.00021667798077583473,0.03045171493250084,-0.004859283369882401,0.02106721603612739,0.04302507397761913,0.037141553166666674,26194266.0,-7.467602855555556,28.574403739481216,-17.622993408934192,119.99978,-7.4676126258333335,10.958273,0.0,0.2763558650000001
0.001106,bottom_cap_zone,0,1,0,0,0,169.0,107.0,0.9993860147531832,0.9993860147531832,0.009999989398206,0.00018685753000002324,0.04121046238533662,-0.009562664595415583,0.028344820125102303,0.05828039481700914,0.026882919,17971778.0,9.763650633333333,16.90035205000014,1.7309460041822822,120.0,-1264.2634,1264.2634,0.0,0.27635586500000003
0.001106,bottom_cap_zone,1,5,0,0,0,150.8,101.6,0.9969392770345967,0.9969392770345967,0.00999998780036756,0.00018851235934133262,0.03556251625102754,-0.007158059496669982,0.024456360239436405,0.05022206067850669,0.0328895466,22290880.0,2.9577153733333335,22.318989943323828,7.556197518633999,119.998144,3.3904825699999997e-09,4.0602686e-09,8.0,0.27635586500000003
0.001106,edge_ring,-1,56,56,0,56,95.64285714285714,68.14285714285714,0.709618755840634,0.709618755840634,0.01000000105217158,0.0008698000250052335,0.042563725623469835,-0.0013873917548995974,0.026771490513546194,0.058651558820850894,0.03491910844642858,26519132.0,-5.869905502380951,31.58080524025505,-10.256438267835508,119.99875,-5.869915355357142,11.116447,0.0,0.2763558649999997
0.001106,edge_ring,1,56,0,0,0,95.64285714285714,68.14285714285714,0.7097174604729413,0.7097174604729413,0.009999674429712998,0.002270373868282139,0.10160575388793458,-0.06032413176097391,0.04824068555137282,0.14159827609044254,0.028499409339285714,27476366.0,61.2740079404762,68.94653814269692,1.223790674900145,120.00811428571426,1.5273312001522255e-05,6.5657368e-05,16.0,0.2763558649999997
0.001106,interior,-1,32,32,0,32,149.0,146.75,0.9851469086412011,0.9851469086412011,0.009999988500000511,0.00010755317845261105,0.02043167267234024,-0.004204343472449046,0.013851309485143848,0.028838275838713033,0.028126296343750006,22034830.0,-6.470252083333332,27.941333260061874,-4.48876120936777,119.99996125000001,-6.470262028125001,8.6629524,0.0,0.27635586500000003
0.001106,interior,0,1,0,0,0,178.0,169.0,1.0000154005161186,1.0000154005161186,0.009999728999999999,0.0008356465300000119,0.0621532296209786,-0.0463660466941554,0.02926784640414709,0.08789794027527711,-0.003893774,2529781.3,27.254059466666664,58.146021800000085,2.1334811377775162,120.0,-258.93329,258.93329,0.0,0.27635586500000003
0.001106,interior,1,25,0,0,0,150.16,146.92,0.9857493323076743,0.9857493323076743,0.009999858040018083,0.0004421436649071195,0.04393434491017387,-0.03137626980015657,0.0205974851175161,0.062077244507364876,0.008895713627600004,20334362.0,11.375006646666668,39.957607534117386,4.2787501897987825,119.9958704,1.6297118358399997e-06,8.1582129e-06,9.0,0.27635586500000014
0.001106,lateral_surface,-1,48,48,0,48,117.33333333333333,115.25,0.8755004447780877,0.8755004447780877,0.009999993083334326,0.0005133284914930662,0.02738512617958701,-0.0036891505572523102,0.018061086248421062,0.03844170048059662,0.022906411500000005,19255470.0,-2.956401734722222,26.241928095725928,-1052.7626201276005,119.99939499999999,-2.9564117868041655,7.6988335,0.0,0.2763558649999998
0.001106,lateral_surface,0,112,0,0,0,85.25,83.67857142857143,0.585684888256144,0.585684888256144,0.009999960715475653,0.00021960945598065797,0.027425789480237387,-0.014481750354093941,0.007244551684299371,0.03840001695120898,-0.0047104471062500005,13410184.0,20.021361859821432,20.521568705925027,1.0404678598078991,120.0,-2374.9616758928573,2969.8398,0.0,0.27635586499999953
0.001106,lateral_surface,1,36,0,0,0,117.33333333333333,114.55555555555556,0.8755077541268661,0.8755077541268661,0.009999873333416263,0.0007025545914404145,0.0493729504298822,-0.030862062344621514,0.023868697683591875,0.06974253610088434,0.0059039934677777755,9118243.0,10.077633301944447,38.20710543752384,4.457471439296523,119.99754000000001,1.3414928412638612e-07,4.9476466e-07,10.0,0.276355865
0.001106,measurement_core,0,2,0,0,0,178.0,178.0,1.0000032606070421,1.0000032606070421,0.009999907000000002,0.00025772229000000935,0.034434313242470524,-0.02680767869742645,0.015181634532367545,0.04869747279850528,0.0136587555,13278552.0,9.851572919999999,34.16396187000084,3.914944682171945,120.0,-347.79025,590.90405,0.0,0.27635586500000003
0.001106,measurement_core,1,3,0,0,0,178.0,178.0,0.9999978262619719,0.9999978262619719,0.009999988999999999,2.395461673363666e-05,0.01726877738586198,-0.005227947501389839,0.011502893753082265,0.024421739184687805,0.029458044333333332,20367604.0,3.2742004777777773,23.448298283333585,7.174475746202416,119.99855333333333,7.073564766666667e-08,1.4340526e-07,5.0,0.27635586500000003
0.001106,top_cap_zone,1,18,0,0,0,147.72222222222223,105.5,0.9866259841824783,0.9866259841824783,0.009999611777824047,0.002034419656422897,0.09468582675558343,-0.073986338896755,0.04114637605426505,0.1337853547672881,0.017296598472222226,12990078.0,76.20984522222223,66.81474318495613,0.9253697446800864,120.0247427777778,3.7362568211908887e-06,1.6669374e-05,21.0,0.2763558650000001
0.001206,bottom_cap_zone,-1,17,17,0,17,146.47058823529412,105.41176470588235,0.9857286843929491,0.9857286843929491,0.009999975381375118,0.00021926908508732978,0.028538872108720678,-0.006719453640240002,0.019358228414163195,0.04024227167789518,0.03192483011764706,22939684.0,-10.360708615686274,29.74443612200426,-4.569776252831107,119.99929882352941,-10.360718705882354,16.942305,0.0,0.2763558650000001
0.001206,bottom_cap_zone,0,1,0,0,0,169.0,107.0,0.999384449234328,0.999384449234328,0.009999980782529,0.0002232547100000191,0.038050343093672,-0.011957350504906348,0.025542615160246886,0.05381131125602016,0.024501707,16389129.0,4.373766833333334,18.87035875000012,4.314440954233183,120.0,-372.14957,372.14957,0.0,0.27635586500000003
0.001206,edge_ring,-1,56,56,0,56,95.64285714285714,68.14285714285714,0.7096161164039102,0.7096161164039102,0.010000001240541683,0.0008012630400505034,0.03933934853432504,-0.0016285103252654206,0.02356422085098805,0.05373646465725188,0.03217577717857143,24340156.0,-12.095874767857142,35.05601069248857,-3.2094185081012974,119.99875,-12.095884669642855,16.965206,0.0,0.2763558649999997
0.001206,edge_ring,1,56,0,0,0,95.64285714285714,68.14285714285714,0.7097203706786092,0.7097203706786092,0.009999586145020802,0.002489370624118159,0.10915443087542986,-0.06408354686680116,0.051169756309016226,0.15154261298284652,0.031045141517857137,30708820.0,61.91641661309523,69.58693144104035,1.1987108802197917,120.00940571428573,2.839146444997881e-05,9.7490542e-05,18.0,0.2763558649999997
0.001206,interior,-1,33,33,0,33,149.87878787878788,147.42424242424244,0.9855965060232059,0.9855965060232059,0.009999982393940716,8.860813033256842e-05,0.016392611348485266,-0.0053007910322034005,0.010448630725004664,0.023093497278275796,0.02100408024242424,17748846.0,-9.688689180808082,30.325854191940437,-4.172187448498968,119.9999090909091,-9.688699101515152,13.130388,0.0,0.27635586500000003
0.001206,interior,1,25,0,0,0,150.16,146.92,0.9857518453150708,0.9857518453150708,0.009999797440037752,0.0005722200486484044,0.04734967918573701,-0.036717326472888966,0.019919463817580172,0.06684155858500376,0.0010735128176,7352497.5,15.704053997333336,45.89056977807526,3.5753460176787906,119.99314799999996,8.868522648495598e-07,4.9243372e-06,15.0,0.27635586500000014
0.001206,lateral_surface,-1,48,48,0,48,117.33333333333333,115.25,0.8755003888776519,0.8755003888776519,0.009999989666668986,0.00044348533658670423,0.02311049077399906,-0.004772836449154674,0.014450508342033333,0.032341223178432604,0.01585630083541666,14979093.0,-5.61308588125,28.200987002878133,-6.873740434440179,119.99939499999999,-5.613095908333334,11.390201,0.0,0.2763558649999998
0.001206,lateral_surface,0,112,0,0,0,85.25,83.67857142857143,0.5856872809773489,0.5856872809773489,0.009999945502158178,0.00020753158083217432,0.029445486940390543,-0.016544912533537893,0.0028153036868819705,0.04107647852654654,-0.011955613849107144,17927296.0,22.05888354494049,22.195570611571778,1.0080501964855053,120.0,-2475.0076937500007,3082.7974,0.0,0.27635586499999953
0.001206,lateral_surface,1,36,0,0,0,117.33333333333333,114.55555555555556,0.8755095689416774,0.8755095689416774,0.00999983133351186,0.000730812657631378,0.051163737634046025,-0.03433916952003084,0.022560267759670544,0.0722162653524679,-0.0012021472666666666,3882639.5,12.974352321666668,42.551440718995636,3.9208458283369643,119.99544444444447,8.187966088416668e-09,3.3635843e-08,9.0,0.276355865
0.001206,measurement_core,-1,2,2,0,2,178.0,178.0,0.9999967915246502,0.9999967915246502,0.0099999885,2.1577847000201923e-05,0.011316607619789613,-0.004509673519865878,0.007292990467949449,0.016004099975961174,0.024607596,16572604.0,-0.9861261833333328,25.543905275000295,-25.905060628031556,119.9984,-0.98613611,0.99281389,0.0,0.27635586500000003
0.001206,measurement_core,1,3,0,0,0,178.0,178.0,1.0000021389835665,1.0000021389835665,0.009999904666666668,0.0002611864313333553,0.028580436355466293,-0.02384627154061798,0.010971319975298982,0.040418840712441485,0.011911580266666666,13895254.0,8.373600166666668,35.25273575000059,4.8739675198733865,119.99749666666666,7.575007023699999e-08,2.2653603e-07,10.0,0.27635586500000003
0.001206,top_cap_zone,1,18,0,0,0,147.72222222222223,105.5,0.9866327298288439,0.9866327298288439,0.009999517444530578,0.0022400920564649945,0.10021324575402939,-0.0780912682096224,0.0436056528530929,0.14151868072640147,0.019923529944444445,15378652.0,76.67406272222222,67.29183674842244,0.9135115132426986,120.03029555555554,2.1527663792222222e-07,7.1989234e-07,21.0,0.2763558650000001
0.001307,bottom_cap_zone,-1,18,18,0,18,147.72222222222223,105.5,0.9864850337772335,0.9864850337772335,0.009999965435015534,0.0002245807919517291,0.025244746084138,-0.008248513223783472,0.016418123386178915,0.03538379874839757,0.02655300316666666,18919320.0,-14.722350007407405,31.837354256883575,-3.8908975025315624,119.99933777777778,-14.722359990555553,21.927052,0.0,0.2763558650000001
0.001307,edge_ring,-1,56,56,0,56,95.64285714285714,68.14285714285714,0.7096133490013992,0.7096133490013992,0.010000001117076659,0.000710934337830357,0.03546883317253673,-0.0018752014387188366,0.019736071411150444,0.04791085219015584,0.028316799464285725,21468974.0,-17.565286015053577,38.174880268718006,-2.265572975853403,119.99875,-17.565295910714287,22.555233,0.0,0.2763558649999997
0.001307,edge_ring,1,56,0,0,0,95.64285714285714,68.14285714285714,0.7097215739453224,0.7097215739453224,0.009999501717934556,0.002689114742374034,0.11579996643931291,-0.06670707289122853,0.05407292062852089,0.16014598598104837,0.034095696821428566,33725704.0,61.686773261904776,70.11056313948113,1.195014866600164,120.01043928571433,6.461168879942323e-06,7.0068767e-05,20.0,0.2763558649999997
0.001307,interior,-1,33,33,0,33,149.87878787878788,147.42424242424244,0.9855961711914215,0.9855961711914215,0.009999974272730507,7.396890833735364e-05,0.012533224535402473,-0.006472585708917756,0.006609417791613508,0.01757733646250148,0.012905110460606058,12826677.0,-11.851110397979795,32.46717235435256,-2.965205341270267,119.9999090909091,-11.851120357575759,16.360586,0.0,0.27635586500000003
0.001307,interior,1,25,0,0,0,150.16,146.92,0.9857533696577134,0.9857533696577134,0.009999744560070105,0.0006689162627269093,0.0491003231756192,-0.03952061201837596,0.0188197418917303,0.06922151353187687,-0.0044680045536,5867164.0,19.511765397866665,50.22432803789721,3.1303947295122465,119.99076040000001,4.5327692350840003e-07,2.5673889e-06,12.0,0.27635586500000014
0.001307,lateral_surface,-1,48,48,0,48,117.33333333333333,115.25,0.8755003965356583,0.8755003965356583,0.009999985166672358,0.00035995671536520005,0.018764070773135844,-0.005885445301569165,0.010434125443272576,0.026119813777265813,0.008404968311458334,10643911.0,-7.020817065277778,29.79667309152875,-5.526696947670854,119.99939499999999,-7.020827000000001,13.831838,0.0,0.2763558649999998
0.001307,lateral_surface,0,112,0,0,0,85.25,83.67857142857143,0.5856898540997505,0.5856898540997505,0.009999928146469066,0.00031988796987467025,0.03290102637532932,-0.01837111690049628,-0.0010905935582850995,0.04583683858631267,-0.018220419008928575,21251066.0,25.14531375059524,24.010446052687396,0.937614766803401,120.0,-2637.9500187500003,3264.1672,0.0,0.27635586499999953
0.001307,lateral_surface,1,36,0,0,0,117.33333333333333,114.55555555555556,0.8755112815051334,0.8755112815051334,0.009999784778127482,0.0007649205412340421,0.052854655225370646,-0.037124393851841936,0.021287281070915653,0.07448462112598325,-0.007170829644444444,8690830.0,16.38051280092592,46.93217607121929,3.4420571367225765,119.99374222222224,4.829391617611111e-09,3.6209713e-08,10.0,0.276355865
0.001307,measurement_core,-1,2,2,0,2,178.0,178.0,0.9999960432960011,0.9999960432960011,0.009999983000000002,3.939064700010433e-05,0.0072143441311992625,-0.005663036586924566,0.0030373803845102068,0.01020262331396873,0.0172160435,11876051.0,-3.8708544999999996,27.77685225000038,-7.179596038650621,119.9984,-3.8708644999999997,3.9561698,0.0,0.27635586500000003
0.001307,measurement_core,1,3,0,0,0,178.0,178.0,1.000002637802666,1.000002637802666,0.009999873666666667,0.00034000080333334665,0.0288372539785571,-0.02641370779472325,0.008155422425095397,0.04078203567807294,0.0052553969,8587632.0,10.475824211111112,38.82772168333381,4.376593193176986,119.99507666666666,4.288586295e-06,1.2604753e-05,6.0,0.27635586500000003
0.001307,top_cap_zone,1,18,0,0,0,147.72222222222223,105.5,0.9866373868302687,0.9866373868302687,0.009999420889039441,0.002412603699083623,0.1046209208280706,-0.08085598420768497,0.04596058089182466,0.14765727334462447,0.02298704838888889,17906130.0,76.3228127037037,67.8883884669041,0.9167865564780308,120.03545555555554,2.7858380133066666e-05,7.9195306e-05,22.0,0.2763558650000001
0.001408,bottom_cap_zone,-1,18,18,0,18,147.72222222222223,105.5,0.9864826221841447,0.9864826221841447,0.009999954136649,0.00022044098777433395,0.02136617499809014,-0.009358591053103927,0.012695191356974257,0.029490308353659084,0.02063303227777778,14187020.0,-18.96854911240741,34.239796091990016,-2.010358429373409,119.99933777777778,-18.968559466666665,25.715467,0.0,0.2763558650000001
0.001408,edge_ring,-3,4,4,4,0,88.0,56.0,0.6182666521836658,0.6182666521836658,0.009999498009120854,0.003619465195121246,0.1499706115018899,-0.06893259982899401,0.07414268963846168,0.20433430888418921,0.054916151,36581744.0,61.03937483333333,94.94495941786141,1.5554707052145698,120.01129,3831.107825,3831.1082,6.0,0.27635586500000003
0.001408,edge_ring,-1,56,56,0,56,95.64285714285714,68.14285714285714,0.7096106554406502,0.7096106554406502,0.01000000037584552,0.0006028727250686467,0.031212752655399544,-0.0021177738202349384,0.015417490416926584,0.041543201678195876,0.023679469607142855,18722058.0,-22.11503666979762,40.88018543156827,-1.888763078286359,119.99875,-22.115046642857134,27.567236,0.0,0.2763558649999997
0.001408,edge_ring,1,52,0,0,0,96.23076923076923,69.07692307692308,0.7167568753696629,0.7167568753696629,0.009999405697770112,0.00281160458118927,0.1194278134315103,-0.06838220732435749,0.05558502355879003,0.16470567021939012,0.03610041557692309,34251928.0,60.75562108333333,70.38997122765575,1.2099985513832001,120.01107384615383,4.0487630915371715e-06,2.5836252e-05,19.0,0.27635586499999976
0.001408,interior,-1,33,33,0,33,149.87878787878788,147.42424242424244,0.9855960130751014,0.9855960130751014,0.009999964787886383,8.283141082991007e-05,0.01011988836917608,-0.007597956085961995,0.002629806122870604,0.014069842333504334,0.0041787585390909085,7390685.0,-12.550980492929291,34.213958863395945,-2.9742796043847664,119.9999090909091,-12.55099017878788,18.19931,0.0,0.27635586500000003
0.001408,interior,1,25,0,0,0,150.16,146.92,0.9857546397565758,0.9857546397565758,0.009999690040119389,0.0007612510102512635,0.05062490018369698,-0.04161483667633439,0.017802440089889397,0.07125239890670673,-0.009046576164,9320643.0,23.589860515999998,54.25431756833251,2.7518178375695985,119.98877160000002,1.0277383507660002e-06,5.3513413e-06,13.0,0.27635586500000014
0.001408,lateral_surface,-1,48,48,0,48,117.33333333333333,115.25,0.8755005419738676,0.8755005419738676,0.009999970334235435,0.0002726179538575365,0.015069099678513857,-0.006980440267674956,0.006203115002233541,0.020788298333327595,0.0009918787854166667,6141673.0,-7.185898097916669,31.049367913707343,-6.350908862299594,119.99939499999999,-7.185908016666667,14.983955,0.0,0.2763558649999998
0.001408,lateral_surface,0,116,0,0,0,86.51724137931035,85.0,0.5974187775216978,0.5974187775216978,0.009999902936896246,0.0004390463295751944,0.0364619524852093,-0.020149905245148137,-0.003969866959643461,0.05076060740389066,-0.022982223137931038,23471954.0,28.41070282155174,26.469622906944956,0.9689409603591291,119.99978896551724,-2717.843813913794,3457.9104,0.0,0.27635586499999953
0.001408,lateral_surface,1,32,0,0,0,116.75,113.625,0.8692327083461437,0.8692327083461437,0.009999718500697601,0.0008602353571724962,0.057306647258358774,-0.04096278600259995,0.021572259763876205,0.08055733482287072,-0.011682814446874997,12490917.0,21.576767422187498,52.778770507592164,2.881717124008201,119.99211375000002,1.1853006751050003e-07,4.5880211e-07,13.0,0.27635586500000003
0.001408,measurement_core,-1,2,2,0,2,178.0,178.0,0.9999954479046426,0.9999954479046426,0.009999978,6.395349750005781e-05,0.006985460002418758,-0.006798646901859855,-0.0011298091092623523,0.009878932274835392,0.00833101805,6184516.5,-5.2667965,29.575659750000362,-5.6288753979592325,119.9984,-5.2668063499999995,5.5032692,0.0,0.27635586500000003
0.001408,measurement_core,1,3,0,0,0,178.0,178.0,1.000003034730238,1.000003034730238,0.009999838999999998,0.0004203660500000082,0.029831846149933477,-0.028508875213093688,0.005602149681589212,0.04218860141586351,-0.0015460962000000001,4953665.5,12.963882077777777,42.53617038333374,3.9177738921140564,119.99327333333333,2.9720013066666664e-09,8.8980414e-09,11.0,0.27635586500000003
0.001408,top_cap_zone,1,18,0,0,0,147.72222222222223,105.5,0.9866409964732541,0.9866409964732541,0.009999311111355835,0.0025560399058286174,0.10814044687377616,-0.08259889398623518,0.048197831675432797,0.15253607442354883,0.026243304277777782,20425658.0,75.36087959259258,68.55427158261904,0.9310648157922061,120.04013333333332,1.3022172426560555e-05,6.698857e-05,10.0,0.2763558650000001
0.001508,bottom_cap_zone,-1,18,18,0,18,147.72222222222223,105.5,0.9864799936355332,0.9864799936355332,0.009999940683884857,0.00020596930500259357,0.01794624905505209,-0.01027343108462918,0.008678066186612585,0.023993515745522158,0.014059538222222223,10245578.0,-22.13185763946296,36.326499647318656,-1.7297314215809436,119.99933777777778,-22.131867700000004,28.169073,0.0,0.2763558650000001
0.001508,edge_ring,-1,56,56,0,56,95.64285714285714,68.14285714285714,0.7096079951253725,0.7096079951253725,0.00999999971666017,0.00048275806273963344,0.02693183884244799,-0.0023630671580811696,0.010750383405180279,0.03515766713461744,0.018404238607142857,15559960.0,-25.60936488845238,43.12769726224303,-1.7050623430268996,119.99875,-25.609374892857154,31.441975,0.0,0.2763558649999997
0.001508,edge_ring,1,56,0,0,0,95.64285714285714,68.14285714285714,0.7097205783523709,0.7097205783523709,0.009999321722683202,0.0030306383840922424,0.12667285693545094,-0.06943416667640336,0.059656440669763645,0.17386728687983863,0.040860466874999994,38999052.0,59.3586623452381,70.75834293896307,1.2333063129591366,120.01126285714284,4.548538509732071e-06,4.6982423e-05,15.0,0.2763558649999997
0.001508,interior,-1,33,33,0,33,149.87878787878788,147.42424242424244,0.9855959307482368,0.9855959307482368,0.00999995369698597,0.00012951518623992143,0.010354296550226648,-0.008624365381602585,-0.0012918562949163956,0.014371858552068162,-0.004700523824242424,7857167.0,-11.762531798989897,35.54594907681855,-3.504414856665074,119.9999090909091,-11.762541696969697,18.571222,0.0,0.27635586500000003
0.001508,interior,1,25,0,0,0,150.16,146.92,0.9857554734728118,0.9857554734728118,0.009999633520195112,0.000845943269997433,0.051898208678345326,-0.04307051480354838,0.016913205260111853,0.07290310364986484,-0.012683758140000001,11931104.0,27.82178394266667,57.91001992948512,2.432793794912372,119.98715,1.8392977533096e-06,1.1289328e-05,12.0,0.27635586500000014
0.001508,lateral_surface,-1,48,48,0,48,117.33333333333333,115.25,0.8755006807443947,0.8755006807443947,0.009999938502007222,0.00020179730830157926,0.013111628071073293,-0.008017408523830783,0.0019485710247227124,0.017950420483001734,-0.006183815863958333,10935205.0,-6.148014931944448,31.985681274451412,-20.066272230111597,119.99939499999999,-6.148024902916668,14.84254,0.0,0.2763558649999998
0.001508,lateral_surface,0,120,0,0,0,88.46666666666667,87.2,0.6128385421438763,0.6128385421438763,0.009999874040143719,0.0005302628306080699,0.038423548015577534,-0.02086240687771677,-0.006203815468108062,0.053376334210279056,-0.025926492583333335,24804102.0,30.992644112305545,28.136466026766428,1.0491282179897032,119.99947933333333,-2779.1068556416653,3759.2253,0.0,0.27635586499999953
0.001508,lateral_surface,1,28,0,0,0,112.71428571428571,108.28571428571429,0.8419904974175753,0.8419904974175753,0.009999600151973986,0.0010452866579422405,0.06745489943654108,-0.04822424241123429,0.02265592425496152,0.094546040325806,-0.01786516101428571,23281778.0,33.5021955,63.227701730606505,2.0097837471187754,119.99064142857141,6.809018671304642e-06,4.7468886e-05,8.0,0.27635586500000014
0.001508,measurement_core,-1,2,2,0,2,178.0,178.0,0.9999950019674009,0.9999950019674009,0.009999969499999999,9.552879300002888e-05,0.010666382652931225,-0.007851729347691287,-0.005065587198039021,0.015084543009236447,-0.0012473637875000001,1678636.5,-5.0577895,30.877124250000342,-6.161017322800598,119.9984,-5.05779955,5.5000648,0.0,0.27635586500000003
0.001508,measurement_core,1,3,0,0,0,178.0,178.0,1.0000033320217325,1.0000033320217325,0.009999804333333332,0.0004988643366666718,0.031208371541783807,-0.030125359300698706,0.003386545829146619,0.04413530229396919,-0.0081696981,7374490.0,15.830037655555556,46.298555016667,3.498331677026668,119.99206,5.299778104973334e-07,1.5902106e-06,9.0,0.27635586500000003
0.001508,top_cap_zone,1,18,0,0,0,147.72222222222223,105.5,0.9866427303591023,0.9866427303591023,0.009999206555909976,0.0026741003044436877,0.11098091102055213,-0.08359098462585558,0.05031439504595234,0.15645598096519386,0.029485258444444447,22793868.0,73.96382825925924,69.23208270651445,0.9532291703921838,120.04428333333334,2.7836098396572227e-05,9.7044758e-05,22.0,0.2763558650000001
0.001609,bottom_cap_zone,-1,18,18,0,18,147.72222222222223,105.5,0.9864773718403304,0.9864773718403304,0.009999924473465467,0.00018026967091652524,0.015776705603589576,-0.01093112021347739,0.004521699586675804,0.020099007371085036,0.007113493911111111,6230329.5,-24.10356067790741,38.09598296824435,-1.6351696352203793,119.99933777777778,-24.10357077777778,29.207195,0.0,0.2763558650000001
0.001609,edge_ring,-3,4,4,4,0,88.0,56.0,0.6182582168908303,0.6182582168908303,0.009999342018491226,0.003987005920167059,0.1625239617594777,-0.0703618986954616,0.08116257130755433,0.2197845316240652,0.0624676,41620536.0,51.53354891666666,95.3786202551428,1.850806363236823,120.01007,4015.55355,4015.5542,6.0,0.27635586500000003
0.001609,edge_ring,-1,56,56,0,56,95.64285714285714,68.14285714285714,0.7096055118180891,0.7096055118180891,0.009999998163003598,0.0003603224552077346,0.023137779548952526,-0.002624954344071964,0.005897628264926674,0.02953359728298856,0.012649158442857147,11980369.0,-27.943678957142854,44.88716910451376,-1.6188326089560252,119.99875,-27.94368873214285,34.048756,0.0,0.2763558649999997
0.001609,edge_ring,1,52,0,0,0,96.23076923076923,69.07692307692308,0.7167535145585302,0.7167535145585302,0.009999218011123957,0.003111738477913383,0.12867283008652033,-0.06992719142339889,0.06084311791033555,0.17619889164772465,0.042964368461538456,39209052.0,57.8107130897436,70.79926348994192,1.2651567114309308,120.01114153846152,1.3380237189229805e-05,8.2069404e-05,9.0,0.27635586499999976
0.001609,interior,-1,33,33,0,33,149.87878787878788,147.42424242424244,0.9855959935219455,0.9855959935219455,0.009999941606092048,0.00018998395930433818,0.012970826535043892,-0.009500403737223271,-0.004943493417587712,0.01813416174792273,-0.013230761545454545,13185465.0,-9.544086758585856,36.46323449767396,-5.8199386169519824,119.9999090909091,-9.544096666666668,17.481901,0.0,0.27635586500000003
0.001609,interior,0,4,0,0,0,145.0,145.0,0.9735152313162713,0.9735152313162713,0.009999812000096099,0.00049338567283861,0.031118942575323577,-0.029321810902200512,0.0010313829644039451,0.04348838156022626,-0.02112901725,14102808.0,15.931846123616667,48.35217993396023,3.0349389241392037,119.99133,-49.38472825,49.384872,0.0,0.27635586500000003
0.001609,interior,1,21,0,0,0,151.14285714285714,147.28571428571428,0.9880873096482987,0.9880873096482987,0.009999533190809887,0.0010010148535540813,0.05706692348076735,-0.04675984794845868,0.01911448263163295,0.0800240820010585,-0.014264516442857148,13726610.0,35.22500532190477,63.545475058506746,1.9901571764566934,119.98477285714287,1.3669302340709525e-06,5.0774424e-06,8.0,0.2763558650000001
0.001609,lateral_surface,-1,36,36,0,36,117.33333333333333,114.55555555555556,0.8754994138137743,0.8754994138137743,0.0099999052252003,0.00014988974546461945,0.011307112238325494,-0.006145264144045467,-0.0025110393820752305,0.015349188836875135,-0.01088468056388889,13362880.0,-6.148037300925926,31.47536501696861,-12.547497612875445,119.99934,-6.148047249999999,13.440467,0.0,0.276355865
0.001609,lateral_surface,0,116,0,0,0,88.27586206896552,87.17241379310344,0.6126407177944873,0.6126407177944873,0.009999844765720333,0.0006022343186627258,0.0400318542350055,-0.020884480847905892,-0.008959048185542825,0.05542369985109679,-0.02878414437931035,25947190.0,35.05023649252874,28.995227783810982,0.9308611208682116,119.99946137931035,-3025.9918205172407,4018.1233,0.0,0.27635586499999953
0.001609,lateral_surface,1,44,0,0,0,112.27272727272727,108.9090909090909,0.8308271503546699,0.8308271503546699,0.009999639107580506,0.0008989826574914917,0.056030738178090615,-0.040888809061377755,0.015095770497675276,0.07827758809693129,-0.02060708953409091,25133474.0,32.006747596060606,57.72829153081607,2.5777614566413143,119.99196363636365,1.1599095965985228e-05,4.6957924e-05,10.0,0.2763558649999998
0.001609,measurement_core,-1,2,2,0,2,178.0,178.0,0.9999947791927926,0.9999947791927926,0.009999959000000001,0.00013427124000001472,0.01503693394061903,-0.008756923492680396,-0.008585053336326271,0.02126543591533174,-0.0106959796,8170836.0,-3.2655904999999996,31.658448000000284,-10.216027686283525,119.9984,-3.2656005500000003,3.9611621,0.0,0.27635586500000003
0.001609,measurement_core,0,1,0,0,0,178.0,178.0,0.9999976650772053,0.9999976650772053,0.009999900999999999,0.0003121976600000059,0.019552272853368913,-0.017982313496445246,-0.005428064804704803,0.02765108944445361,-0.014494101,9698278.0,9.311053633333334,36.30136405000011,3.8987385831440338,119.9918,-166.20935,166.20935,0.0,0.27635586500000003
0.001609,measurement_core,1,2,0,0,0,178.0,178.0,1.0000063882686048,1.0000063882686048,0.0099996995,0.0007016496100000018,0.03905453271329472,-0.037883980609247664,0.005154317047667857,0.05523144983528508,-0.014157277499999999,9619580.0,24.359872104999994,56.632448092500404,2.4998215464640685,119.990825,-2.66254576e-10,5.156835e-10,7.0,0.27635586500000003
0.001609,top_cap_zone,1,18,0,0,0,147.72222222222223,105.5,0.98664312775352,0.98664312775352,0.009999098556053776,0.0027705070312712427,0.1133478972992561,-0.0840928630473766,0.05231491424191839,0.15971180277121286,0.032578201833333334,25015680.0,72.28603312962963,69.86864976166741,0.9807450216714623,120.04787499999998,3.6315440333351115e-06,1.2097126e-05,19.0,0.2763558650000001
0.001709,bottom_cap_zone,-1,18,18,0,18,147.72222222222223,105.5,0.9864748218064712,0.9864748218064712,0.009999905654427649,0.00016557524471734228,0.015785881354820112,-0.011302037531415848,0.0003867136241680954,0.01955504782988762,7.774006111111108e-05,2093281.8,-24.81646298407408,39.56287456688575,-1.6440716495003487,119.99933777777778,-24.81647277777778,28.806257,0.0,0.2763558650000001
0.001709,edge_ring,-1,56,56,0,56,95.64285714285714,68.14285714285714,0.7096033009913664,0.7096033009913664,0.009999996217974219,0.0002574521900525277,0.020495618513845314,-0.0029215786422036494,0.0010371387612645672,0.025739525784789663,0.006608617318035715,8108655.5,-29.051178376726188,46.14373518371091,-1.5974207481258116,119.99875,-29.051188375,35.297157,0.0,0.2763558649999997
0.001709,edge_ring,1,56,0,0,0,95.64285714285714,68.14285714285714,0.7097146965686398,0.7097146965686398,0.009999139301289369,0.003302131372661822,0.13496418351725267,-0.07015458389220386,0.06482238973751976,0.18403115154368957,0.047627811321428556,43437852.0,55.51477846428572,70.81192554391194,1.3126866005712967,120.00998071428565,3.859452060913929e-06,1.8535879e-05,13.0,0.2763558649999997
0.001709,interior,-1,29,29,0,29,150.55172413793105,147.75862068965517,0.9872630179316396,0.9872630179316396,0.009999935172460863,0.00023772878818688662,0.01570273058992867,-0.009033337432663414,-0.008230549045667706,0.022075403432958045,-0.020143133655172417,16650970.0,-7.192957942528737,36.30042761310721,-9.154747674235876,119.99989655172415,-7.192967917241378,15.001873,0.0,0.2763558650000001
0.001709,interior,0,4,0,0,0,145.0,145.0,0.9735159642175067,0.9735159642175067,0.009999774000168106,0.0005670453190376831,0.03218906167911743,-0.03012924206818973,-0.0006982636994025439,0.044764090044121956,-0.02560793,17088400.0,20.22264645,52.81506300036504,2.6116790960544733,119.99133,-115.89424999999999,115.89439,0.0,0.27635586500000003
0.001709,interior,1,25,0,0,0,150.16,146.92,0.9857549174442519,0.9857549174442519,0.009999537880423464,0.000950945904990188,0.05214763273190072,-0.04255745995616805,0.0146085345151422,0.07300602249912393,-0.017217072116,17591410.0,34.59272288266666,61.40148879061778,2.1973423642404053,119.9853004,1.1413673556248e-07,2.0237821e-06,12.0,0.27635586500000014
0.001709,lateral_surface,-1,24,24,0,24,117.33333333333333,113.16666666666667,0.8754975395404712,0.8754975395404712,0.009999863670813134,0.0001888719925391257,0.01280779739090439,-0.0049397566942013015,-0.0063186412795487,0.017588624525980714,-0.014880167374999998,14846225.0,-6.1811127611111125,31.968998729126167,-14.090362724686104,119.99931666666669,-6.181122735,11.429638,0.0,0.27635586500000014
0.001709,lateral_surface,0,120,0,0,0,91.66666666666667,90.93333333333334,0.6436596314506132,0.6436596314506132,0.009999824969115131,0.0006045525376320133,0.037802447253585135,-0.0192964472298413,-0.011332225172198871,0.05221715958068899,-0.03004534578333334,26312394.0,35.664917447694464,28.665990246534957,1.0626874008967748,119.99908199999999,-3131.0312620833333,4300.4351,0.0,0.27635586499999953
0.001709,lateral_surface,1,52,0,0,0,107.46153846153847,103.84615384615384,0.7863436291958439,0.7863436291958439,0.009999582112930172,0.0009850756172845132,0.058979410588058376,-0.041632498568068305,0.013462949144560272,0.08179446507437796,-0.023185276065384623,24774030.0,39.690442580833334,59.97056537388893,2.4445496703755163,119.99289384615389,8.548803267295577e-06,5.1286439e-05,10.0,0.27635586499999976
0.001709,measurement_core,-1,1,1,0,1,178.0,178.0,0.9999942122487057,0.9999942122487057,0.009999967999999998,0.000147690250000013,0.01844349713875897,-0.007684402918571099,-0.0118556429284216,0.026083043791222307,-0.017770795,11874501.0,-0.9835233333333319,30.600183500000554,-31.112819048523438,119.99849,-0.98353338,0.98353338,0.0,0.27635586500000003
0.001709,measurement_core,0,1,0,0,0,178.0,178.0,0.99999791393105,0.99999791393105,0.009999879000000003,0.0003729491700000038,0.021698737792058217,-0.018857911577445208,-0.007589940470970552,0.030686649271906355,-0.022470849,15018986.0,13.076213013333332,38.7978074800001,2.967052268148233,119.9918,-507.92371,507.92371,0.0,0.27635586500000003
0.001709,measurement_core,1,3,0,0,0,178.0,178.0,1.0000026246067482,1.0000026246067482,0.009999748333333329,0.0005829806566666683,0.032905468210901546,-0.02939106188734818,-0.0009027943042412134,0.04653535942009371,-0.01904458733333333,14104737.0,21.043901277777778,50.36011908333361,3.275813531702543,119.99132000000002,6.127653217766666e-07,1.5702681e-06,7.0,0.27635586500000003
0.001709,top_cap_zone,1,18,0,0,0,147.72222222222223,105.5,0.9866423926469883,0.9866423926469883,0.00999899088957544,0.0028486575037202128,0.1153880747721326,-0.08427998033672958,0.054212956280688375,0.16251406524848921,0.03542402022222221,26987606.0,70.45201668518519,70.42814600900391,1.0116255440576742,120.05090333333331,8.66737230611111e-07,2.8553886e-06,21.0,0.2763558650000001
0.00181,bottom_cap_zone,-1,18,18,0,18,147.72222222222223,105.5,0.986472626594218,0.986472626594218,0.009999881876797387,0.00017468639785532086,0.01758809464682109,-0.0113909882151337,-0.0035244596789242594,0.02193728219263342,-0.0067959242888888894,6972841.0,-24.24462600222222,40.756981474202554,-1.7500644852853129,119.99933777777778,-24.244635944444447,26.994202,0.0,0.2763558650000001
0.00181,edge_ring,-1,56,56,0,56,95.64285714285714,68.14285714285714,0.7096015150442613,0.7096015150442613,0.009999993557653523,0.0002134609112049367,0.019511518171690723,-0.0032787245619206595,-0.0036043049656367273,0.0246039671865077,0.0004954963528571427,5963915.0,-28.90969029476191,46.904926812903874,-1.6319566074251934,119.99875,-28.909700375,35.154827,0.0,0.2763558649999997
0.00181,edge_ring,1,56,0,0,0,95.64285714285714,68.14285714285714,0.709710187742371,0.709710187742371,0.00999904430588345,0.0034160837239402826,0.13836366494350605,-0.07021592904987037,0.06721962090656043,0.18814815702915316,0.050834498624999995,45591136.0,53.32968667857142,70.61135373455619,1.3622563447141605,120.00845785714289,8.81701309696607e-06,5.0384439e-05,14.0,0.2763558649999997
0.00181,interior,-3,1,1,1,0,178.0,169.0,1.0000196240796722,1.0000196240796722,0.009999141000000003,0.0014965216000000041,0.07380482797832291,-0.056774623782061856,0.03334512503586673,0.10437578869555751,-0.0084766131,5615292.0,55.54146333333333,86.52109000000002,1.5577747651469274,119.98683,2331.5769,2331.5769,10.0,0.27635586500000003
0.00181,interior,-1,20,20,0,20,149.8,146.2,0.9874722613870442,0.9874722613870442,0.009999936200089522,0.000273025306020882,0.017885505299787892,-0.007357103920630053,-0.011221777651190482,0.025213058763273205,-0.02553513155,20051492.0,-5.255142100000001,34.76266756327892,-21.10867318581041,119.99993800000001,-5.2551519245,11.269203,0.0,0.2763558650000001
0.00181,interior,0,8,0,0,0,145.0,145.0,0.9735143070221984,0.9735143070221984,0.009999806000210054,0.0005372607801267899,0.02872502477151914,-0.024813094134661002,-0.0057166567247514625,0.03994798767156771,-0.030172448500000004,21051792.0,19.544342458333333,48.257711725318586,2.54230027734801,119.993055,-375.0653725,594.41772,0.0,0.27635586500000003
0.00181,interior,1,29,0,0,0,150.55172413793105,147.75862068965517,0.9872751863093545,0.9872751863093545,0.009999569000502619,0.0008615250575221962,0.0464023075721373,-0.03660583728334633,0.009376161610639248,0.06488369377339728,-0.020366075806896554,20570472.0,32.1106561,57.78557534010653,2.5740960274229074,119.98643068965521,1.4076571468400342e-05,6.3764601e-05,12.0,0.2763558650000001
0.00181,lateral_surface,-1,12,12,0,12,117.33333333333333,109.0,0.8754941378039341,0.8754941378039341,0.00999980367211148,0.0002994566579184494,0.015895581708095362,-0.004164303820401953,-0.009468784850246088,0.022402115117940404,-0.018238054333333333,14448372.0,-8.165086,36.00276927520215,-4.442460066945294,119.9995,-8.165095925000001,8.6453228,0.0,0.2763558650000001
0.00181,lateral_surface,0,132,0,0,0,94.0,93.33333333333333,0.6647379172814476,0.6647379172814476,0.009999787639724264,0.0006299686879819733,0.03737280561479579,-0.019210510141423227,-0.012187105667631698,0.05145114079641349,-0.031176623378787873,25897022.0,38.111145272550516,30.635386808240632,1.1164167290135913,119.99891787878784,-3040.749944772724,4523.2769,0.0,0.27635586499999953
0.00181,lateral_surface,1,52,0,0,0,107.46153846153847,103.84615384615384,0.7863434906505649,0.7863434906505649,0.009999530893644514,0.0010567009979664367,0.05991668156979223,-0.04087591961849208,0.013163166251034527,0.0825586932905369,-0.022607008575000007,23761998.0,42.88187459933974,59.938044488596525,2.5084553833305554,119.99274307692306,6.8689340995865006e-06,8.8311914e-05,8.0,0.27635586499999976
0.00181,measurement_core,0,2,0,0,0,178.0,178.0,0.9999970222202204,0.9999970222202204,0.009999886,0.0003475446550000016,0.022672570504337727,-0.015506656564761048,-0.01118792402115233,0.032063856701094615,-0.028811305000000002,19419062.0,14.224108216666666,35.952355925000084,2.614682833077296,119.99313000000001,-828.9054249999999,960.15582,0.0,0.27635586500000003
0.00181,measurement_core,1,3,0,0,0,178.0,178.0,1.0000019851865196,1.0000019851865196,0.009999731666666668,0.0006131946466666692,0.03385780149462508,-0.028471120757179086,-0.002170738238327453,0.047882162065834837,-0.022367173,16798394.0,23.863843755555553,51.88293136666706,3.2405121796739293,119.99160333333333,2.0896444182333336e-07,5.0444942e-07,7.0,0.27635586500000003
0.00181,top_cap_zone,1,18,0,0,0,147.72222222222223,105.5,0.986640574948638,0.986640574948638,0.009998875000908613,0.00291229239756045,0.11725979100402562,-0.08435068751743371,0.056022522810431616,0.16508874982925606,0.03801720472222222,28778732.0,68.56451559259258,70.88947104508212,1.0442246259486092,120.0533777777778,8.371034242452774e-06,5.8483933e-05,10.0,0.2763558650000001
0.00191,bottom_cap_zone,-1,18,18,0,18,147.72222222222223,105.5,0.9884251787419852,0.9884251787419852,0.009999856262717969,0.00018711893665086994,0.0199968017927598,-0.011164873299902242,-0.007067891065838968,0.025376983654834366,-0.013176817816666667,11687402.0,-22.418486383148153,41.72373946259267,-1.997855107878153,119.99933777777778,-22.418496377777778,25.051441,0.0,0.2763558650000001
0.00191,edge_ring,-3,12,12,12,0,94.66666666666667,74.33333333333333,0.6710398313679128,0.6710398313679128,0.00999899935854844,0.002908248024324456,0.12502338885371986,-0.061772756423376846,0.061702019693104855,0.17151357072517084,0.04703332066666666,33207270.0,44.90763989444445,88.14378262273713,2.031050078121767,119.98508333333335,3070.369433333333,3605.9009,10.0,0.2763558650000001
0.00191,edge_ring,-1,56,56,0,56,95.64285714285714,68.14285714285714,0.711006077942022,0.711006077942022,0.009999990757624122,0.0002413233549763894,0.02019051085640906,-0.003684771295397064,-0.007811573880484577,0.02602802321528868,-0.005395035212355357,10484723.0,-27.558928440119043,47.20946965854409,-1.7280580474750276,119.99875,-27.558938375000004,33.683613,0.0,0.2763558649999997
0.00191,edge_ring,1,44,0,0,0,95.9090909090909,66.45454545454545,0.7220393828791937,0.7220393828791937,0.009998938570671528,0.003683732935309696,0.14586535494028852,-0.07245746467565183,0.07163673072510175,0.1973533851464169,0.055497987954545455,47181032.0,52.019402045454534,70.40314538698539,1.3944479420566067,120.01275454545453,4.248509661561034e-06,2.9922659e-05,16.0,0.2763558649999998
0.00191,interior,-1,8,8,0,8,149.0,140.0,0.9870925992565321,0.9870925992565321,0.009999889000307806,0.00032144790364423435,0.018757287614983804,-0.0051745136199375635,-0.01256790696878558,0.02650628196211462,-0.02789812425,18905668.0,-5.762741541666666,38.000757531056784,-6.684085090506136,119.999845,-5.7627516375,6.5043869,0.0,0.27635586500000003
0.00191,interior,0,21,0,0,0,148.0952380952381,147.66666666666666,0.9811468158770212,0.9811468158770212,0.009999858095378643,0.00047905051813792044,0.025876044437205443,-0.01720611030606283,-0.010621356145047613,0.03619014502680683,-0.03286396252380953,23253852.0,16.332234187301587,40.4421195519826,3.042297344255112,119.99547095238097,-566.0297531904762,1172.8617,0.0,0.2763558650000001
0.00191,interior,1,21,0,0,0,151.14285714285714,147.28571428571428,0.9900425162993742,0.9900425162993742,0.009999348381877767,0.001138686174193866,0.05866469622498719,-0.04690482513542065,0.019221737429049746,0.08187031989755993,-0.015520135014285709,19309160.0,47.196008692063494,69.33435934661796,1.5265219045911214,119.98172333333335,1.4517056684793808e-05,4.2712789e-05,9.0,0.2763558650000001
0.00191,lateral_surface,-1,12,12,0,12,117.33333333333333,109.0,0.8772284903905457,0.8772284903905457,0.009999750673520267,0.00038100406466766017,0.019326081999697525,-0.004593181080066498,-0.012533017231103137,0.027304721719520583,-0.023240253916666665,17914968.0,-4.251719808333333,35.61419033163365,-9.134610479091384,119.9995,-4.251729841666667,5.0365467,0.0,0.2763558650000001
0.00191,lateral_surface,0,144,0,0,0,95.94444444444444,95.33333333333333,0.6836545591095836,0.6836545591095836,0.009999749226591687,0.0006547907632128018,0.03673535520590517,-0.018670815419608813,-0.012837923187387638,0.050337730224924965,-0.03163539509027778,25588634.0,40.5807275064815,32.02126332632169,1.1052042157698037,119.99883611111106,-2953.0919658333314,4709.0854,0.0,0.27635586499999953
0.00191,lateral_surface,1,40,0,0,0,104.5,99.8,0.761101271084139,0.761101271084139,0.009999385677398017,0.0013737772784465263,0.0737761780362924,-0.05102152723174637,0.02106155519042011,0.10104319602777438,-0.020929840930000002,22389818.0,58.23863194166669,70.42704237160164,1.2638476116128041,119.99113299999999,9.889884077499997e-08,9.6350323e-07,8.0,0.27635586499999987
0.00191,measurement_core,0,3,0,0,0,178.0,178.0,1.0019777474428249,1.0019777474428249,0.009999897333333332,0.0003527266866666684,0.024138181136669504,-0.013257669009600832,-0.013631209916990517,0.034136543134496426,-0.03264357833333333,22572944.0,16.640941747777777,33.81922087833359,2.1495785114282984,119.99442,-1248.19354,1463.3109,0.0,0.27635586500000003
0.00191,measurement_core,1,10,0,0,0,158.0,158.0,0.9994066757671527,0.9994066757671527,0.009999863400004697,0.0004348516839532508,0.025352306549281833,-0.015712871149185507,-0.009961359306490006,0.03581394920432908,-0.031256172,23206180.0,12.410509846666667,38.26464882248109,4.587578951270205,119.99580600000002,1.1053053790999999e-07,2.2837673e-07,7.0,0.2763558650000001
0.00191,top_cap_zone,-3,4,4,4,0,145.0,114.0,0.9755072374749627,0.9755072374749627,0.009998746002190678,0.0023678021233400487,0.09889568617223371,-0.06689549235287678,0.048229826368753836,0.13825208024911081,0.03871019675,25764128.0,60.55666266666666,94.73250030080885,1.5643613126810292,120.00505,3790.252075,3790.2524,6.0,0.27635586500000003
0.00191,top_cap_zone,1,14,0,0,0,148.5,103.07142857142857,0.992331180239827,0.992331180239827,0.009998765000867759,0.00313296451582959,0.1247452907589823,-0.08933750443873131,0.060465220284014784,0.17584480317243822,0.04080362664285714,30337958.0,68.49348959523809,71.03260565229085,1.0445834112665577,120.06965000000001,5.548583531420714e-07,5.7429888e-06,14.0,0.2763558650000001
0.002011,bottom_cap_zone,-1,18,18,0,18,147.72222222222223,105.5,0.9887105718109344,0.9887105718109344,0.009999828797567202,0.0001976260931015552,0.022309974386057654,-0.010667755641633291,-0.010147456539024793,0.02885135654106575,-0.018798497222222224,15762071.0,-19.42146122222222,42.5051335086511,-2.6214949991409404,119.99933777777778,-19.421471333333336,23.106764,0.0,0.24897344999999996
0.002011,edge_ring,-1,56,56,0,56,95.64285714285714,68.14285714285714,0.7112115513864545,0.7112115513864545,0.009999987512827256,0.0003135175215366682,0.021928240095715253,-0.004136527611196432,-0.011423381275169746,0.02901108936200648,-0.010728866476785712,14353980.0,-25.104546972857143,47.119440308293555,-1.9078672619294104,119.99875,-25.104557178571444,31.624567,0.0,0.2489734499999998
0.002011,edge_ring,1,56,0,0,0,95.64285714285714,68.14285714285714,0.7113111830236264,0.7113111830236264,0.009998856888014409,0.003608137066312979,0.14412185684588721,-0.0701240457061981,0.07166984627876072,0.19511684632222465,0.05629066498214284,48548364.0,49.08298528928572,69.88038639456234,1.4669575480385155,120.00347500000001,6.239826410080178e-06,3.4757428e-05,24.0,0.2489734499999998
0.002011,interior,-1,4,4,0,4,153.0,144.0,0.9990456051073996,0.9990456051073996,0.009999870000310475,0.0003533913084621102,0.020433365230630204,-0.005566389004413886,-0.013847095904424955,0.028888783565506247,-0.033162146,22119384.0,-0.9259005833333329,37.91632857777856,-40.95075568625525,120.0,-0.9259106824999999,0.92591238,0.0,0.24897344999999999
0.002011,interior,0,17,0,0,0,146.94117647058823,146.41176470588235,0.9772851255118624,0.9772851255118624,0.009999844647273324,0.000532573174158458,0.02771262959614487,-0.016794720654207954,-0.0121301701984643,0.03867656816214198,-0.03471128388235294,24790080.0,22.106492466666666,40.71988081760174,1.9206287666808028,119.99581,-1114.952156647059,1685.2802,0.0,0.24897344999999996
0.002011,interior,1,25,0,0,0,150.16,145.48,0.9879896619864238,0.9879896619864238,0.009999382361114317,0.0010405031784100943,0.05315897330066007,-0.03984043144404917,0.014035780755570382,0.07417543182876299,-0.017314243660000003,21343290.0,43.415493055999995,64.31730461327317,2.00687261838129,119.98332439999999,1.2551924210212e-06,4.5759416e-06,16.0,0.24897345000000004
0.002011,lateral_surface,-3,4,4,4,0,122.0,113.0,0.9278625482746304,0.9278625482746304,0.009999037008405811,0.0014565515556518483,0.07754932867963077,-0.052280530362083216,0.03094778389036818,0.10831976502690406,-0.0035571593,2327959.0,55.96641566666666,86.25688163304063,1.541225762013822,119.97747,2281.4934000000003,2281.4941,8.0,0.24897344999999999
0.002011,lateral_surface,-1,8,8,0,8,115.0,107.0,0.852302533018178,0.852302533018178,0.009999660012130214,0.00043992897285755625,0.021867883338300184,-0.005069060771256246,-0.014617466506950954,0.0309153075137755,-0.025346526250000005,16910000.0,-0.7675274124999999,35.055395748051346,-45.67315144397457,120.0,-0.7675374225,0.76754075,0.0,0.24897345
0.002011,lateral_surface,0,144,0,0,0,95.94444444444444,95.33333333333333,0.6838540709808272,0.6838540709808272,0.009999709310803708,0.000704248359546594,0.037168945560251715,-0.018998526564559526,-0.013047833536638104,0.050594385531444554,-0.0319470603125,25273464.0,45.934996283333305,33.81480785498362,0.9109811871557185,119.99883611111106,-3035.364519444444,4852.8984,0.0,0.2489734500000005
0.002011,lateral_surface,1,40,0,0,0,104.5,99.8,0.7613198087438404,0.7613198087438404,0.009999407496217609,0.0013377129923851194,0.06905986678704781,-0.046005266518544655,0.017533230339516818,0.09390855526887845,-0.021465104429499997,20759406.0,56.21492291725,66.58162022314228,1.5753477171672612,119.99321799999996,6.240058906071248e-06,5.7017111e-05,8.0,0.24897344999999996
0.002011,measurement_core,0,15,0,0,0,158.0,158.0,0.9996964849538933,0.9996964849538933,0.009999889266702512,0.000432989765635818,0.02377458045923108,-0.013143578669741323,-0.013108504654599092,0.03350058581994163,-0.036772499,25363090.0,17.11519831777778,34.782497814910464,2.1443321312389227,119.99606533333333,-1221.5712119999998,2223.9136,0.0,0.24897344999999993
0.002011,measurement_core,1,2,0,0,0,178.0,178.0,1.0022763628458007,1.0022763628458007,0.009999531999999998,0.0008837009400000006,0.039445671206305585,-0.03798198561227253,0.0044337457374712015,0.05578460319686724,-0.023492708,18992218.0,42.47259966666667,68.08102700000026,1.6505433967288732,119.98770999999999,1.63643109765e-07,3.2703338e-07,7.0,0.24897344999999999
0.002011,top_cap_zone,1,18,0,0,0,147.72222222222223,105.5,0.9888759248226763,0.9888759248226763,0.009998645223672772,0.0030037466610413964,0.12069886799957492,-0.08439605332129195,0.05938819258538651,0.16984285966080293,0.04254418577777778,31802144.0,64.96848200000001,71.50896909300937,1.1086314217112876,120.05670222222221,5.870244959719445e-06,7.6900105e-05,10.0,0.24897344999999996
0.002111,bottom_cap_zone,-1,17,17,0,17,145.94117647058823,103.23529411764706,0.9879124980627654,0.9879124980627654,0.009999802163338085,0.00020843126047521174,0.024106975499155553,-0.010176155429793077,-0.012386536008648119,0.03157401114287746,-0.023301720764705883,19087712.0,-16.33900443529412,43.04090884218269,-2.7320726157100705,119.99943529411766,-16.339014411764705,20.047924,0.0,0.24897344999999996
0.002111,bottom_cap_zone,1,1,0,0,0,178.0,144.0,1.00225379875906,1.00225379875906,0.00999977274144,0.0002716653700000085,0.022475528181003068,-0.004351119145583023,-0.015591939090376185,0.03178519677507321,-0.026362818,17599284.0,9.395337366666666,38.68176095000007,4.117123147406873,119.99086,2.2288327e-07,2.2288327e-07,13.0,0.24897344999999999
0.002111,edge_ring,-1,56,56,0,56,95.64285714285714,68.14285714285714,0.7112109178527648,0.7112109178527648,0.009999983187687007,0.0003958567515470279,0.023884004102083595,-0.004557865035617503,-0.014248704585252741,0.03224724321728576,-0.015272186873214282,17468722.0,-21.697354886249993,46.71279588566508,-2.2284389842239674,119.99875,-21.697364803571425,28.699989,0.0,0.2489734499999998
0.002111,edge_ring,1,56,0,0,0,95.64285714285714,68.14285714285714,0.711304568297828,0.711304568297828,0.009998759037115307,0.0036888124589285263,0.14655432226745718,-0.07008504685645477,0.07370366188356436,0.19807643563428395,0.058694790839285714,49666920.0,47.06574130119049,69.38542733786389,1.5209017311857511,120.00009571428566,6.41652098968411e-06,4.3152544e-05,22.0,0.2489734499999998
0.002111,interior,0,17,0,0,0,146.94117647058823,144.2941176470588,0.977281525719139,0.977281525719139,0.009999878247316452,0.0005104235827500611,0.026250150196761444,-0.010988200449896778,-0.015859149004590158,0.03692120758439969,-0.0369312434117647,25784284.0,21.51338100784314,32.45684163220867,1.6296335721262327,119.99661705882352,-1866.9222723529413,2423.2173,0.0,0.24897344999999996
0.002111,interior,1,29,0,0,0,150.55172413793105,146.51724137931035,0.9895148843726671,0.9895148843726671,0.009999374518545292,0.00101134597247986,0.05041218082665874,-0.038048784115895525,0.012293094606313885,0.07013444092103396,-0.01860153584482759,24446920.0,45.22317718390804,65.716164117253,1.8491655018618376,119.98455206896554,2.9149122431034484e-07,4.5234719e-07,8.0,0.24897345000000007
0.002111,lateral_surface,0,140,0,0,0,97.05714285714286,96.17142857142858,0.6938362311355155,0.6938362311355155,0.009999684321032307,0.0007129358455431869,0.035084545241302424,-0.01743423100333303,-0.013651111577437793,0.04767461958771533,-0.031400860064285725,24942212.0,48.52985363878571,33.4093120465859,0.8459218323687178,119.99866999999998,-3171.6144615000007,4955.2705,0.0,0.24897345000000048
0.002111,lateral_surface,1,56,0,0,0,103.85714285714286,99.35714285714286,0.7557254353424844,0.7557254353424844,0.009999356302047157,0.00130443241091306,0.06607900588498485,-0.0428248918350897,0.014878649295368016,0.08896891496401638,-0.020184689030535715,21628640.0,57.36336131964287,64.84213930063882,1.6625042739075597,119.99398285714288,2.2314229106660712e-07,1.130009e-06,9.0,0.2489734499999998
0.002111,measurement_core,0,15,0,0,0,158.0,158.0,0.9996966857530627,0.9996966857530627,0.009999872040047372,0.0004849985334774923,0.0241416355524537,-0.01299103241537638,-0.01348036905475767,0.0339986024009337,-0.03860203293333333,26714036.0,23.583180728888888,34.46116128262651,1.4719309105061562,119.99606533333333,-1961.2957066666668,2921.5786,0.0,0.24897344999999993
0.002111,measurement_core,1,2,0,0,0,178.0,178.0,1.002274856852031,1.002274856852031,0.009999492999999998,0.0008961402150000004,0.03899133589638224,-0.03731312869517824,0.00521660489171344,0.055142076039708665,-0.023360581,19178878.0,46.8547145,69.64660275000028,1.5178041785435017,119.987325,1.2972006745e-05,2.5529906e-05,6.0,0.24897344999999999
0.002111,top_cap_zone,-3,4,4,4,0,153.0,121.0,0.9991165757767357,0.9991165757767357,0.009998530000672905,0.00242055268997262,0.10341586674886336,-0.0686110857476108,0.053463409283399654,0.14551793275642544,0.04176302975000001,27779682.0,57.54595016666667,95.87421833213648,1.6660463169773394,120.00687,4015.9686249999995,4015.9707,4.0,0.24897344999999999
0.002111,top_cap_zone,1,14,0,0,0,146.21428571428572,101.07142857142857,0.9859449907871535,0.9859449907871535,0.00999851657353477,0.0032112601379746127,0.12773898912436846,-0.08897936426881017,0.06309530344513602,0.1797151713588522,0.04482469278571429,32865786.0,64.75759857142857,71.60198837414255,1.1120573906965827,120.07232785714281,2.1755528944142858e-07,1.7484781e-06,9.0,0.24897344999999996
0.002212,bottom_cap_zone,-1,17,17,0,17,145.94117647058823,103.23529411764706,0.9879116798075132,0.9879116798075132,0.009999774260425018,0.0002369893167765816,0.025222694576032847,-0.009317853215685817,-0.014214889490926474,0.03354582880625516,-0.026727551176470587,21420282.0,-11.468656764705882,43.585990712600946,-4.255575689205453,119.99943529411766,-11.46866661764706,16.006136,0.0,0.24897344999999996
0.002212,bottom_cap_zone,0,1,0,0,0,178.0,144.0,1.002253398020954,1.002253398020954,0.009999739351029999,0.0003523727100000049,0.024547019318031285,-0.003635766530188136,-0.017165916216994703,0.034714727635394196,-0.029700894,19825472.0,14.9889771,39.26732085000008,2.6197465369401414,119.99086,-724.45166,724.45166,0.0,0.24897344999999999
0.002212,edge_ring,-1,56,56,0,56,95.64285714285714,68.14285714285714,0.7112107581355188,0.7112107581355188,0.00999997836617268,0.0004711295999750893,0.02571922134140057,-0.0050785525517468575,-0.016343000835964693,0.035215431747641746,-0.018886057339285715,19679622.0,-17.513884470392856,46.0734649038156,-2.8592519829870873,119.99875,-17.513894373214292,25.049906,0.0,0.2489734499999998
0.002212,edge_ring,1,56,0,0,0,95.64285714285714,68.14285714285714,0.7112972734180171,0.7112972734180171,0.00999866447241392,0.003760811791980872,0.14873903109943296,-0.07008294995817395,0.07560311879408768,0.20074839320955953,0.06084269576785716,50644584.0,45.19418392916666,68.8457220640689,1.5735754927604346,119.99613928571424,8.392731985208393e-06,4.8366168e-05,22.0,0.2489734499999998
0.002212,interior,0,21,0,0,0,148.0952380952381,144.23809523809524,0.9814271930452337,0.9814271930452337,0.009999862352741886,0.0005444190332910548,0.025919603082331284,-0.009991374739393575,-0.016016108574350225,0.03644924219701337,-0.03760950338095238,25857326.0,25.177245087301593,32.2020267309421,1.4045684223212713,119.99689761904764,-2237.40459047619,3040.5139,0.0,0.24897345
0.002212,interior,1,25,0,0,0,150.16,146.92,0.987987612612212,0.987987612612212,0.009999240641842062,0.0011117540386804947,0.054864802432567056,-0.04251107231741875,0.017555268386631885,0.07616729766519952,-0.013807411855999999,18684464.0,54.002804479999995,71.27514756383434,1.334868033660471,119.98210399999998,1.6178724701127995e-07,3.9439874e-07,8.0,0.24897345000000004
0.002212,lateral_surface,-3,4,4,4,0,85.0,79.0,0.6423001228916715,0.6423001228916715,0.009999237334653972,0.0016818810905004735,0.08030646872356606,-0.05303129901234302,0.019603792469225084,0.10796730912728736,-0.025023855499999997,16535262.0,80.10484758333334,79.58776570192333,0.9935449364550373,120.00517,1731.6709250000001,1731.6711,7.0,0.24897344999999999
0.002212,lateral_surface,0,140,0,0,0,97.05714285714286,95.71428571428571,0.6938358200780889,0.6938358200780889,0.009999644207696902,0.0007256161316035889,0.03360539673351033,-0.016225672441052337,-0.013934090902060112,0.045444164267599244,-0.030562414557142866,24708988.0,52.016245059761886,32.82568465731827,0.8072795326062279,119.99882257142853,-3216.1095202857127,5004.4268,0.0,0.24897345000000048
0.002212,lateral_surface,1,52,0,0,0,105.3076923076923,102.15384615384616,0.7644518042835066,0.7644518042835066,0.00999932347280648,0.001380569934952552,0.06749320800444121,-0.04516943434395346,0.01872173299405005,0.08972116736478078,-0.016590692513461538,19622132.0,62.62611587179489,69.64557527881375,1.1836696314039226,119.99321615384619,6.568120024093076e-06,3.8754406e-05,8.0,0.24897344999999982
0.002212,measurement_core,0,15,0,0,0,158.0,158.0,0.9996968895229038,0.9996968895229038,0.00999985390005263,0.0005345131975770747,0.023778779216450212,-0.012699117431568072,-0.013285134429325964,0.033459595378145204,-0.038929615133333345,27344048.0,30.106033666666672,34.02898813502976,1.11797179511158,119.99606533333333,-2590.546126666667,3509.54,0.0,0.24897344999999993
0.002212,measurement_core,1,2,0,0,0,178.0,178.0,1.0022733285782197,1.0022733285782197,0.009999458000000003,0.0008989080499999999,0.038452304668704876,-0.03647700179937678,0.006289922454652515,0.054379770766984706,-0.0225377595,18695936.0,50.92891366666667,70.72708625000027,1.4086649645006992,119.98708500000001,7.6390734e-08,1.4197758e-07,7.0,0.24897344999999999
0.002212,top_cap_zone,1,18,0,0,0,147.72222222222223,105.5,0.9888673269643071,0.9888673269643071,0.009998404113276864,0.003059688536803573,0.12390367614237197,-0.08452997191699972,0.06243757972914681,0.17430773640258967,0.04584088694444443,33982264.0,61.81252414814815,71.79036270399706,1.1681114306226534,120.05815333333334,1.5946634157855554e-05,3.898537e-05,9.0,0.24897344999999996
0.002312,bottom_cap_zone,-1,17,17,0,17,145.94117647058823,103.23529411764706,0.9879114534238809,0.9879114534238809,0.00999974673536699,0.0002899116304782028,0.02573850620397995,-0.008541889076437725,-0.015395580929198176,0.03467772587277172,-0.029217931588235296,23090846.0,-5.882248333333332,44.0962771077987,-15.275055067384418,119.99943529411766,-5.88225834117647,11.131455,0.0,0.24897344999999996
0.002312,bottom_cap_zone,0,1,0,0,0,178.0,144.0,1.0022534872621003,1.0022534872621003,0.009999705478550001,0.00042926255000000227,0.025647568668176506,-0.0030560451140539038,-0.018006365080849823,0.03627113945243047,-0.032213349,21500754.0,21.160331666666668,39.67229450000007,1.8748427541187753,119.99086,-1437.5623,1437.5623,0.0,0.24897344999999999
0.002312,edge_ring,-1,56,56,0,56,95.64285714285714,68.14285714285714,0.7112111044455105,0.7112111044455105,0.009999972942075145,0.0005315471470293292,0.0270869162587817,-0.005711827231764187,-0.01767373708872468,0.03744053739206015,-0.02166057617857143,21225792.0,-12.722511369642854,45.281725630707896,-4.836739061567661,119.99875,-12.722521298214284,20.832787,0.0,0.2489734499999998
0.002312,edge_ring,1,56,0,0,0,95.64285714285714,68.14285714285714,0.7112898338154233,0.7112898338154233,0.00999856533669515,0.0038258260978555553,0.1507405829369853,-0.07016152466337959,0.07739338524466856,0.20323837121229546,0.06268963944642857,51443332.0,43.490819305357135,68.28676222307827,1.6239195341757804,119.99164357142857,2.889948770801161e-06,1.2664805e-05,21.0,0.2489734499999998
0.002312,interior,-3,4,4,4,0,153.0,153.0,0.9990561939997846,0.9990561939997846,0.00999927600108053,0.0009863277915693805,0.0520373304099475,-0.04358101550139889,0.016584548370438566,0.07228087131731073,-0.013165999500000001,8762840.0,59.35014641666666,79.66333075411023,1.3422600543364331,119.97958,1164.59925,1164.6003,9.0,0.24897344999999999
0.002312,interior,0,21,0,0,0,148.0952380952381,144.23809523809524,0.9814274361520009,0.9814274361520009,0.009999851733763682,0.0005911193309447493,0.02551874595698187,-0.009961737955843533,-0.015661819545513305,0.03582602587036903,-0.03724893,26185962.0,31.433972380952376,31.425086388003585,1.0371400360181013,119.99689761904764,-2846.102214285714,3581.4309,0.0,0.24897345
0.002312,interior,1,21,0,0,0,149.61904761904762,145.76190476190476,0.9858762997445423,0.9858762997445423,0.009999169716824527,0.0011328117343608875,0.05543731182368317,-0.041427205162058944,0.018984583764845953,0.076894784178743,-0.01105913070952381,16790552.0,55.641010333333334,71.59271547943433,1.2947818193677467,119.98236904761904,1.124169132457143e-05,3.2166616e-05,8.0,0.24897345
0.002312,lateral_surface,0,128,0,0,0,97.28125,95.8125,0.6959555702237968,0.6959555702237968,0.009999623477577189,0.0007077859014711375,0.030335513340202007,-0.01439197310193859,-0.014298394656079594,0.04121515441689407,-0.029385639328125004,23733174.0,55.34439193098953,30.477068853261237,0.6690556971470707,119.99890343749995,-3542.827589843749,4996.2456,0.0,0.24897345000000043
0.002312,lateral_surface,1,68,0,0,0,102.23529411764706,99.47058823529412,0.7408145179033877,0.7408145179033877,0.009999308163528165,0.0014063902867690185,0.06622329839267213,-0.04368301732235973,0.017506239707607996,0.08646548810532916,-0.016053617123529408,17816936.0,66.54746764705884,69.44945083477357,1.1021691936531592,119.99558705882349,1.2236100063658088e-05,0.00013275193,9.0,0.2489734499999998
0.002312,measurement_core,0,15,0,0,0,158.0,158.0,0.9996971068978115,0.9996971068978115,0.009999838366732785,0.0005801891872863907,0.022727027695510167,-0.012287027395012825,-0.012546537623777896,0.03193926108568957,-0.03793031746666666,26982184.0,36.46143626666666,33.546532110540745,0.9030901661046928,119.99606533333333,-3088.0588599999996,3962.0879,0.0,0.24897344999999993
0.002312,measurement_core,1,2,0,0,0,178.0,178.0,1.002271698266414,1.002271698266414,0.0099994225,0.0008908075700000001,0.03796735796152462,-0.03556723845619013,0.007626114569399137,0.05369395255666222,-0.0208177395,17461812.0,54.55117133333333,71.3919025000003,1.320881058952604,119.986975,1.828194991105e-05,3.655611e-05,7.0,0.24897344999999999
0.002312,top_cap_zone,1,18,0,0,0,147.72222222222223,105.5,0.9888627455083375,0.9888627455083375,0.009998270891430868,0.0030797737943700503,0.1255099165775224,-0.0847129101684299,0.06388083494899548,0.17655810661615864,0.04715505183333333,34820436.0,60.423467870370374,71.83916993658666,1.1953191532641554,120.05829277777778,3.4818123057444453e-06,7.7711775e-06,11.0,0.24897344999999996
0.002413,bottom_cap_zone,-1,9,9,0,9,143.22222222222223,90.55555555555556,0.9885738635214495,0.9885738635214495,0.00999971695440171,0.00021434946281902458,0.02708474520373911,-0.011584315149517167,-0.015270974261988805,0.03573795837471737,-0.026488513888888888,18248268.0,-4.022409185185186,40.62421618222431,-50.76878355426288,119.99922666666664,-4.022419368111111,5.5935659,0.0,0.24897345
0.002413,bottom_cap_zone,0,1,0,0,0,178.0,144.0,1.0024346224681633,1.0024346224681633,0.00999967311382,0.0004985894800000015,0.0255928087986265,-0.0026139711598780996,-0.01800220843366695,0.03619369730223907,-0.033734068,22514300.0,27.733403999999997,39.97513200000008,1.441407336798616,119.99086,-2086.3923,2086.3923,0.0,0.24897344999999999
0.002413,bottom_cap_zone,1,8,0,0,0,149.0,117.5,0.9875451630611206,0.9875451630611206,0.00999972243447442,0.0004989756881288003,0.02327908788509973,-0.003369330818486308,-0.016226702679650283,0.03290598120355934,-0.035510797000000004,24010934.0,11.968264865833332,43.13601253334648,3.6078057053715695,119.99405,3.5214992625e-07,6.6770986e-07,13.0,0.24897345
0.002413,edge_ring,-1,44,44,0,44,89.72727272727273,61.72727272727273,0.6659886616429279,0.6659886616429279,0.010000007109638383,0.0005838258988603526,0.028749394893931513,-0.006711032832136036,-0.018664238606368858,0.039847618043661874,-0.021622110545454553,18024680.0,-9.964272706818184,44.739368180881655,-5.076978529554156,119.9986181818182,-9.964282745454547,16.206781,0.0,0.2489734499999999
0.002413,edge_ring,1,68,0,0,0,99.47058823529412,72.29411764705883,0.7407429565265242,0.7407429565265242,0.009998706734137162,0.0032917443563901467,0.12977176510835403,-0.058767682472531266,0.06227155459536637,0.17510564658000713,0.04756309395588235,52150520.0,36.14113796813725,62.46771896825548,2.120981112174172,119.98780705882353,1.2119740785134119e-06,7.6351662e-06,23.0,0.2489734499999998
0.002413,interior,0,21,0,0,0,148.0952380952381,144.23809523809524,0.9816045627482597,0.9816045627482597,0.009999841429070403,0.0006300632177594417,0.024323472274587615,-0.0099240474685363,-0.014681015620861326,0.034071748720606435,-0.035788928142857154,25979070.0,37.447886999999994,30.69442478119386,0.8256244699413473,119.99689761904764,-3324.264552380953,4071.4307,0.0,0.24897345
0.002413,interior,1,21,0,0,0,149.61904761904762,145.76190476190476,0.9860511556915446,0.9860511556915446,0.009999043955616476,0.001157666738605171,0.06009718000527132,-0.04384614645441437,0.023155577032749914,0.0834187397127151,-0.006233925695238095,14424913.0,58.74895550793652,71.89405814797375,1.2265202240661774,119.98092238095238,2.0273627880190476e-06,1.0190969e-05,8.0,0.24897345
0.002413,lateral_surface,0,128,0,0,0,97.28125,95.8125,0.6960813713828299,0.6960813713828299,0.009999595509587417,0.0007238768608989247,0.028530391430160514,-0.01448776101019231,-0.012539271405620741,0.038288379494716564,-0.02724486782812499,23398416.0,59.915027864583315,31.427165362058535,0.6005143034284749,119.99890343749995,-3514.5192624999995,4939.9814,0.0,0.24897345000000043
0.002413,lateral_surface,1,68,0,0,0,102.23529411764706,99.47058823529412,0.7409467799665614,0.7409467799665614,0.009999263240499951,0.0014540169290635802,0.06653710512139074,-0.04310192720665074,0.019039608830121776,0.08623001063392242,-0.013125245089705884,15420471.0,67.91211849509804,69.35946954214246,1.0735916686854772,119.99633529411761,1.1763676728889554e-05,6.4229753e-05,9.0,0.2489734499999998
0.002413,measurement_core,0,15,0,0,0,158.0,158.0,0.999877447812447,0.999877447812447,0.009999822566746934,0.0006206887386072578,0.021069546212184542,-0.011832384878560365,-0.011285009310709106,0.029557165469549406,-0.03571554766666667,25732436.0,42.44573148888889,33.07729794484553,0.7630516294502282,119.99606533333333,-3449.591326666667,4373.3887,0.0,0.24897344999999993
0.002413,measurement_core,1,6,0,0,0,161.33333333333334,161.33333333333334,1.000306380468883,1.000306380468883,0.009999525667091568,0.0008321668425702592,0.03128579852357644,-0.029109964163909402,0.004497212552142227,0.04349921768499295,-0.020552742833333335,15671029.0,54.962504277777775,71.63648782686091,1.3072113701286807,119.98664333333333,9.345956558550002e-06,1.1813108e-05,7.0,0.24897345
0.002413,top_cap_zone,-3,1,1,1,0,178.0,144.0,1.0025168587270932,1.0025168587270932,0.009998195000000001,0.0024634993000000006,0.11456827332345758,-0.06935830612299358,0.06447989851134843,0.16202400595170136,0.030160481,20109638.0,62.35871100000001,96.0730185000002,1.5406511289176614,120.02636,4051.6697,4051.6697,7.0,0.24897344999999999
0.002413,top_cap_zone,1,17,0,0,0,145.94117647058823,103.23529411764706,0.9882433218382772,0.9882433218382772,0.009998146061944489,0.0031337693330505613,0.1278164048106928,-0.08587595743746203,0.06528990568816764,0.17975296408402205,0.04956160605882354,35669300.0,59.02864794117648,71.83890468223072,1.2234331583344806,120.05989529411764,3.136781106955607e-06,1.331913e-05,9.0,0.24897344999999996
0.002513,bottom_cap_zone,0,9,0,0,0,152.22222222222223,120.44444444444444,0.9892009503609981,0.9892009503609981,0.009999690824432904,0.0005479527264532629,0.022658966687603293,-0.003345607097456644,-0.01580622093625205,0.032032954779787785,-0.03471286177777778,23571314.0,20.52388352962963,42.7026076859866,2.164865074478884,119.99369555555556,-1079.9694911111112,2613.9822,0.0,0.24897345
0.002513,bottom_cap_zone,1,9,0,0,0,143.22222222222223,90.55555555555556,0.9885746975428239,0.9885746975428239,0.009999690824432904,0.0002735066706218084,0.025832436129408817,-0.010466241523556255,-0.015216737311685324,0.0345453845203398,-0.026593142777777776,18256150.0,8.648459866666666,37.23736882425175,4.305945978647886,119.9937811111111,1.993375154888889e-07,1.3923277e-06,18.0,0.24897345
0.002513,edge_ring,-1,40,40,0,40,89.9,62.3,0.6706240490104904,0.6706240490104904,0.009999992729934274,0.0005904706994837464,0.028195666902753862,-0.007521851542843086,-0.018092688113829525,0.039221140396173595,-0.022716637050000005,18520876.0,-5.160963880833334,44.289356829876354,-21.353584844225193,119.99849700000004,-5.160973899749999,11.36829,0.0,0.24897344999999996
0.002513,edge_ring,0,12,0,0,0,117.33333333333333,91.66666666666667,0.8776293233688798,0.8776293233688798,0.009999804391606923,0.0005405561729603899,0.02250543650374409,-0.005695988801918231,-0.015270303350575826,0.03178934042471357,-0.030460270166666664,21742330.0,14.923012013888886,37.564461150585004,2.5217526753692123,119.99319666666666,-844.0606999999999,883.26965,0.0,0.24897344999999996
0.002513,edge_ring,1,60,0,0,0,95.13333333333334,67.33333333333333,0.7052850642560783,0.7052850642560783,0.009998481420448374,0.003725304869880138,0.14619703046840227,-0.06622145193755435,0.07376949622255685,0.19700511159367123,0.05993931266666667,52820388.0,38.35196766666668,64.978969364109,1.9184157552191283,119.98208933333329,8.07520401276062e-06,3.3204022e-05,18.0,0.24897344999999976
0.002513,interior,0,21,0,0,0,148.0952380952381,144.23809523809524,0.9816051735854538,0.9816051735854538,0.009999833262471166,0.0006644272086938905,0.022563711375902983,-0.009898148977120777,-0.01321902526433955,0.031506858587175356,-0.03311842561904762,24686328.0,43.01579826984127,30.0991104442977,0.6936585627380307,119.99689761904764,-3668.817695238096,4419.9541,0.0,0.24897345
0.002513,interior,1,21,0,0,0,149.61904761904762,145.76190476190476,0.9860486582956643,0.9860486582956643,0.00999898205151412,0.0011442486293543146,0.06044613966258045,-0.04320479302991016,0.0244537182145799,0.08391651222270043,-0.0035329423190476198,11729545.0,59.57059196825397,71.92176192819925,1.2095197465453407,119.9808304761905,1.6338030318428577e-06,7.5503322e-06,8.0,0.24897345
0.002513,lateral_surface,0,128,0,0,0,97.28125,95.8125,0.6960819318962138,0.6960819318962138,0.009999571354003305,0.0007393899485971681,0.02645510222770042,-0.014546645143387863,-0.010390640583597363,0.03492460665742403,-0.024565863609375016,22247322.0,64.03718277864584,32.37872344668057,0.5578886489259249,119.99890343749995,-3431.580339140627,4846.7769,0.0,0.24897345000000043
0.002513,lateral_surface,1,68,0,0,0,102.23529411764706,99.47058823529412,0.7409457024636684,0.7409457024636684,0.009999220907217159,0.0014974726674722547,0.06690146939157227,-0.04251916046911088,0.020637408534910053,0.08615353338148353,-0.01018096356029412,13427997.0,68.7859701519608,69.27625951072635,1.0558687396384376,119.99707823529404,4.3339023749673545e-06,2.7102018e-05,8.0,0.2489734499999998
0.002513,measurement_core,0,15,0,0,0,158.0,158.0,0.9998778991000398,0.9998778991000398,0.00999980946676082,0.0006564878540805959,0.018987471916482493,-0.011347829857026395,-0.009611541591002333,0.026567683191504723,-0.03245991066666667,23796536.0,47.88452008888889,32.69887046074235,0.6690726228340692,119.99606533333333,-3684.5437466666667,4701.4766,0.0,0.24897344999999993
0.002513,measurement_core,1,6,0,0,0,161.33333333333334,161.33333333333334,1.0003052522499007,1.0003052522499007,0.009999503667163631,0.00082405849142379,0.030736866581181577,-0.02805870527954833,0.00600309782341046,0.042698690487727585,-0.017034337166666667,13453300.0,57.854347,71.87986704113145,1.2447156727036464,119.98661,5.564141246666666e-06,6.9652342e-06,6.0,0.24897345
0.002513,top_cap_zone,1,18,0,0,0,147.72222222222223,105.5,0.989030472882648,0.989030472882648,0.009998017892332104,0.0031088383912377146,0.1285940989957063,-0.08517978775282946,0.06656254269462061,0.18090126816187255,0.04972081605555556,36410684.0,58.07742231481481,71.82530437967202,1.2427866503329161,120.05748388888891,3.973066566473334e-06,1.4377707e-05,9.0,0.24897344999999996
