step,path,eps_xx,eps_yy,eps_zz,eps_xy,eps_yz,eps_xz,eps_v,stress_xx,stress_yy,stress_zz,stress_xy,stress_yz,stress_xz,sigmac_xx,sigmac_yy,sigmac_zz,p,q,pc,e,eps_p_v,eps_p_eq,plastic_multiplier,yield_f,return_status,yield_flag,iterations,residual,pore_pressure_proxy,yield_f_normalized
0,drained_like_triaxial_strain_control,0.0,0.0,0.0,0.0,0.0,0.0,0.0,100.0,100.0,100.0,0.0,0.0,0.0,-100.0,-100.0,-100.0,100.0,0.0,160.0,0.8,0.0,0.0,0.0,-8640.0,initial,0,0,0.0,0.0,0.375
1,drained_like_triaxial_strain_control,0.0003,0.0,0.0,0.0,0.0,0.0,0.0003,102.01923076923077,100.86538461538461,100.86538461538461,0.0,0.0,0.0,-102.01923076923077,-100.86538461538461,-100.86538461538461,101.25,1.1538461538461604,160.0,0.7994600000000001,0.0,0.0,0.0,-8564.418639053252,elastic,0,0,-8564.418639053252,0.0,0.367109477187592
2,drained_like_triaxial_strain_control,0.0003,0.0,0.0,0.0,0.0,0.0,0.0003,104.03846153846155,101.73076923076923,101.73076923076923,0.0,0.0,0.0,-104.03846153846155,-101.73076923076923,-101.73076923076923,102.5,2.307692307692321,160.0,0.798920162,0.0,0.0,0.0,-8481.674556213018,elastic,0,0,-8481.674556213018,0.0,0.35906852798744693
3,drained_like_triaxial_strain_control,0.0003,0.0,0.0,0.0,0.0,0.0,0.0003,106.05769230769232,102.59615384615384,102.59615384615384,0.0,0.0,0.0,-106.05769230769232,-102.59615384615384,-102.59615384615384,103.75,3.461538461538481,160.0,0.7983804859514001,0.0,0.0,0.0,-8391.76775147929,elastic,0,0,-8391.76775147929,0.0,0.3508853478931793
4,drained_like_triaxial_strain_control,0.0003,0.0,0.0,0.0,0.0,0.0,0.0003,108.0769230769231,103.46153846153845,103.46153846153845,0.0,0.0,0.0,-108.0769230769231,-103.46153846153845,-103.46153846153845,105.0,4.615384615384642,160.0,0.7978409718056146,0.0,0.0,0.0,-8294.69822485207,elastic,0,0,-8294.69822485207,0.0,0.34256782911637396
5,drained_like_triaxial_strain_control,0.0003,0.0,0.0,0.0,0.0,0.0,0.0003,110.09615384615387,104.32692307692307,104.32692307692307,0.0,0.0,0.0,-110.09615384615387,-104.32692307692307,-104.32692307692307,106.25,5.769230769230802,160.0,0.797301619514073,0.0,0.0,0.0,-8190.46597633136,elastic,0,0,-8190.46597633136,0.0,0.3341235702414703
6,drained_like_triaxial_strain_control,0.0003,0.0,0.0,0.0,0.0,0.0,0.0003,112.11538461538464,105.19230769230768,105.19230769230768,0.0,0.0,0.0,-112.11538461538464,-105.19230769230768,-105.19230769230768,107.5,6.923076923076962,160.0,0.7967624290282187,0.0,0.0,0.0,-8079.071005917158,elastic,0,0,-8079.071005917158,0.0,0.32555988566229166
7,drained_like_triaxial_strain_control,0.0003,0.0,0.0,0.0,0.0,0.0,0.0003,114.13461538461542,106.05769230769229,106.05769230769229,0.0,0.0,0.0,-114.13461538461542,-106.05769230769229,-106.05769230769229,108.75,8.076923076923123,160.0,0.7962234002995102,0.0,0.0,0.0,-7960.513313609466,elastic,0,0,-7960.513313609466,0.0,0.316883814797306
8,drained_like_triaxial_strain_control,0.0003,0.0,0.0,0.0,0.0,0.0,0.0003,116.15384615384619,106.9230769230769,106.9230769230769,0.0,0.0,0.0,-116.15384615384619,-106.9230769230769,-106.9230769230769,110.0,9.230769230769283,160.0,0.7956845332794203,0.0,0.0,0.0,-7834.792899408283,elastic,0,0,-7834.792899408283,0.0,0.3081021310816244
9,drained_like_triaxial_strain_control,0.0003,0.0,0.0,0.0,0.0,0.0,0.0003,118.17307692307696,107.78846153846152,107.78846153846152,0.0,0.0,0.0,-118.17307692307696,-107.78846153846152,-107.78846153846152,111.25,10.384615384615444,160.0,0.7951458279194366,0.0,0.0,0.0,-7701.909763313607,elastic,0,0,-7701.909763313607,0.0,0.2992213507345805
10,drained_like_triaxial_strain_control,0.0003,0.0,0.0,0.0,0.0,0.0,0.0003,120.19230769230774,108.65384615384613,108.65384615384613,0.0,0.0,0.0,-120.19230769230774,-108.65384615384613,-108.65384615384613,112.5,11.538461538461604,160.0,0.7946072841710607,0.0,0.0,0.0,-7561.863905325442,elastic,0,0,-7561.863905325442,0.0,0.2902477413024814
11,drained_like_triaxial_strain_control,0.0003,0.0,0.0,0.0,0.0,0.0,0.0003,122.21153846153851,109.51923076923075,109.51923076923075,0.0,0.0,0.0,-122.21153846153851,-109.51923076923075,-109.51923076923075,113.75,12.692307692307764,160.0,0.7940689019858094,0.0,0.0,0.0,-7414.655325443784,elastic,0,0,-7414.655325443784,0.0,0.28118732997679496
12,drained_like_triaxial_strain_control,0.0003,0.0,0.0,0.0,0.0,0.0,0.0003,124.23076923076928,110.38461538461536,110.38461538461536,0.0,0.0,0.0,-124.23076923076928,-110.38461538461536,-110.38461538461536,115.0,13.846153846153925,160.0,0.7935306813152136,0.0,0.0,0.0,-7260.284023668637,elastic,0,0,-7260.284023668637,0.0,0.2720459116886433
13,drained_like_triaxial_strain_control,0.0003,0.0,0.0,0.0,0.0,0.0,0.0003,126.25000000000006,111.24999999999997,111.24999999999997,0.0,0.0,0.0,-126.25000000000006,-111.24999999999997,-111.24999999999997,116.25,15.000000000000085,160.0,0.7929926221108191,0.0,0.0,0.0,-7098.749999999997,elastic,0,0,-7098.749999999997,0.0,0.26282905698100617
14,drained_like_triaxial_strain_control,0.0003,0.0,0.0,0.0,0.0,0.0,0.0003,128.26923076923083,112.11538461538458,112.11538461538458,0.0,0.0,0.0,-128.26923076923083,-112.11538461538458,-112.11538461538458,117.5,16.153846153846246,160.0,0.7924547243241858,0.0,0.0,0.0,-6930.053254437866,elastic,0,0,-6930.053254437866,0.0,0.25354211966051743
15,drained_like_triaxial_strain_control,0.0003,0.0,0.0,0.0,0.0,0.0,0.0003,130.2884615384616,112.9807692307692,112.9807692307692,0.0,0.0,0.0,-130.2884615384616,-112.9807692307692,-112.9807692307692,118.75,17.307692307692406,160.0,0.7919169879068886,0.0,0.0,0.0,-6754.193786982245,elastic,0,0,-6754.193786982245,0.0,0.24419024423115787
16,drained_like_triaxial_strain_control,0.0003,0.0,0.0,0.0,0.0,0.0,0.0003,132.30769230769238,113.84615384615381,113.84615384615381,0.0,0.0,0.0,-132.30769230769238,-113.84615384615381,-113.84615384615381,120.0,18.461538461538566,160.0,0.7913794128105165,0.0,0.0,0.0,-6571.171597633132,elastic,0,0,-6571.171597633132,0.0,0.2347783731125181
17,drained_like_triaxial_strain_control,0.0003,0.0,0.0,0.0,0.0,0.0,0.0003,134.32692307692315,114.71153846153842,114.71153846153842,0.0,0.0,0.0,-134.32692307692315,-114.71153846153842,-114.71153846153842,121.25,19.615384615384727,160.0,0.7908419989866733,0.0,0.0,0.0,-6380.986686390528,elastic,0,0,-6380.986686390528,0.0,0.22531125364563043
18,drained_like_triaxial_strain_control,0.0003,0.0,0.0,0.0,0.0,0.0,0.0003,136.34615384615392,115.57692307692304,115.57692307692304,0.0,0.0,0.0,-136.34615384615392,-115.57692307692304,-115.57692307692304,122.5,20.769230769230887,160.0,0.7903047463869773,0.0,0.0,0.0,-6183.639053254433,elastic,0,0,-6183.639053254433,0.0,0.21579344488964528
19,drained_like_triaxial_strain_control,0.0003,0.0,0.0,0.0,0.0,0.0,0.0003,138.3653846153847,116.44230769230765,116.44230769230765,0.0,0.0,0.0,-138.3653846153847,-116.44230769230765,-116.44230769230765,123.75,21.923076923077048,160.0,0.7897676549630612,0.0,0.0,0.0,-5979.128698224847,elastic,0,0,-5979.128698224847,0.0,0.20622932421287335
20,drained_like_triaxial_strain_control,0.0003,0.0,0.0,0.0,0.0,0.0,0.0003,140.38461538461547,117.30769230769226,117.30769230769226,0.0,0.0,0.0,-140.38461538461547,-117.30769230769226,-117.30769230769226,125.0,23.076923076923208,160.0,0.7892307246665723,0.0,0.0,0.0,-5767.4556213017695,elastic,0,0,-5767.4556213017695,0.0,0.19662309368191697
21,drained_like_triaxial_strain_control,0.0003,0.0,0.0,0.0,0.0,0.0,0.0003,142.40384615384625,118.17307692307688,118.17307692307688,0.0,0.0,0.0,-142.40384615384625,-118.17307692307688,-118.17307692307688,126.25,24.23076923076937,160.0,0.7886939554491723,0.0,0.0,0.0,-5548.6198224852,elastic,0,0,-5548.6198224852,0.0,0.18697878625278808
22,drained_like_triaxial_strain_control,0.0003,0.0,0.0,0.0,0.0,0.0,0.0003,144.42307692307702,119.03846153846149,119.03846153846149,0.0,0.0,0.0,-144.42307692307702,-119.03846153846149,-119.03846153846149,127.5,25.38461538461553,160.0,0.7881573472625376,0.0,0.0,0.0,-5322.621301775141,elastic,0,0,-5322.621301775141,0.0,0.17730027176805313
23,drained_like_triaxial_strain_control,0.0003,0.0,0.0,0.0,0.0,0.0,0.0003,146.4423076923078,119.9038461538461,119.9038461538461,0.0,0.0,0.0,-146.4423076923078,-119.9038461538461,-119.9038461538461,128.75,26.53846153846169,160.0,0.7876209000583588,0.0,0.0,0.0,-5089.46005917159,elastic,0,0,-5089.46005917159,0.0,0.16759126276416061
24,drained_like_triaxial_strain_control,0.0003,0.0,0.0,0.0,0.0,0.0,0.0003,148.46153846153857,120.76923076923072,120.76923076923072,0.0,0.0,0.0,-148.46153846153857,-120.76923076923072,-120.76923076923072,130.0,27.69230769230785,160.0,0.7870846137883413,0.0,0.0,0.0,-4849.136094674547,elastic,0,0,-4849.136094674547,0.0,0.1578553200931984
25,drained_like_triaxial_strain_control,0.0003,0.0,0.0,0.0,0.0,0.0,0.0003,150.48076923076934,121.63461538461533,121.63461538461533,0.0,0.0,0.0,-150.48076923076934,-121.63461538461533,-121.63461538461533,131.25,28.84615384615401,160.0,0.7865484884042048,0.0,0.0,0.0,-4601.6494082840145,elastic,0,0,-4601.6494082840145,0.0,0.14809585836339764
26,drained_like_triaxial_strain_control,0.0003,0.0,0.0,0.0,0.0,0.0,0.0003,152.5000000000001,122.49999999999994,122.49999999999994,0.0,0.0,0.0,-152.5000000000001,-122.49999999999994,-122.49999999999994,132.5,30.00000000000017,160.0,0.7860125238576835,0.0,0.0,0.0,-4346.999999999989,elastic,0,0,-4346.999999999989,0.0,0.13831615120274876
27,drained_like_triaxial_strain_control,0.0003,0.0,0.0,0.0,0.0,0.0,0.0003,154.5192307692309,123.36538461538456,123.36538461538456,0.0,0.0,0.0,-154.5192307692309,-123.36538461538456,-123.36538461538456,133.75,31.15384615384633,160.0,0.7854767201005262,0.0,0.0,0.0,-4085.187869822474,elastic,0,0,-4085.187869822474,0.0,0.12851933635012636
28,drained_like_triaxial_strain_control,0.0003,0.0,0.0,0.0,0.0,0.0,0.0003,156.53846153846166,124.23076923076917,124.23076923076917,0.0,0.0,0.0,-156.53846153846166,-124.23076923076917,-124.23076923076917,135.0,32.30769230769249,160.0,0.784941077084496,0.0,0.0,0.0,-3816.2130177514673,elastic,0,0,-3816.2130177514673,0.0,0.11870842057833454
29,drained_like_triaxial_strain_control,0.0003,0.0,0.0,0.0,0.0,0.0,0.0003,158.55769230769243,125.09615384615378,125.09615384615378,0.0,0.0,0.0,-158.55769230769243,-125.09615384615378,-125.09615384615378,136.25,33.46153846153865,160.0,0.7844055947613706,0.0,0.0,0.0,-3540.0754437869696,elastic,0,0,-3540.0754437869696,0.0,0.10888628445348582
30,drained_like_triaxial_strain_control,0.0003,0.0,0.0,0.0,0.0,0.0,0.0003,160.5769230769232,125.9615384615384,125.9615384615384,0.0,0.0,0.0,-160.5769230769232,-125.9615384615384,-125.9615384615384,137.5,34.61538461538481,160.0,0.7838702730829422,0.0,0.0,0.0,-3256.7751479289805,elastic,0,0,-3256.7751479289805,0.0,0.09905568693511244
31,drained_like_triaxial_strain_control,0.0003,0.0,0.0,0.0,0.0,0.0,0.0003,162.59615384615398,126.82692307692301,126.82692307692301,0.0,0.0,0.0,-162.59615384615398,-126.82692307692301,-126.82692307692301,138.75,35.76923076923097,160.0,0.7833351120010174,0.0,0.0,0.0,-2966.3121301775,elastic,0,0,-2966.3121301775,0.0,0.08921926982138718
32,drained_like_triaxial_strain_control,0.0003,0.0,0.0,0.0,0.0,0.0,0.0003,164.61538461538476,127.69230769230762,127.69230769230762,0.0,0.0,0.0,-164.61538461538476,-127.69230769230762,-127.69230769230762,140.0,36.92307692307713,160.0,0.782800111467417,0.0,0.0,0.0,-2668.686390532529,elastic,0,0,-2668.686390532529,0.0,0.07937956204379513
33,drained_like_triaxial_strain_control,0.0003,0.0,0.0,0.0,0.0,0.0,0.0003,166.63461538461553,128.55769230769224,128.55769230769224,0.0,0.0,0.0,-166.63461538461553,-128.55769230769224,-128.55769230769224,141.25,38.07692307692329,160.0,0.7822652714339768,0.0,0.0,0.0,-2363.897928994066,elastic,0,0,-2363.897928994066,0.0,0.06953898381555541
34,drained_like_triaxial_strain_control,0.0003,0.0,0.0,0.0,0.0,0.0,0.0003,168.6538461538463,129.42307692307685,129.42307692307685,0.0,0.0,0.0,-168.6538461538463,-129.42307692307685,-129.42307692307685,142.5,39.230769230769454,160.0,0.7817305918525467,0.0,0.0,0.0,-2051.9467455621125,elastic,0,0,-2051.9467455621125,0.0,0.059699850638041514
35,drained_like_triaxial_strain_control,0.0003,0.0,0.0,0.0,0.0,0.0,0.0003,170.67307692307708,130.28846153846146,130.28846153846146,0.0,0.0,0.0,-170.67307692307708,-130.28846153846146,-130.28846153846146,143.75,40.384615384615614,160.0,0.7811960726749909,0.0,0.0,0.0,-1732.8328402366678,elastic,0,0,-1732.8328402366678,0.0,0.04986437716939006
36,drained_like_triaxial_strain_control,0.0003,0.0,0.0,0.0,0.0,0.0,0.0003,172.69230769230785,131.15384615384608,131.15384615384608,0.0,0.0,0.0,-172.69230769230785,-131.15384615384608,-131.15384615384608,145.0,41.538461538461775,160.0,0.7806617138531884,0.0,0.0,0.0,-1406.5562130177314,elastic,0,0,-1406.5562130177314,0.0,0.04003468095942511
37,drained_like_triaxial_strain_control,0.0003,0.0,0.0,0.0,0.0,0.0,0.0003,174.71153846153862,132.0192307692307,132.0192307692307,0.0,0.0,0.0,-174.71153846153862,-132.0192307692307,-132.0192307692307,146.25,42.692307692307935,160.0,0.7801275153390325,0.0,0.0,0.0,-1073.1168639053046,elastic,0,0,-1073.1168639053046,0.0,0.030212786054956135
38,drained_like_triaxial_strain_control,0.0003,0.0,0.0,0.0,0.0,0.0,0.0003,176.7307692307694,132.8846153846153,132.8846153846153,0.0,0.0,0.0,-176.7307692307694,-132.8846153846153,-132.8846153846153,147.5,43.846153846154095,160.0,0.7795934770844307,0.0,0.0,0.0,-732.5147928993865,elastic,0,0,-732.5147928993865,0.0,0.020400626479434122
39,drained_like_triaxial_strain_control,0.0003,0.0,0.0,0.0,0.0,0.0,0.0003,178.75000000000017,133.74999999999991,133.74999999999991,0.0,0.0,0.0,-178.75000000000017,-133.74999999999991,-133.74999999999991,148.75,45.000000000000256,160.0,0.7790595990413054,0.0,0.0,0.0,-384.74999999997704,elastic,0,0,-384.74999999997704,0.0,0.01060004959087464
40,drained_like_triaxial_strain_control,0.0003,0.0,0.0,0.0,0.0,0.0,0.0003,180.76923076923094,134.61538461538453,134.61538461538453,0.0,0.0,0.0,-180.76923076923094,-134.61538461538453,-134.61538461538453,150.0,46.153846153846416,160.0,0.778525881161593,0.0,0.0,0.0,-29.82248520707617,elastic,0,0,-29.82248520707617,0.0,0.0008128193218757854
41,drained_like_triaxial_strain_control,0.0003,0.0,0.0,0.0,0.0,0.0,0.0003,181.45876921908294,134.74792880157153,134.74792880157153,0.0,0.0,0.0,-181.45876921908294,-134.74792880157153,-134.74792880157153,150.318208940742,46.710840417511406,160.39822624704053,0.7779923233972446,0.0002236298542212727,0.0002464003035807482,1.1073909900428394e-06,2.9722286853939295e-09,plastic_converged,1,5,2.9713191906921566e-09,0.0,8.054510918754264e-14
42,drained_like_triaxial_strain_control,0.0003,0.0,0.0,0.0,0.0,0.0,0.0003,182.02527232858662,134.81739433578693,134.81739433578693,0.0,0.0,0.0,-182.02527232858662,-134.81739433578693,-134.81739433578693,150.55335366672014,47.207877992799695,160.83294932307217,0.7774589257002253,0.0004671951199848045,0.0005152592576349005,1.2058031956099544e-06,4.6898094296921045e-09,plastic_converged,1,5,4.690718924393877e-09,0.0,1.264213485384148e-13
43,drained_like_triaxial_strain_control,0.0003,0.0,0.0,0.0,0.0,0.0,0.0003,182.58935861412183,134.89017914774655,134.89017914774655,0.0,0.0,0.0,-182.58935861412183,-134.89017914774655,-134.89017914774655,150.78990563653832,47.699179466375284,161.2681145951669,0.7769256880225153,0.0007104226472266179,0.0007842352847907065,1.2038055916091671e-06,4.867615643888712e-09,plastic_converged,1,5,4.8662514018360525e-09,0.0,1.3052510987333318e-13
44,drained_like_triaxial_strain_control,0.0003,0.0,0.0,0.0,0.0,0.0,0.0003,183.15112588701214,134.96625886153734,134.96625886153734,0.0,0.0,0.0,-183.15112588701214,-134.96625886153734,-134.96625886153734,151.02788120336228,48.1848670254748,161.7037126374055,0.7763926103161085,0.000953308511186913,0.0010533197728974345,1.2017689740801168e-06,5.060428520664573e-09,plastic_converged,1,5,5.052243068348616e-09,0.0,1.3498389177785306e-13
45,drained_like_triaxial_strain_control,0.0003,0.0,0.0,0.0,0.0,0.0,0.0003,183.7106687500251,135.0456082684152,135.0456082684152,0.0,0.0,0.0,-183.7106687500251,-135.0456082684152,-135.0456082684152,151.2672950956185,48.665060481609885,162.13973464678446,0.7758596925330137,0.0011958491770433346,0.0013225044354445942,1.1996950835746168e-06,5.233232514001429e-09,plastic_converged,1,5,5.237779987510294e-09,0.0,1.3886277312986907e-13
46,drained_like_triaxial_strain_control,0.0003,0.0,0.0,0.0,0.0,0.0,0.0003,184.26807869934947,135.12820140160704,135.12820140160704,0.0,0.0,0.0,-184.26807869934947,-135.12820140160704,-135.12820140160704,151.50816050085453,49.13987729774243,162.57617241542167,0.7753269346252538,0.0014380414797844784,0.0015917812989757706,1.1975855965607852e-06,5.426500138128176e-09,plastic_converged,1,5,5.422407411970198e-09,0.0,1.4323892678426444e-13
47,drained_like_triaxial_strain_control,0.0003,0.0,0.0,0.0,0.0,0.0,0.0003,184.82344422386495,135.21401160707154,135.21401160707154,0.0,0.0,0.0,-184.82344422386495,-135.21401160707154,-135.21401160707154,151.75048914600268,49.60943261679342,163.0130183038104,0.7747943365448663,0.0016798826049465659,0.0018611426909823793,1.1954421277176887e-06,5.611582309938967e-09,plastic_converged,1,5,5.609308573184535e-09,0.0,1.4735208657990136e-13
48,drained_like_triaxial_strain_control,0.0003,0.0,0.0,0.0,0.0,0.0,0.0003,185.37685090173437,135.3030116104051,135.3030116104051,0.0,0.0,0.0,-185.37685090173437,-135.3030116104051,-135.3030116104051,151.99429137418153,50.07383929132927,163.45026521508998,0.7742618982439028,0.0019213700701811486,0.002130581228258983,1.1932662321464266e-06,5.8116711443290114e-09,plastic_converged,1,5,5.813490133732557e-09,0.0,1.5181195083762008e-13
49,drained_like_triaxial_strain_control,0.0003,0.0,0.0,0.0,0.0,0.0,0.0003,185.92838149434226,135.39517358006523,135.39517358006523,0.0,0.0,0.0,-185.92838149434226,-135.39517358006523,-135.39517358006523,152.2395762181576,50.53320791427702,163.88790657030094,0.7737296196744297,0.0021625017076242464,0.0024000898057043554,1.1910594075091722e-06,6.005848263157532e-09,plastic_converged,1,5,6.0067577578593045e-09,0.0,1.5606931106649485e-13
50,drained_like_triaxial_strain_control,0.0003,0.0,0.0,0.0,0.0,0.0,0.0003,186.47811603761156,135.49046918708123,135.49046918708123,0.0,0.0,0.0,-186.47811603761156,-135.49046918708123,-135.49046918708123,152.48635147059133,50.987646850530325,164.32593628459486,0.7731975007885273,0.0024032756470373454,0.0026696615855521712,1.1888230960949595e-06,6.209120329003781e-09,plastic_converged,1,5,6.2104845710564405e-09,0.0,1.6051502774306305e-13
51,drained_like_triaxial_strain_control,0.0003,0.0,0.0,0.0,0.0,0.0,0.0003,187.02613193073142,135.5888696614124,135.5888696614124,0.0,0.0,0.0,-187.02613193073142,-135.5888696614124,-135.5888696614124,152.7346237511854,51.437262269319035,164.76434874436876,0.7726655415382908,0.002643690299691822,0.00293928998701616,1.1865586868164903e-06,6.42148734186776e-09,plastic_converged,1,5,6.416030373657122e-09,0.0,1.651459532791658e-13
52,drained_like_triaxial_strain_control,0.0003,0.0,0.0,0.0,0.0,0.0,0.0003,187.5725040223346,135.69034584511058,135.69034584511058,0.0,0.0,0.0,-187.5725040223346,-135.69034584511058,-135.69034584511058,152.98439857085194,51.882158177224035,165.20313878529402,0.7721337418758293,0.002883744342968743,0.0032089686763346094,1.1842675171383038e-06,6.6338543547317386e-09,plastic_converged,1,5,6.627033144468442e-09,0.0,1.6972629166547513e-13
53,drained_like_triaxial_strain_control,0.0003,0.0,0.0,0.0,0.0,0.0,0.0003,188.1173046941642,135.79486824243625,135.79486824243625,0.0,0.0,0.0,-188.1173046941642,-135.79486824243625,-135.79486824243625,153.23568039301222,52.32243645172795,165.64230167121121,0.7716021017532665,0.0031234367056469873,0.0034786915571998357,1.1819508749395677e-06,6.835307431174442e-09,plastic_converged,1,5,6.83303369442001e-09,0.0,1.739787910055231e-13
54,drained_like_triaxial_strain_control,0.0003,0.0,0.0,0.0,0.0,0.0,0.0003,188.66060394227264,135.9024070670717,135.9024070670717,0.0,0.0,0.0,-188.66060394227264,-135.9024070670717,-135.9024070670717,153.48847269213869,52.758196875200944,166.0818330738618,0.7710706211227405,0.003362766553853189,0.0037484527615584875,1.179610000312571e-06,7.053586159599945e-09,plastic_converged,1,5,7.053586159599945e-09,0.0,1.7861069399143686e-13
55,drained_like_triaxial_strain_control,0.0003,0.0,0.0,0.0,0.0,0.0,0.0003,189.2024694557985,136.01293228656985,136.01293228656985,0.0,0.0,0.0,-189.2024694557985,-136.01293228656985,-136.01293228656985,153.74277800964606,53.18953716922866,166.52172905342914,0.7705392999364037,0.003601733277647786,0.0040182466407689904,1.1772460872989456e-06,7.270045898621902e-09,plastic_converged,1,5,7.270045898621902e-09,0.0,1.831462368819715e-13
56,drained_like_triaxial_strain_control,0.0003,0.0,0.0,0.0,0.0,0.0,0.0003,189.742966693367,136.12641366417094,136.12641366417094,0.0,0.0,0.0,-189.742966693367,-136.12641366417094,-136.12641366417094,153.9985980072363,53.61655302919607,166.96198603986096,0.7700081381464228,0.0038403364782223265,0.004288067757103028,1.1748602855661426e-06,7.498329068766907e-09,plastic_converged,1,5,7.498329068766907e-09,0.0,1.8792857572823413e-13
57,drained_like_triaxial_strain_control,0.0003,0.0,0.0,0.0,0.0,0.0,0.0003,190.2821589571632,136.2428207981142,136.2428207981142,0.0,0.0,0.0,-190.2821589571632,-136.2428207981142,-136.2428207981142,154.2559335177972,54.03933815904901,167.40260081494657,0.7694771357049789,0.004078575955683727,0.0045579108755781144,1.1724537020249061e-06,7.72161001805216e-09,plastic_converged,1,5,7.722064765403047e-09,0.0,1.925341451184173e-13
58,drained_like_triaxial_strain_control,0.0003,0.0,0.0,0.0,0.0,0.0,0.0003,190.82010746472716,136.36212315856656,136.36212315856656,0.0,0.0,0.0,-190.82010746472716,-136.36212315856656,-136.36212315856656,154.51478459395344,54.4579843061606,167.84357049512283,0.7689462925642674,0.00431645169740206,0.004827770956108906,1.1700274023903025e-06,7.951257430249825e-09,plastic_converged,1,5,7.94670995674096e-09,0.0,1.9724742782958464e-13
59,drained_like_triaxial_strain_control,0.0003,0.0,0.0,0.0,0.0,0.0,0.0003,191.3568736051081,136.48429143421998,136.48429143421998,0.0,0.0,0.0,-191.3568736051081,-136.48429143421998,-136.48429143421998,154.77515215784936,54.87258217088811,168.28489413910012,0.768415608676498,0.004553963439406724,0.005097642660516853,1.1675802981017642e-06,6.020449336574529e-05,plastic_converged,1,5,6.020449563948205e-05,0.0,1.4858812707488986e-09
60,drained_like_triaxial_strain_control,0.0003,0.0,0.0,0.0,0.0,0.0,0.0003,191.89251224075315,136.6092935294866,136.6092935294866,0.0,0.0,0.0,-191.89251224075315,-136.6092935294866,-136.6092935294866,155.03703309990877,55.28321871126656,168.7265679501178,0.7678850839938951,0.004791111970472778,0.005367521837836162,1.1651177555053191e-06,6.159806434880011e-05,plastic_converged,1,5,6.159806434880011e-05,0.0,1.5125368023687347e-09
61,drained_like_triaxial_strain_control,0.0003,0.0,0.0,0.0,0.0,0.0,0.0003,192.42707897341933,136.73709884469122,136.73709884469122,0.0,0.0,0.0,-192.42707897341933,-136.73709884469122,-136.73709884469122,155.30042555426726,55.68998012872811,169.16858988389504,0.767354718468697,0.0050278977384274285,0.005637403946857841,1.1626382810810326e-06,6.298943935689749e-05,plastic_converged,1,5,6.298943480942398e-05,0.0,1.5388429474505153e-09
62,drained_like_triaxial_strain_control,0.0003,0.0,0.0,0.0,0.0,0.0,0.0003,192.96062735611136,136.86767666316354,136.86767666316354,0.0,0.0,0.0,-192.96062735611136,-136.86767666316354,-136.86767666316354,155.56532689414615,56.092950692947824,169.6109582370516,0.7668245120531564,0.00526432137371641,0.00590728465461138,1.1601429710703842e-06,6.437847696361132e-05,plastic_converged,1,5,6.437847696361132e-05,0.0,1.5648001678880823e-09
63,drained_like_triaxial_strain_control,0.0003,0.0,0.0,0.0,0.0,0.0,0.0003,193.49320918377816,137.00099629297912,137.00099629297912,0.0,0.0,0.0,-193.49320918377816,-137.00099629297912,-137.00099629297912,155.83173392324548,56.49221289079904,170.05367156494736,0.7662944646995404,0.005500383643470099,0.006177159788154228,1.1576327067618333e-06,6.576462556040497e-05,plastic_converged,1,5,6.576461828444735e-05,0.0,1.5903990230810391e-09
64,drained_like_triaxial_strain_control,0.0003,0.0,0.0,0.0,0.0,0.0,0.0003,194.02487455251594,137.1370270918729,137.1370270918729,0.0,0.0,0.0,-194.02487455251594,-137.1370270918729,-137.1370270918729,156.09964291208726,56.88784746064303,170.4967286683426,0.7657645763601306,0.005736085442780951,0.006447025328397288,1.1551083365205489e-06,6.714772553095827e-05,plastic_converged,1,5,6.714772462146357e-05,0.0,1.6156397213580885e-09
65,drained_like_triaxial_strain_control,0.0003,0.0,0.0,0.0,0.0,0.0,0.0003,194.55567191685424,137.2757384904905,137.2757384904905,0.0,0.0,0.0,-194.55567191685424,-137.2757384904905,-137.2757384904905,156.36904963261176,57.27993342636372,170.94012858062777,0.7652348469872226,0.005971427786400212,0.006716877404172832,1.152570676998313e-06,6.852751130281831e-05,plastic_converged,1,5,6.852750902908156e-05,0.0,1.640519957643763e-09
66,drained_like_triaxial_strain_control,0.0003,0.0,0.0,0.0,0.0,0.0,0.0003,195.08564814517166,137.41710001406202,137.41710001406202,0.0,0.0,0.0,-195.08564814517166,-137.41710001406202,-137.41710001406202,156.63994939109855,57.668548131109645,171.38387055559014,0.7647052765331264,0.006206411800837258,0.006986712286536781,1.1500205143054264e-06,6.990358588154777e-05,plastic_converged,1,5,6.990359270275803e-05,0.0,1.6650343703419904e-09
67,drained_like_triaxial_strain_control,0.0003,0.0,0.0,0.0,0.0,0.0,0.0003,195.6148485732998,137.5610813025764,137.5610813025764,0.0,0.0,0.0,-195.6148485732998,-137.5610813025764,-137.5610813025764,156.91233705948423,58.05376727072339,171.82795405570192,0.7641758649501664,0.00644103871684313,0.007256526383294818,1.1474586051340873e-06,7.127593153199996e-05,plastic_converged,1,5,7.127592607503175e-05,0.0,1.6891867215302321e-09
68,drained_like_triaxial_strain_control,0.0003,0.0,0.0,0.0,0.0,0.0,0.0003,196.14331705636258,137.70765212953796,137.70765212953796,0.0,0.0,0.0,-196.14331705636258,-137.70765212953796,-137.70765212953796,157.18620710514617,58.435664926824614,172.27237874091574,0.7636466121906814,0.006675309862262306,0.007526316233744244,1.1448856778437889e-06,7.264416490215808e-05,plastic_converged,1,5,7.264416490215808e-05,0.0,1.7129721046978401e-09
69,drained_like_triaxial_strain_control,0.0003,0.0,0.0,0.0,0.0,0.0,0.0003,196.67109601890186,137.8567824193812,137.8567824193812,0.0,0.0,0.0,-196.67109601890186,-137.8567824193812,-137.8567824193812,157.46155361922143,58.81431359952066,172.71714445793785,0.7631175182070242,0.006909226655236462,0.007796078503622774,1.1423024335055066e-06,7.400819595204666e-05,plastic_converged,1,5,7.400819595204666e-05,0.0,1.7363926214216194e-09
70,drained_like_triaxial_strain_control,0.0003,0.0,0.0,0.0,0.0,0.0,0.0003,197.19822650333472,138.0084422636079,138.0084422636079,0.0,0.0,0.0,-197.19822650333472,-138.0084422636079,-138.0084422636079,157.73837034351683,59.18978423972683,173.16225122996713,0.7625885829515621,0.007142790597745862,0.008065809980257235,1.1397095469124777e-06,7.536770635852008e-05,plastic_converged,1,5,7.536770044680452e-05,0.0,1.7594450306074181e-09
71,drained_like_triaxial_strain_control,0.0003,0.0,0.0,0.0,0.0,0.0,0.0003,197.72474821680046,138.1626019357209,138.1626019357209,0.0,0.0,0.0,-197.72474821680046,-138.1626019357209,-138.1626019357209,158.01665069608075,59.56214628107958,173.60769924688114,0.7620598063766766,0.007376003269472179,0.008335507567902677,1.1371076675469305e-06,7.672277661185944e-05,plastic_converged,1,5,7.672277752135415e-05,0.0,1.782135448135637e-09
72,drained_like_triaxial_strain_control,0.0003,0.0,0.0,0.0,0.0,0.0,0.0003,198.25069957643123,138.3192319050155,138.3192319050155,0.0,0.0,0.0,-198.25069957643123,-138.3192319050155,-138.3192319050155,158.2963877954874,59.93146767141573,174.05348885585022,0.7615311884347635,0.007608866321970337,0.008605168283266353,1.1344974205197302e-06,7.807316205798998e-05,plastic_converged,1,5,7.807316615071613e-05,0.0,1.804462381990917e-09
73,drained_like_triaxial_strain_control,0.0003,0.0,0.0,0.0,0.0,0.0,0.0003,198.7761177531093,138.47830284929216,138.47830284929216,0.0,0.0,0.0,-198.7761177531093,-138.47830284929216,-138.47830284929216,158.57757448389788,60.29781490381714,174.4996205523654,0.7610027290782331,0.007841381473133877,0.008874789251207165,1.131879407466518e-06,7.941880721773487e-05,plastic_converged,1,5,7.941880357975606e-05,0.0,1.8264287488470226e-09
74,drained_like_triaxial_strain_control,0.0003,0.0,0.0,0.0,0.0,0.0,0.0003,199.30103871374172,138.63978566654595,138.63978566654595,0.0,0.0,0.0,-199.30103871374172,-138.63978566654595,-138.63978566654595,158.86020334894454,60.66125304719577,174.94609497165956,0.7604744282595096,0.008073550501942472,0.009144367700605553,1.1292542074189585e-06,8.075954519881634e-05,plastic_converged,1,5,8.075954974628985e-05,0.0,1.8480348866495014e-09
75,drained_like_triaxial_strain_control,0.0003,0.0,0.0,0.0,0.0,0.0,0.0003,199.8254972621101,138.8036514856935,138.8036514856935,0.0,0.0,0.0,-199.8254972621101,-138.8036514856935,-138.8036514856935,159.14426674449905,61.0218457764166,175.3929128805115,0.7599462859310318,0.00830537524347805,0.009413900960395958,1.12662237763912e-06,8.209535826608771e-05,plastic_converged,1,5,8.209536008507712e-05,0.0,1.8692845514572277e-09
76,drained_like_triaxial_strain_control,0.0003,0.0,0.0,0.0,0.0,0.0,0.0003,200.349527078332,138.96987167638383,138.96987167638383,0.0,0.0,0.0,-200.349527078332,-138.96987167638383,-138.96987167638383,159.42975681036657,61.379655401948156,175.84007516941492,0.7594183020452524,0.008536857584197782,0.009683386455755788,1.1239844544245754e-06,8.342607270606095e-05,plastic_converged,1,5,8.342607179656625e-05,0.0,1.89017791959519e-09
77,drained_like_triaxial_strain_control,0.0003,0.0,0.0,0.0,0.0,0.0,0.0003,200.87316075698035,139.13841785795,139.13841785795,0.0,0.0,0.0,-200.87316075698035,-139.13841785795,-139.13841785795,159.71666549096014,61.73474289903035,176.28758284509598,0.7588904765546388,0.008767999457452595,0.009952821704444904,1.1213409538847083e-06,8.475181903122575e-05,plastic_converged,1,5,8.475181721223635e-05,0.0,1.910722051062683e-09
78,drained_like_triaxial_strain_control,0.0003,0.0,0.0,0.0,0.0,0.0,0.0003,201.39642984390142,139.30926190754553,139.30926190754553,0.0,0.0,0.0,-201.39642984390142,-139.30926190754553,-139.30926190754553,160.00498455299748,62.08716793635589,176.73543702337008,0.7583628094116724,0.008998802839239615,0.010222204313289112,1.1186923726859902e-06,8.607251766079571e-05,plastic_converged,1,5,8.607252266301657e-05,0.0,1.93091918184459e-09
79,drained_like_triaxial_strain_control,0.0003,0.0,0.0,0.0,0.0,0.0,0.0003,201.91936487177742,139.48237596751383,139.48237596751383,0.0,0.0,0.0,-201.91936487177742,-139.48237596751383,-139.48237596751383,160.29470560226835,62.436988904263586,177.18363892232182,0.757835300568849,0.009229269744178276,0.010491531974802315,1.116039188771258e-06,8.738812584851985e-05,plastic_converged,1,5,8.738812766750925e-05,0.0,1.950772354078162e-09
80,drained_like_triaxial_strain_control,0.0003,0.0,0.0,0.0,0.0,0.0,0.0003,202.44199539446558,139.65773245203317,139.65773245203317,0.0,0.0,0.0,-202.44199539446558,-139.65773245203317,-139.65773245203317,160.58582009951064,62.784262942432406,177.6321898557922,0.7573079499786783,0.009459402221699956,0.010760802463941921,1.113381862052709e-06,8.869845396475284e-05,plastic_converged,1,5,8.869845305525814e-05,0.0,1.9702813151519338e-09
81,drained_like_triaxial_strain_control,0.0003,0.0,0.0,0.0,0.0,0.0,0.0003,202.9643500201645,139.83530405307792,139.83530405307792,0.0,0.0,0.0,-202.9643500201645,-139.83530405307792,-139.83530405307792,160.87831937544013,63.12904596708657,178.08109122716527,0.7567807575936847,0.009689202352440866,0.011030013634991594,1.1107208350766208e-06,9.000380487123039e-05,plastic_converged,1,5,9.000379759527277e-05,0.0,1.98945673122706e-09
82,drained_like_triaxial_strain_control,0.0003,0.0,0.0,0.0,0.0,0.0,0.0003,203.48645644343034,140.0150637457352,140.0150637457352,0.0,0.0,0.0,-203.48645644343034,-140.0150637457352,-140.0150637457352,161.1721946449669,63.47139269769514,178.53034452343957,0.7562537233664066,0.009918672244830059,0.011299163418567716,1.1080565336694123e-06,9.130385387834394e-05,plastic_converged,1,5,9.130385296884924e-05,0.0,2.008295283635525e-09
83,drained_like_triaxial_strain_control,0.0003,0.0,0.0,0.0,0.0,0.0,0.0003,204.00834147610334,140.19698479291876,140.19698479291876,0.0,0.0,0.0,-204.00834147610334,-140.19698479291876,-140.19698479291876,161.46743702064694,63.811356683184584,178.97995130957375,0.7557268472493966,0.010147814031861303,0.01156824981874199,1.1053893675485687e-06,9.259913031200995e-05,plastic_converged,1,5,9.25991344047361e-05,0.0,2.026812438378029e-09
84,drained_like_triaxial_strain_control,0.0003,0.0,0.0,0.0,0.0,0.0,0.0003,204.5300310771505,140.38104074950698,140.38104074950698,0.0,0.0,0.0,-204.5300310771505,-140.38104074950698,-140.38104074950698,161.76403752538815,64.14899032764353,179.42991322309484,0.7552001291952218,0.010376629868043316,0.011837270910279106,1.102719730925703e-06,9.388906073581893e-05,plastic_converged,1,5,9.388906073581893e-05,0.0,2.044999367118152e-09
85,drained_like_triaxial_strain_control,0.0003,0.0,0.0,0.0,0.0,0.0,0.0003,205.051550381494,140.56720546594946,140.56720546594946,0.0,0.0,0.0,-205.051550381494,-140.56720546594946,-140.56720546594946,162.0619871044643,64.48434491554454,179.8802319689545,0.7546735691564632,0.010605121926516716,0.012106224835980948,1.1000480030706974e-06,9.517431135463994e-05,plastic_converged,1,5,9.517431135463994e-05,0.0,2.0628743087639824e-09
86,drained_like_triaxial_strain_control,0.0003,0.0,0.0,0.0,0.0,0.0,0.0003,205.57292372782453,140.75545309136393,140.75545309136393,0.0,0.0,0.0,-205.57292372782453,-140.75545309136393,-140.75545309136393,162.3612766368508,64.8174706364606,180.33090931463056,0.7541471670857163,0.010833292396333289,0.012375109804137096,1.0973745488714847e-06,9.64546143222833e-05,plastic_converged,1,5,9.645461614127271e-05,0.0,2.0804350270471293e-09
87,drained_like_triaxial_strain_control,0.0003,0.0,0.0,0.0,0.0,0.0,0.0003,206.0941746854659,140.9457580761602,140.9457580761602,0.0,0.0,0.0,-206.0941746854659,-140.9457580761602,-140.9457580761602,162.66189694592876,65.14841660930571,180.7819470854594,0.7536209229355906,0.011061143479886962,0.012643924086073849,1.0946997193583064e-06,9.772965313459281e-05,plastic_converged,1,5,9.772965950105572e-05,0.0,2.097678310174533e-09
88,drained_like_triaxial_strain_control,0.0003,0.0,0.0,0.0,0.0,0.0,0.0003,206.61532608030325,141.13809517422163,141.13809517422163,0.0,0.0,0.0,-206.61532608030325,-141.13809517422163,-141.13809517422163,162.96383880958217,65.47723090608163,181.23334716018445,0.7530948366587099,0.011288677390490779,0.012912666013799525,1.0920238522153715e-06,9.900020540953847e-05,plastic_converged,1,5,9.900020540953847e-05,0.0,2.1146244046842114e-09
89,drained_like_triaxial_strain_control,0.0003,0.0,0.0,0.0,0.0,0.0,0.0003,207.1364000198026,141.33243944466184,141.33243944466184,0.0,0.0,0.0,-207.1364000198026,-141.33243944466184,-141.33243944466184,163.26709296970876,65.80396057514076,181.6851114667243,0.7525689082077123,0.011515896350094007,0.013181333977743471,1.089347272278604e-06,0.00010026580548583297,plastic_converged,1,5,0.00010026580548583297,0.0,2.1312667629511565e-09
90,drained_like_triaxial_strain_control,0.0003,0.0,0.0,0.0,0.0,0.0,0.0003,207.65741791717448,141.5287662531968,141.5287662531968,0.0,0.0,0.0,-207.65741791717448,-141.5287662531968,-141.5287662531968,163.57165014118937,66.12865166397768,182.13724197813707,0.75204313753525,0.011742802587129666,0.013449926424581354,1.086670291999781e-06,0.00010152674076380208,plastic_converged,1,5,0.0001015267489492544,0.0,2.147614918137222e-09
91,drained_like_triaxial_strain_control,0.0003,0.0,0.0,0.0,0.0,0.0,0.0003,208.17840051469096,141.72705127314157,141.72705127314157,0.0,0.0,0.0,-208.17840051469096,-141.72705127314157,-141.72705127314157,163.8775010203247,66.4513492415494,182.58974070878597,0.7515175245939895,0.011969398334489675,0.013718441855147421,1.0839932119100975e-06,0.0001027831121973577,plastic_converged,1,5,0.0001027831121973577,0.0,2.1636743190873973e-09
92,drained_like_triaxial_strain_control,0.0003,0.0,0.0,0.0,0.0,0.0,0.0003,208.69936790618743,141.92727048607108,141.92727048607108,0.0,0.0,0.0,-208.69936790618743,-141.92727048607108,-141.92727048607108,164.18463629277653,66.77209742011635,183.04260971068388,0.7509920693366112,0.012195685827619032,0.013986878822427256,1.0813163210542338e-06,0.00010403483884147136,plastic_converged,1,5,0.00010403484156995546,0.0,2.179446522916425e-09
93,drained_like_triaxial_strain_control,0.0003,0.0,0.0,0.0,0.0,0.0,0.0003,209.22033955879016,142.12940018215164,142.12940018215164,0.0,0.0,0.0,-209.22033955879016,-142.12940018215164,-142.12940018215164,164.49304664103116,67.09093937663852,183.49585107002196,0.7504667717158102,0.012421667302724433,0.014255235929629196,1.0786398974138151e-06,0.00010528212169447215,plastic_converged,1,5,0.00010528212169447215,0.0,2.194938958454031e-09
94,drained_like_triaxial_strain_control,0.0003,0.0,0.0,0.0,0.0,0.0,0.0003,209.74133433388326,142.33341696017575,142.33341696017575,0.0,0.0,0.0,-209.74133433388326,-142.33341696017575,-142.33341696017575,164.80272275141158,67.4079173737075,183.9494669038679,0.7499416316842955,0.012647344995091509,0.014523511828330919,1.075964208313534e-06,0.00010652534456312424,plastic_converged,1,5,0.00010652534456312424,0.0,2.2101627279958407e-09
95,drained_like_triaxial_strain_control,0.0003,0.0,0.0,0.0,0.0,0.0,0.0003,210.26237050733926,142.53929772731664,142.53929772731664,0.0,0.0,0.0,-210.26237050733926,-142.53929772731664,-142.53929772731664,165.1136553206575,67.72307278002262,184.4034593570264,0.7494166491947902,0.012872721137505705,0.01479170521669853,1.0732895108135222e-06,0.00010776401904877275,plastic_converged,1,5,0.00010776402632473037,0.0,2.225110734073013e-09
96,drained_like_triaxial_strain_control,0.0003,0.0,0.0,0.0,0.0,0.0,0.0003,210.78346578905752,142.74701969861525,142.74701969861525,0.0,0.0,0.0,-210.78346578905752,-142.74701969861525,-142.74701969861525,165.425835062096,68.03644609044227,184.857830599055,0.7488918242000318,0.013097797958771107,0.015059814837774507,1.0706160520839083e-06,0.00010899857261392754,plastic_converged,1,5,0.00010899856624746462,0.0,2.239794857528791e-09
97,drained_like_triaxial_strain_control,0.0003,0.0,0.0,0.0,0.0,0.0,0.0003,211.30463734181302,142.95656039622978,142.95656039622978,0.0,0.0,0.0,-211.30463734181302,-142.95656039622978,-142.95656039622978,165.7392527114242,68.34807694558324,185.31258282143403,0.7483671566527718,0.01332257768232279,0.015327839477832178,1.0679440697671506e-06,0.0001102292180803488,plastic_converged,1,5,0.00011022921171388589,0.0,2.2542223847422343e-09
98,drained_like_triaxial_strain_control,0.0003,0.0,0.0,0.0,0.0,0.0,0.0003,211.82590179944714,143.16789764845163,143.16789764845163,0.0,0.0,0.0,-211.82590179944714,-143.16789764845163,-143.16789764845163,166.0538990321168,68.65800415099551,185.76771823487542,0.7478426465057759,0.013547062524928885,0.01559577796479503,1.0652737923306357e-06,0.0001114556243919651,plastic_converged,1,5,0.00011145562893943861,0.0,2.268389415141439e-09
99,drained_like_triaxial_strain_control,0.0003,0.0,0.0,0.0,0.0,0.0,0.0003,212.34727528443523,143.3810095885159,143.3810095885159,0.0,0.0,0.0,-212.34727528443523,-143.3810095885159,-143.3810095885159,166.369764820489,68.96626569591933,186.22323906676908,0.7473182937118242,0.013771254695475695,0.015863629166715586,1.0626054393952753e-06,0.00011267865556874312,plastic_converged,1,5,0.00011267865738773253,0.0,2.282316350324758e-09
100,drained_like_triaxial_strain_control,0.0003,0.0,0.0,0.0,0.0,0.0,0.0003,212.86877342482558,143.59587465320996,143.59587465320996,0.0,0.0,0.0,-212.86877342482558,-143.59587465320996,-143.59587465320996,166.68684091041519,69.27289877161562,186.67914755876419,0.7467940982237107,0.013995156393834978,0.016131391990315352,1.0599392220674427e-06,0.0001138976613219711,plastic_converged,1,5,0.00011389765313651878,0.0,2.2959926979059014e-09
101,drained_like_triaxial_strain_control,0.0003,0.0,0.0,0.0,0.0,0.0,0.0003,213.39041137060752,143.81247158130506,143.81247158130506,0.0,0.0,0.0,-213.39041137060752,-143.81247158130506,-143.81247158130506,167.0051181777392,69.57793978930246,187.13544596447127,0.7462700599942436,0.01421876980980564,0.016399065379578987,1.057275343240788e-06,0.00011511286356835626,plastic_converged,1,5,0.00011511286174936686,0.0,2.309425683793366e-09
102,drained_like_triaxial_strain_control,0.0003,0.0,0.0,0.0,0.0,0.0,0.0003,213.91220380949702,144.03077941181604,144.03077941181604,0.0,0.0,0.0,-213.91220380949702,-144.03077941181604,-144.03077941181604,167.32458754437639,69.88142439768097,187.5921365472858,0.7457461789762453,0.0144420971221293,0.016666648314404404,1.0546139979022109e-06,0.00011632475434453227,plastic_converged,1,5,0.00011632474797806935,0.0,2.322627810556283e-09
103,drained_like_triaxial_strain_control,0.0003,0.0,0.0,0.0,0.0,0.0,0.0003,214.43416498217394,144.25077748210614,144.25077748210614,0.0,0.0,0.0,-214.43416498217394,-144.25077748210614,-144.25077748210614,167.64523998212874,70.18338750006781,188.04922157832735,0.7452224551225524,0.014665140497574492,0.016934139809304704,1.0519553734189694e-06,0.00011753333365049912,plastic_converged,1,5,0.00011753333183150971,0.0,2.335601585560408e-09
104,drained_like_triaxial_strain_control,0.0003,0.0,0.0,0.0,0.0,0.0,0.0003,214.9563086969918,144.47244542584863,144.47244542584863,0.0,0.0,0.0,-214.9563086969918,-144.47244542584863,-144.47244542584863,167.9670665162297,70.48386327114318,188.50670333448664,0.7446988883860156,0.01488790209008598,0.017201538912159847,1.0492996498149422e-06,0.0001187384395961999,plastic_converged,1,5,0.00011873843777721049,0.0,2.348346285880495e-09
105,drained_like_triaxial_strain_control,0.0003,0.0,0.0,0.0,0.0,0.0,0.0003,215.4786483441805,144.69576317085915,144.69576317085915,0.0,0.0,0.0,-215.4786483441805,-144.69576317085915,-144.69576317085915,168.29005822863294,70.78288517332135,188.9645840965788,0.7441754787194998,0.015110384039995631,0.01746884470301578,1.0466470000352786e-06,0.00011994057786068879,plastic_converged,1,5,0.00011994057786068879,0.0,2.3608743614626298e-09
106,drained_like_triaxial_strain_control,0.0003,0.0,0.0,0.0,0.0,0.0,0.0003,216.00119690954514,144.920710936801,144.920710936801,0.0,0.0,0.0,-216.00119690954514,-144.920710936801,-144.920710936801,168.61420626104905,71.08048597274416,189.42286614759547,0.743652226075884,0.015332588473293347,0.01773605629293109,1.04399759020913e-06,0.00012113981392758433,plastic_converged,1,5,0.00012113980847061612,0.0,2.3731894218704064e-09
107,drained_like_triaxial_strain_control,0.0003,0.0,0.0,0.0,0.0,0.0,0.0003,216.5239669876938,145.14726923278565,145.14726923278565,0.0,0.0,0.0,-216.5239669876938,-145.14726923278565,-145.14726923278565,168.93950181775503,71.37669775490815,189.88155177105335,0.7431291304080613,0.015554517500953007,0.01800317282286697,1.04135157989312e-06,0.00012233553752594162,plastic_converged,1,5,0.0001223355320689734,0.0,2.3852818505591013e-09
108,drained_like_triaxial_strain_control,0.0003,0.0,0.0,0.0,0.0,0.0,0.0003,217.0469707948164,145.37541885486738,145.37541885486738,0.0,0.0,0.0,-217.0469707948164,-145.37541885486738,-145.37541885486738,169.26593616818369,71.67155193994901,190.34064324943245,0.7426061916689388,0.015776173218310895,0.018270193462619135,1.0387091223073147e-06,0.0001235287463714485,plastic_converged,1,5,0.0001235287463714485,0.0,2.3971734345315995e-09
109,drained_like_triaxial_strain_control,0.0003,0.0,0.0,0.0,0.0,0.0,0.0003,217.57022018100105,145.6051408834458,145.6051408834458,0.0,0.0,0.0,-217.57022018100105,-145.6051408834458,-145.6051408834458,169.59350064929757,71.96507929755523,190.80014286270466,0.7420834098114382,0.015997557704496068,0.01853711740979264,1.0360703645727702e-06,0.00012471943045966327,plastic_converged,1,5,0.00012471942864067387,0.0,2.408866105054369e-09
110,drained_like_triaxial_strain_control,0.0003,0.0,0.0,0.0,0.0,0.0,0.0003,218.09372664213538,145.83641668058797,145.83641668058797,0.0,0.0,0.0,-218.09372664213538,-145.83641668058797,-145.83641668058797,169.92218666777043,72.2573099615474,191.26005288694253,0.7415607847884947,0.016218673021906667,0.01880394388881397,1.0334354479245427e-06,0.00012590719143190654,plastic_converged,1,5,0.00012590719143190654,0.0,2.4203543081546736e-09
111,drained_like_triaxial_strain_control,0.0003,0.0,0.0,0.0,0.0,0.0,0.0003,218.61750133140134,146.0692278872705,146.0692278872705,0.0,0.0,0.0,-218.61750133140134,-146.0692278872705,-146.0692278872705,170.25198570198077,72.54827344413084,191.72037559300895,0.7410383165530582,0.016439521215731598,0.01907067214998113,1.0308045079256172e-06,0.00012709287602774566,plastic_converged,1,5,0.00012709287420875626,0.0,2.431656433164603e-09
112,drained_like_triaxial_strain_control,0.0003,0.0,0.0,0.0,0.0,0.0,0.0003,219.1415550703528,146.30355642055756,146.30355642055756,0.0,0.0,0.0,-219.1415550703528,-146.30355642055756,-146.30355642055756,170.58288930382264,72.83799864979525,192.18111324532336,0.7405160050580922,0.016660104313515958,0.019337301468551144,1.028177674676533e-06,0.00012827562204620335,plastic_converged,1,5,0.00012827562386519276,0.0,2.4427579975366695e-09
113,drained_like_triaxial_strain_control,0.0003,0.0,0.0,0.0,0.0,0.0,0.0003,219.66589835963842,146.53938447071448,146.53938447071448,0.0,0.0,0.0,-219.66589835963842,-146.53938447071448,-146.53938447071448,170.9148891003558,73.12651388892394,192.64226810069852,0.7399938502565748,0.016880424324764935,0.019603831143859992,1.0255550730032367e-06,0.00012945662092533894,plastic_converged,1,5,0.00012945662274432834,0.0,2.4536837298951243e-09
114,drained_like_triaxial_strain_control,0.0003,0.0,0.0,0.0,0.0,0.0,0.0003,220.19054138932302,146.7766944982683,146.7766944982683,0.0,0.0,0.0,-220.19054138932302,-146.7766944982683,-146.7766944982683,171.24797679528652,73.4138468910547,193.10384240724952,0.7394718521014979,0.017100483240588354,0.01987026049847874,1.0229368226580029e-06,0.00013063521328149363,plastic_converged,1,5,0.00013063521691947244,0.0,2.4644229966389416e-09
115,drained_like_triaxial_strain_control,0.0003,0.0,0.0,0.0,0.0,0.0,0.0003,220.7154940488786,147.01546923102143,147.01546923102143,0.0,0.0,0.0,-220.7154940488786,-147.01546923102143,-147.01546923102143,171.58214417030717,73.70002481785718,193.56583840336395,0.7389500105458675,0.01732028303337938,0.02013658887739931,1.0203230384926775e-06,0.00013181185477151303,plastic_converged,1,5,0.0001318118420385872,0.0,2.4749863143676115e-09
116,drained_like_triaxial_strain_control,0.0003,0.0,0.0,0.0,0.0,0.0,0.0003,221.24076593682057,147.25569166102156,147.25569166102156,0.0,0.0,0.0,-221.24076593682057,-147.25569166102156,-147.25569166102156,171.9173830862879,73.98507427579901,194.02825831674153,0.7384283255427038,0.01753982565652838,0.020402815647252093,1.0177138306387929e-06,0.0001329870037807268,plastic_converged,1,5,0.000132987000142748,0.0,2.4853840696270545e-09
117,drained_like_triaxial_strain_control,0.0003,0.0,0.0,0.0,0.0,0.0,0.0003,221.76636637000453,147.49734504149606,147.49734504149606,0.0,0.0,0.0,-221.76636637000453,-147.49734504149606,-147.49734504149606,172.2536854843322,74.26902132850847,194.49110436348815,0.7379067970450409,0.017759113044169553,0.020668940195553737,1.015109304679196e-06,0.00013415983721642988,plastic_converged,1,5,0.0001341598435828928,0.0,2.4956026319569603e-09
118,drained_like_triaxial_strain_control,0.0003,0.0,0.0,0.0,0.0,0.0,0.0003,222.29230439262653,147.7404128837572,147.7404128837572,0.0,0.0,0.0,-222.29230439262653,-147.7404128837572,-147.7404128837572,172.59104338671364,74.55189150886936,194.9543787472699,0.7373854250059274,0.017978147110956313,0.02093496192998101,1.0125095618023622e-06,0.0001353312582068611,plastic_converged,1,5,0.0001353312563878717,0.0,2.5056605996209784e-09
119,drained_like_triaxial_strain_control,0.0003,0.0,0.0,0.0,0.0,0.0,0.0003,222.81858878488646,147.98487895407612,147.98487895407612,0.0,0.0,0.0,-222.81858878488646,-147.98487895407612,-147.98487895407612,172.92944889767955,74.83370983081034,195.41808365852074,0.7368642093784257,0.01819692975186812,0.021200880277675208,1.0099146989718632e-06,0.000136500926601002,plastic_converged,1,5,0.0001365009302389808,0.0,2.51555332735491e-09
120,drained_like_triaxial_strain_control,0.0003,0.0,0.0,0.0,0.0,0.0,0.0003,223.34522807137853,148.23072727054137,148.23072727054137,0.0,0.0,0.0,-223.34522807137853,-148.23072727054137,-148.23072727054137,173.26889420415375,75.11450080083716,195.8822212737039,0.7363431501156121,0.018415462842042197,0.021466694684569812,1.0073248090664654e-06,0.0001376693217025604,plastic_converged,1,5,0.0001376693153360975,0.0,2.5252913008813337e-09
121,drained_like_triaxial_strain_control,0.0003,0.0,0.0,0.0,0.0,0.0,0.0003,223.87223052917585,148.477942099894,148.477942099894,0.0,0.0,0.0,-223.87223052917585,-148.477942099894,-148.477942099894,173.60937157632125,75.39428842928186,196.34679375462042,0.7358222471705774,0.018633748236632785,0.0217324046147456,1.0047399810344401e-06,0.00013883610336051788,plastic_converged,1,5,0.00013883610517950729,0.0,2.534869863266958e-09
122,drained_like_triaxial_strain_control,0.0003,0.0,0.0,0.0,0.0,0.0,0.0003,224.3996041956549,148.72650795435695,148.72650795435695,0.0,0.0,0.0,-224.3996041956549,-148.72650795435695,-148.72650795435695,173.95087336812296,75.67309624129794,196.81180324776653,0.7353015004964263,0.018851787770692817,0.021998009549807723,1.0021603000254556e-06,0.00014000189821672393,plastic_converged,1,5,0.00014000190003571333,0.0,2.5443020265392655e-09
123,drained_like_triaxial_strain_control,0.0003,0.0,0.0,0.0,0.0,0.0,0.0003,224.9273568760385,148.97640958844698,148.97640958844698,0.0,0.0,0.0,-224.9273568760385,-148.97640958844698,-148.97640958844698,174.29339201764415,75.9509472875915,197.2772518837364,0.7347809100462773,0.01906958325908044,0.022263508988288494,9.99585847535095e-07,0.00014116654710960574,plastic_converged,1,5,0.00014116653892415343,0.0,2.553586360340636e-09
124,drained_like_triaxial_strain_control,0.0003,0.0,0.0,0.0,0.0,0.0,0.0003,225.45549615069214,149.2276319957855,149.2276319957855,0.0,0.0,0.0,-225.45549615069214,-149.2276319957855,-149.2276319957855,174.63692004742106,76.22786415490665,197.74314177666642,0.7342604757732635,0.019287136496385464,0.02252890244507055,9.970167015277063e-07,0.00014233028650778579,plastic_converged,1,5,0.00014233028014132287,0.0,2.5627285963016476e-09
125,drained_like_triaxial_strain_control,0.0003,0.0,0.0,0.0,0.0,0.0,0.0003,225.98402938216523,149.4801604059095,149.4801604059095,0.0,0.0,0.0,-225.98402938216523,-149.4801604059095,-149.4801604059095,174.9814500646614,76.50386897625575,198.20947502372152,0.7337401976305314,0.019504449256876555,0.022794189450832083,9.94452936564086e-07,0.00014349284447234822,plastic_converged,1,5,0.00014349285083881114,0.0,2.5717252604578376e-09
126,drained_like_triaxial_strain_control,0.0003,0.0,0.0,0.0,0.0,0.0,0.0003,226.51296372200073,149.7339802810772,149.7339802810772,0.0,0.0,0.0,-226.51296372200073,-149.7339802810772,-149.7339802810772,175.32697476138506,76.77898344092353,198.67625370461948,0.7332200755712422,0.019721523294467393,0.023059369551512617,9.918946239220393e-07,0.00014465472759184195,plastic_converged,1,5,0.00014465472577285254,0.0,2.5805868432547684e-09
127,drained_like_triaxial_strain_control,0.0003,0.0,0.0,0.0,0.0,0.0,0.0003,227.04230611730446,149.98907731307867,149.98907731307867,0.0,0.0,0.0,-227.04230611730446,-149.98907731307867,-149.98907731307867,175.67348691448728,77.0532288042258,199.14347988119363,0.7327001095485709,0.019938360342701446,0.023324442307799464,9.893418317159908e-07,0.00014581586674466962,plastic_converged,1,5,0.0001458158585592173,0.0,2.589313430638863e-09
128,drained_like_triaxial_strain_control,0.0003,0.0,0.0,0.0,0.0,0.0,0.0003,227.5720633170988,150.24543742005667,150.24543742005667,0.0,0.0,0.0,-227.5720633170988,-150.24543742005667,-150.24543742005667,176.02097938573738,77.32662589704213,199.6111555969887,0.7321802995157063,0.020154962114752432,0.023589407294631846,9.867946250040314e-07,0.00014697642745886697,plastic_converged,1,5,0.00014697642927785637,0.0,2.5979092656124674e-09
129,drained_like_triaxial_strain_control,0.0003,0.0,0.0,0.0,0.0,0.0,0.0003,228.10224187845898,150.503046743333,150.503046743333,0.0,0.0,0.0,-228.10224187845898,-150.503046743333,-150.503046743333,176.3694451217083,77.599195135126,200.0792828768921,0.7316606454258516,0.020371330303441158,0.02385426410072408,9.842530658986951e-07,0.0001481365670770174,plastic_converged,1,5,0.0001481365670770174,0.0,2.606378380196105e-09
130,drained_like_triaxial_strain_control,0.0003,0.0,0.0,0.0,0.0,0.0,0.0003,228.63284817244093,150.76189164424653,150.76189164424653,0.0,0.0,0.0,-228.63284817244093,-150.76189164424653,-150.76189164424653,176.71887715364468,77.8709565281944,200.54786372679624,0.7311411472322239,0.020587466581267158,0.02411901232810632,9.81717213671141e-07,0.00014929601184121566,plastic_converged,1,5,0.00014929600365576334,0.0,2.614717192901455e-09
131,drained_like_triaxial_strain_control,0.0003,0.0,0.0,0.0,0.0,0.0,0.0003,229.16388838981533,151.0219587010037,151.0219587010037,0.0,0.0,0.0,-229.16388838981533,-151.0219587010037,-151.0219587010037,177.06926859727423,78.14192968881162,201.0169001332899,0.7306218048880543,0.020803372600453902,0.024383651591681908,9.791871248500782e-07,0.00015045536474644905,plastic_converged,1,5,0.00015045537293190137,0.0,2.6229374829872383e-09
132,drained_like_triaxial_strain_control,0.0003,0.0,0.0,0.0,0.0,0.0,0.0003,229.69536854660026,151.28323470554616,151.28323470554616,0.0,0.0,0.0,-229.69536854660026,-151.28323470554616,-151.28323470554616,177.4206126525642,78.4121338410541,201.48639406338182,0.7301026183465879,0.021019049993007508,0.02464818151880159,9.766628533209418e-07,0.0001516146467110957,plastic_converged,1,5,0.0001516146485300851,0.0,2.6310407235230854e-09
133,drained_like_triaxial_strain_control,0.0003,0.0,0.0,0.0,0.0,0.0,0.0003,230.22729448941192,151.5457066604343,151.5457066604343,0.0,0.0,0.0,-230.22729448941192,-151.5457066604343,-151.5457066604343,177.77290260342684,78.68158782897763,201.9563474642479,0.7295835875610839,0.021234500370787134,0.02491260174885283,9.741444504170214e-07,0.00015277347847586498,plastic_converged,1,5,0.00015277347210940206,0.0,2.6390214575254877e-09
134,drained_like_triaxial_strain_control,0.0003,0.0,0.0,0.0,0.0,0.0,0.0003,230.75967190064216,151.8093617757511,151.8093617757511,0.0,0.0,0.0,-230.75967190064216,-151.8093617757511,-151.8093617757511,178.12613181738143,78.95031012489106,202.42676226300557,0.7290647124848155,0.021449725325586196,0.02517691193286353,9.716319650069225e-07,0.00015393256308016134,plastic_converged,1,5,0.00015393256035167724,0.0,2.6468929475249448e-09
135,drained_like_triaxial_strain_control,0.0003,0.0,0.0,0.0,0.0,0.0,0.0003,231.29250630344944,152.07418746602474,152.07418746602474,0.0,0.0,0.0,-231.29250630344944,-152.07418746602474,-152.07418746602474,178.48029374516628,79.2183188374247,202.8976403665146,0.72854599307107,0.021664726429225668,0.02544111173312205,9.691254435880713e-07,0.0001550915394545882,plastic_converged,1,5,0.0001550915440020617,0.0,2.654650009937263e-09
136,drained_like_triaxial_strain_control,0.0003,0.0,0.0,0.0,0.0,0.0,0.0003,231.8258030665973,152.34017134717283,152.34017134717283,0.0,0.0,0.0,-231.8258030665973,-152.34017134717283,-152.34017134717283,178.8353819203143,79.48563171942448,203.36898366119888,0.7280274292731487,0.02187950523365563,0.025705200822809183,9.666249303628621e-07,0.00015625072228431236,plastic_converged,1,5,0.00015625072046532296,0.0,2.6622990784326667e-09
137,drained_like_triaxial_strain_control,0.0003,0.0,0.0,0.0,0.0,0.0,0.0003,232.3595674091205,152.60730123347344,152.60730123347344,0.0,0.0,0.0,-232.3595674091205,-152.60730123347344,-152.60730123347344,179.19138995868911,79.75226617564707,203.8407940128911,0.7275090210443668,0.022094063271066867,0.025969178885644532,9.641304673231326e-07,0.0001574101052028709,plastic_converged,1,5,0.00015741011247882852,0.0,2.6698410334182765e-09
138,drained_like_triaxial_strain_control,0.0003,0.0,0.0,0.0,0.0,0.0,0.0003,232.89380440484484,152.87556513455547,152.87556513455547,0.0,0.0,0.0,-232.89380440484484,-152.87556513455547,-152.87556513455547,179.54831155798524,80.01823927028937,204.3130732666993,0.7269907683380534,0.022308402054010655,0.02623304561554538,9.61642094326196e-07,0.0001585702284501167,plastic_converged,1,5,0.0001585702311786008,0.0,2.677285976848838e-09
139,drained_like_triaxial_strain_control,0.0003,0.0,0.0,0.0,0.0,0.0,0.0003,233.42851898674502,153.14495125242078,153.14495125242078,0.0,0.0,0.0,-233.42851898674502,-153.14495125242078,-153.14495125242078,179.90614049719554,80.28356773432424,204.78582324689316,0.726472671107552,0.022522523075526716,0.026496800716298244,9.591598491709596e-07,0.00015973026347637642,plastic_converged,1,5,0.00015973026074789232,0.0,2.6846208302216827e-09
140,drained_like_triaxial_strain_control,0.0003,0.0,0.0,0.0,0.0,0.0,0.0003,233.96371595117807,153.4154479784867,153.4154479784867,0.0,0.0,0.0,-233.96371595117807,-153.4154479784867,-153.4154479784867,180.26487063605046,80.54826797269138,205.2590457568071,0.7259547293062197,0.02273642780927764,0.026760443901241264,9.566837676660501e-07,0.00016089139990072,plastic_converged,1,5,0.0001608914071766776,0.0,2.691866526017835e-09
