step,path,eps_xx,eps_yy,eps_zz,eps_xy,eps_yz,eps_xz,eps_v,stress_xx,stress_yy,stress_zz,stress_xy,stress_yz,stress_xz,sigmac_xx,sigmac_yy,sigmac_zz,p,q,pc,e,eps_p_v,eps_p_eq,plastic_multiplier,yield_f,yield_f_normalized,return_status,yield_flag,iterations,residual,pore_pressure_proxy
0,undrained_like_zero_volumetric_strain,0,0,0,0,0,0,0,100,100,100,0,0,0,-100,-100,-100,100,0,160,0.80000000000000004,0,0,0,-8640,0.375,initial,0,0,0,0
1,undrained_like_zero_volumetric_strain,0.00029999999999999997,-0.00014999999999999999,-0.00014999999999999999,0,0,0,0,101.15384615384616,99.42307692307692,99.42307692307692,0,0,0,-101.15384615384616,-99.42307692307692,-99.42307692307692,100,1.7307692307692406,160,0.80000000000000004,0,0,0,-8637.0044378698221,0.37482125162859625,elastic,0,0,-8637.0044378698221,0
2,undrained_like_zero_volumetric_strain,0.00029999999999999997,-0.00014999999999999999,-0.00014999999999999999,0,0,0,0,102.30769230769232,98.84615384615384,98.84615384615384,0,0,0,-102.30769230769232,-98.84615384615384,-98.84615384615384,100,3.4615384615384812,160,0.80000000000000004,0,0,0,-8628.0177514792904,0.37428528525059773,elastic,0,0,-8628.0177514792904,0
3,undrained_like_zero_volumetric_strain,0.00029999999999999997,-0.00014999999999999999,-0.00014999999999999999,0,0,0,0,103.46153846153848,98.269230769230759,98.269230769230759,0,0,0,-103.46153846153848,-98.269230769230759,-98.269230769230759,100,5.1923076923077218,160,0.80000000000000004,0,0,0,-8613.0399408284029,0.37339293598871054,elastic,0,0,-8613.0399408284029,0
4,undrained_like_zero_volumetric_strain,0.00029999999999999997,-0.00014999999999999999,-0.00014999999999999999,0,0,0,0,104.61538461538464,97.692307692307679,97.692307692307679,0,0,0,-104.61538461538464,-97.692307692307679,-97.692307692307679,100,6.9230769230769624,160,0.80000000000000004,0,0,0,-8592.0710059171597,0.37214559210222814,elastic,0,0,-8592.0710059171597,0
5,undrained_like_zero_volumetric_strain,0.00029999999999999997,-0.00014999999999999999,-0.00014999999999999999,0,0,0,0,105.7692307692308,97.115384615384599,97.115384615384599,0,0,0,-105.7692307692308,-97.115384615384599,-97.115384615384599,100,8.653846153846203,160,0.80000000000000004,0,0,0,-8565.1109467455608,0.37054518959673066,elastic,0,0,-8565.1109467455608,0
6,undrained_like_zero_volumetric_strain,0.00029999999999999997,-0.00014999999999999999,-0.00014999999999999999,0,0,0,0,106.92307692307696,96.538461538461519,96.538461538461519,0,0,0,-106.92307692307696,-96.538461538461519,-96.538461538461519,100,10.384615384615444,160,0.80000000000000004,0,0,0,-8532.159763313608,0.36859420473238003,elastic,0,0,-8532.159763313608,0
7,undrained_like_zero_volumetric_strain,0.00029999999999999997,-0.00014999999999999999,-0.00014999999999999999,0,0,0,0,108.07692307692312,95.961538461538439,95.961538461538439,0,0,0,-108.07692307692312,-95.961538461538439,-95.961538461538439,100,12.115384615384684,160,0.80000000000000004,0,0,0,-8493.2174556212995,0.3662956444847652,elastic,0,0,-8493.2174556212995,0
8,undrained_like_zero_volumetric_strain,0.00029999999999999997,-0.00014999999999999999,-0.00014999999999999999,0,0,0,0,109.23076923076928,95.384615384615358,95.384615384615358,0,0,0,-109.23076923076928,-95.384615384615358,-95.384615384615358,100,13.846153846153925,160,0.80000000000000004,0,0,0,-8448.284023668637,0.36365303502659074,elastic,0,0,-8448.284023668637,0
9,undrained_like_zero_volumetric_strain,0.00029999999999999997,-0.00014999999999999999,-0.00014999999999999999,0,0,0,0,110.38461538461544,94.807692307692278,94.807692307692278,0,0,0,-110.38461538461544,-94.807692307692278,-94.807692307692278,100,15.576923076923165,160,0.80000000000000004,0,0,0,-8397.3594674556189,0.36067040831205649,elastic,0,0,-8397.3594674556189,0
10,undrained_like_zero_volumetric_strain,0.00029999999999999997,-0.00014999999999999999,-0.00014999999999999999,0,0,0,0,111.5384615384616,94.230769230769198,94.230769230769198,0,0,0,-111.5384615384616,-94.230769230769198,-94.230769230769198,100,17.307692307692406,160,0.80000000000000004,0,0,0,-8340.443786982245,0.35735228685840742,elastic,0,0,-8340.443786982245,0
11,undrained_like_zero_volumetric_strain,0.00029999999999999997,-0.00014999999999999999,-0.00014999999999999999,0,0,0,0,112.69230769230776,93.653846153846118,93.653846153846118,0,0,0,-112.69230769230776,-93.653846153846118,-93.653846153846118,100,19.038461538461647,160,0.80000000000000004,0,0,0,-8277.5369822485172,0.35370366683069865,elastic,0,0,-8277.5369822485172,0
12,undrained_like_zero_volumetric_strain,0.00029999999999999997,-0.00014999999999999999,-0.00014999999999999999,0,0,0,0,113.84615384615392,93.076923076923038,93.076923076923038,0,0,0,-113.84615384615392,-93.076923076923038,-93.076923076923038,100,20.769230769230887,160,0.80000000000000004,0,0,0,-8208.6390532544337,0.34972999954621747,elastic,0,0,-8208.6390532544337,0
13,undrained_like_zero_volumetric_strain,0.00029999999999999997,-0.00014999999999999999,-0.00014999999999999999,0,0,0,0,115.00000000000009,92.499999999999957,92.499999999999957,0,0,0,-115.00000000000009,-92.499999999999957,-92.499999999999957,100,22.500000000000128,160,0.80000000000000004,0,0,0,-8133.7499999999945,0.34543717152412773,elastic,0,0,-8133.7499999999945,0
14,undrained_like_zero_volumetric_strain,0.00029999999999999997,-0.00014999999999999999,-0.00014999999999999999,0,0,0,0,116.15384615384625,91.923076923076877,91.923076923076877,0,0,0,-116.15384615384625,-91.923076923076877,-91.923076923076877,100,24.230769230769369,160,0.80000000000000004,0,0,0,-8052.8698224852005,0.34083148321368562,elastic,0,0,-8052.8698224852005,0
15,undrained_like_zero_volumetric_strain,0.00029999999999999997,-0.00014999999999999999,-0.00014999999999999999,0,0,0,0,117.30769230769241,91.346153846153797,91.346153846153797,0,0,0,-117.30769230769241,-91.346153846153797,-91.346153846153797,100,25.961538461538609,160,0.80000000000000004,0,0,0,-7965.9985207100517,0.33591962654075752,elastic,0,0,-7965.9985207100517,0
16,undrained_like_zero_volumetric_strain,0.00029999999999999997,-0.00014999999999999999,-0.00014999999999999999,0,0,0,0,118.46153846153857,90.769230769230717,90.769230769230717,0,0,0,-118.46153846153857,-90.769230769230717,-90.769230769230717,100,27.69230769230785,160,0.80000000000000004,0,0,0,-7873.1360946745472,0.33070866141732236,elastic,0,0,-7873.1360946745472,0
17,undrained_like_zero_volumetric_strain,0.00029999999999999997,-0.00014999999999999999,-0.00014999999999999999,0,0,0,0,119.61538461538473,90.192307692307637,90.192307692307637,0,0,0,-119.61538461538473,-90.192307692307637,-90.192307692307637,100,29.423076923077087,160,0.80000000000000004,0,0,0,-7774.2825443786887,0.32520599136214606,elastic,0,0,-7774.2825443786887,0
18,undrained_like_zero_volumetric_strain,0.00029999999999999997,-0.00014999999999999999,-0.00014999999999999999,0,0,0,0,120.76923076923089,89.615384615384556,89.615384615384556,0,0,0,-120.76923076923089,-89.615384615384556,-89.615384615384556,100,31.153846153846331,160,0.80000000000000004,0,0,0,-7669.4378698224746,0.31941933838288566,elastic,0,0,-7669.4378698224746,0
19,undrained_like_zero_volumetric_strain,0.00029999999999999997,-0.00014999999999999999,-0.00014999999999999999,0,0,0,0,121.92307692307705,89.038461538461476,89.038461538461476,0,0,0,-121.92307692307705,-89.038461538461476,-89.038461538461476,100,32.884615384615572,160,0.80000000000000004,0,0,0,-7558.6020710059047,0.31335671727053638,elastic,0,0,-7558.6020710059047,0
20,undrained_like_zero_volumetric_strain,0.00029999999999999997,-0.00014999999999999999,-0.00014999999999999999,0,0,0,0,123.07692307692321,88.461538461538396,88.461538461538396,0,0,0,-123.07692307692321,-88.461538461538396,-88.461538461538396,100,34.615384615384812,160,0.80000000000000004,0,0,0,-7441.77514792898,0.30702640945643023,elastic,0,0,-7441.77514792898,0
21,undrained_like_zero_volumetric_strain,0.00029999999999999997,-0.00014999999999999999,-0.00014999999999999999,0,0,0,0,124.23076923076937,87.884615384615316,87.884615384615316,0,0,0,-124.23076923076937,-87.884615384615316,-87.884615384615316,100,36.346153846154053,160,0.80000000000000004,0,0,0,-7318.9571005917005,0.30043693657997989,elastic,0,0,-7318.9571005917005,0
22,undrained_like_zero_volumetric_strain,0.00029999999999999997,-0.00014999999999999999,-0.00014999999999999999,0,0,0,0,125.38461538461553,87.307692307692236,87.307692307692236,0,0,0,-125.38461538461553,-87.307692307692236,-87.307692307692236,100,38.076923076923293,160,0.80000000000000004,0,0,0,-7190.1479289940662,0.29359703391212549,elastic,0,0,-7190.1479289940662,0
23,undrained_like_zero_volumetric_strain,0.00029999999999999997,-0.00014999999999999999,-0.00014999999999999999,0,0,0,0,126.53846153846169,86.730769230769155,86.730769230769155,0,0,0,-126.53846153846169,-86.730769230769155,-86.730769230769155,100,39.807692307692534,160,0.80000000000000004,0,0,0,-7055.3476331360762,0.28651562377506207,elastic,0,0,-7055.3476331360762,0
24,undrained_like_zero_volumetric_strain,0.00029999999999999997,-0.00014999999999999999,-0.00014999999999999999,0,0,0,0,127.69230769230785,86.153846153846075,86.153846153846075,0,0,0,-127.69230769230785,-86.153846153846075,-86.153846153846075,100,41.538461538461775,160,0.80000000000000004,0,0,0,-6914.5562130177314,0.27920178909341026,elastic,0,0,-6914.5562130177314,0
25,undrained_like_zero_volumetric_strain,0.00029999999999999997,-0.00014999999999999999,-0.00014999999999999999,0,0,0,0,128.84615384615401,85.576923076922995,85.576923076922995,0,0,0,-128.84615384615401,-85.576923076922995,-85.576923076922995,100,43.269230769231015,160,0.80000000000000004,0,0,0,-6767.7736686390317,0.27166474720564665,elastic,0,0,-6767.7736686390317,0
26,undrained_like_zero_volumetric_strain,0.00029999999999999997,-0.00014999999999999999,-0.00014999999999999999,0,0,0,0,130.00000000000017,84.999999999999915,84.999999999999915,0,0,0,-130.00000000000017,-84.999999999999915,-84.999999999999915,100,45.000000000000256,160,0.80000000000000004,0,0,0,-6614.9999999999773,0.26391382405744951,elastic,0,0,-6614.9999999999773,0
27,undrained_like_zero_volumetric_strain,0.00029999999999999997,-0.00014999999999999999,-0.00014999999999999999,0,0,0,0,131.15384615384633,84.423076923076835,84.423076923076835,0,0,0,-131.15384615384633,-84.423076923076835,-84.423076923076835,100,46.730769230769496,160,0.80000000000000004,0,0,0,-6456.2352071005671,0.25595842889075848,elastic,0,0,-6456.2352071005671,0
28,undrained_like_zero_volumetric_strain,0.00029999999999999997,-0.00014999999999999999,-0.00014999999999999999,0,0,0,0,132.30769230769249,83.846153846153754,83.846153846153754,0,0,0,-132.30769230769249,-83.846153846153754,-83.846153846153754,100,48.461538461538737,160,0.80000000000000004,0,0,0,-6291.4792899408021,0.24780802953391656,elastic,0,0,-6291.4792899408021,0
29,undrained_like_zero_volumetric_strain,0.00029999999999999997,-0.00014999999999999999,-0.00014999999999999999,0,0,0,0,133.46153846153865,83.269230769230674,83.269230769230674,0,0,0,-133.46153846153865,-83.269230769230674,-83.269230769230674,100,50.192307692307978,160,0.80000000000000004,0,0,0,-6120.7322485206814,0.23947212838937557,elastic,0,0,-6120.7322485206814,0
30,undrained_like_zero_volumetric_strain,0.00029999999999999997,-0.00014999999999999999,-0.00014999999999999999,0,0,0,0,134.61538461538481,82.692307692307594,82.692307692307594,0,0,0,-134.61538461538481,-82.692307692307594,-82.692307692307594,100,51.923076923077218,160,0.80000000000000004,0,0,0,-5943.9940828402059,0.23096023920623115,elastic,0,0,-5943.9940828402059,0
31,undrained_like_zero_volumetric_strain,0.00029999999999999997,-0.00014999999999999999,-0.00014999999999999999,0,0,0,0,135.76923076923097,82.115384615384514,82.115384615384514,0,0,0,-135.76923076923097,-82.115384615384514,-82.115384615384514,100,53.653846153846466,160,0.80000000000000004,0,0,0,-5761.2647928993747,0.22228186471541383,elastic,0,0,-5761.2647928993747,0
32,undrained_like_zero_volumetric_strain,0.00029999999999999997,-0.00014999999999999999,-0.00014999999999999999,0,0,0,0,136.92307692307713,81.538461538461434,81.538461538461434,0,0,0,-136.92307692307713,-81.538461538461434,-81.538461538461434,100,55.384615384615699,160,0.80000000000000004,0,0,0,-5572.5443786981905,0.21344647519582083,elastic,0,0,-5572.5443786981905,0
33,undrained_like_zero_volumetric_strain,0.00029999999999999997,-0.00014999999999999999,-0.00014999999999999999,0,0,0,0,138.07692307692329,80.961538461538353,80.961538461538353,0,0,0,-138.07692307692329,-80.961538461538353,-80.961538461538353,100,57.11538461538494,160,0.80000000000000004,0,0,0,-5377.8328402366496,0.20446348803012609,elastic,0,0,-5377.8328402366496,0
34,undrained_like_zero_volumetric_strain,0.00029999999999999997,-0.00014999999999999999,-0.00014999999999999999,0,0,0,0,139.23076923076945,80.384615384615273,80.384615384615273,0,0,0,-139.23076923076945,-80.384615384615273,-80.384615384615273,100,58.846153846154174,160,0.80000000000000004,0,0,0,-5177.1301775147549,0.19534224829955724,elastic,0,0,-5177.1301775147549,0
35,undrained_like_zero_volumetric_strain,0.00029999999999999997,-0.00014999999999999999,-0.00014999999999999999,0,0,0,0,140.38461538461561,79.807692307692193,79.807692307692193,0,0,0,-140.38461538461561,-79.807692307692193,-79.807692307692193,100,60.576923076923421,160,0.80000000000000004,0,0,0,-4970.4363905325026,0.18609201045765783,elastic,0,0,-4970.4363905325026,0
36,undrained_like_zero_volumetric_strain,0.00029999999999999997,-0.00014999999999999999,-0.00014999999999999999,0,0,0,0,141.53846153846177,79.230769230769113,79.230769230769113,0,0,0,-141.53846153846177,-79.230769230769113,-79.230769230769113,100,62.307692307692662,160,0.80000000000000004,0,0,0,-4757.7514792898965,0.17672192111405433,elastic,0,0,-4757.7514792898965,0
37,undrained_like_zero_volumetric_strain,0.00029999999999999997,-0.00014999999999999999,-0.00014999999999999999,0,0,0,0,142.69230769230793,78.653846153846033,78.653846153846033,0,0,0,-142.69230769230793,-78.653846153846033,-78.653846153846033,100,64.038461538461902,160,0.80000000000000004,0,0,0,-4539.0754437869355,0.16724100295057401,elastic,0,0,-4539.0754437869355,0
38,undrained_like_zero_volumetric_strain,0.00029999999999999997,-0.00014999999999999999,-0.00014999999999999999,0,0,0,0,143.8461538461541,78.076923076922952,78.076923076922952,0,0,0,-143.8461538461541,-78.076923076922952,-78.076923076922952,100,65.769230769231143,160,0.80000000000000004,0,0,0,-4314.4082840236197,0.15765813978379328,elastic,0,0,-4314.4082840236197,0
39,undrained_like_zero_volumetric_strain,0.00029999999999999997,-0.00014999999999999999,-0.00014999999999999999,0,0,0,0,145.00000000000026,77.499999999999872,77.499999999999872,0,0,0,-145.00000000000026,-77.499999999999872,-77.499999999999872,100,67.500000000000384,160,0.80000000000000004,0,0,0,-4083.7499999999482,0.1479820627802669,elastic,0,0,-4083.7499999999482,0
40,undrained_like_zero_volumetric_strain,0.00029999999999999997,-0.00014999999999999999,-0.00014999999999999999,0,0,0,0,146.15384615384642,76.923076923076792,76.923076923076792,0,0,0,-146.15384615384642,-76.923076923076792,-76.923076923076792,100,69.230769230769624,160,0.80000000000000004,0,0,0,-3847.1005917159218,0.13822133782335611,elastic,0,0,-3847.1005917159218,0
41,undrained_like_zero_volumetric_strain,0.00029999999999999997,-0.00014999999999999999,-0.00014999999999999999,0,0,0,0,147.30769230769258,76.346153846153712,76.346153846153712,0,0,0,-147.30769230769258,-76.346153846153712,-76.346153846153712,100,70.961538461538865,160,0.80000000000000004,0,0,0,-3604.4600591715407,0.12838435402376022,elastic,0,0,-3604.4600591715407,0
42,undrained_like_zero_volumetric_strain,0.00029999999999999997,-0.00014999999999999999,-0.00014999999999999999,0,0,0,0,148.46153846153874,75.769230769230631,75.769230769230631,0,0,0,-148.46153846153874,-75.769230769230631,-75.769230769230631,100,72.692307692308106,160,0.80000000000000004,0,0,0,-3355.8284023668039,0.11847931335959075,elastic,0,0,-3355.8284023668039,0
43,undrained_like_zero_volumetric_strain,0.00029999999999999997,-0.00014999999999999999,-0.00014999999999999999,0,0,0,0,149.6153846153849,75.192307692307551,75.192307692307551,0,0,0,-149.6153846153849,-75.192307692307551,-75.192307692307551,100,74.423076923077346,160,0.80000000000000004,0,0,0,-3101.2056213017122,0.10851422142612324,elastic,0,0,-3101.2056213017122,0
44,undrained_like_zero_volumetric_strain,0.00029999999999999997,-0.00014999999999999999,-0.00014999999999999999,0,0,0,0,150.76923076923106,74.615384615384471,74.615384615384471,0,0,0,-150.76923076923106,-74.615384615384471,-74.615384615384471,100,76.153846153846587,160,0.80000000000000004,0,0,0,-2840.5917159762657,0.098496879270226836,elastic,0,0,-2840.5917159762657,0
45,undrained_like_zero_volumetric_strain,0.00029999999999999997,-0.00014999999999999999,-0.00014999999999999999,0,0,0,0,151.92307692307722,74.038461538461391,74.038461538461391,0,0,0,-151.92307692307722,-74.038461538461391,-74.038461538461391,100,77.884615384615827,160,0.80000000000000004,0,0,0,-2573.9866863904635,0.088434876279909688,elastic,0,0,-2573.9866863904635,0
46,undrained_like_zero_volumetric_strain,0.00029999999999999997,-0.00014999999999999999,-0.00014999999999999999,0,0,0,0,153.07692307692338,73.461538461538311,73.461538461538311,0,0,0,-153.07692307692338,-73.461538461538311,-73.461538461538311,100,79.615384615385068,160,0.80000000000000004,0,0,0,-2301.3905325443066,0.078335584095417576,elastic,0,0,-2301.3905325443066,0
47,undrained_like_zero_volumetric_strain,0.00029999999999999997,-0.00014999999999999999,-0.00014999999999999999,0,0,0,0,154.23076923076954,72.88461538461523,72.88461538461523,0,0,0,-154.23076923076954,-72.88461538461523,-72.88461538461523,100,81.346153846154309,160,0.80000000000000004,0,0,0,-2022.8032544377947,0.068206151504878132,elastic,0,0,-2022.8032544377947,0
48,undrained_like_zero_volumetric_strain,0.00029999999999999997,-0.00014999999999999999,-0.00014999999999999999,0,0,0,0,155.3846153846157,72.30769230769215,72.30769230769215,0,0,0,-155.3846153846157,-72.30769230769215,-72.30769230769215,100,83.076923076923549,160,0.80000000000000004,0,0,0,-1738.2248520709272,0.058053500284573199,elastic,0,0,-1738.2248520709272,0
49,undrained_like_zero_volumetric_strain,0.00029999999999999997,-0.00014999999999999999,-0.00014999999999999999,0,0,0,0,156.53846153846186,71.73076923076907,71.73076923076907,0,0,0,-156.53846153846186,-71.73076923076907,-71.73076923076907,100,84.807692307692804,160,0.80000000000000004,0,0,0,-1447.6553254437031,0.047884321941528321,elastic,0,0,-1447.6553254437031,0
50,undrained_like_zero_volumetric_strain,0.00029999999999999997,-0.00014999999999999999,-0.00014999999999999999,0,0,0,0,157.69230769230802,71.15384615384599,71.15384615384599,0,0,0,-157.69230769230802,-71.15384615384599,-71.15384615384599,100,86.53846153846203,160,0.80000000000000004,0,0,0,-1151.0946745561278,0.037705075314206062,elastic,0,0,-1151.0946745561278,0
51,undrained_like_zero_volumetric_strain,0.00029999999999999997,-0.00014999999999999999,-0.00014999999999999999,0,0,0,0,158.84615384615418,70.57692307692291,70.57692307692291,0,0,0,-158.84615384615418,-70.57692307692291,-70.57692307692291,100,88.269230769231271,160,0.80000000000000004,0,0,0,-848.54289940819581,0.027521984985649874,elastic,0,0,-848.54289940819581,0
52,undrained_like_zero_volumetric_strain,0.00029999999999999997,-0.00014999999999999999,-0.00014999999999999999,0,0,0,0,160.00000000000034,69.999999999999829,69.999999999999829,0,0,0,-160.00000000000034,-69.999999999999829,-69.999999999999829,100,90.000000000000512,160,0.80000000000000004,0,0,0,-539.99999999990814,0.017341040462424746,elastic,0,0,-539.99999999990814,0
53,undrained_like_zero_volumetric_strain,0.00029999999999999997,-0.00014999999999999999,-0.00014999999999999999,0,0,0,0,161.1538461538465,69.423076923076749,69.423076923076749,0,0,0,-161.1538461538465,-69.423076923076749,-69.423076923076749,100,91.730769230769752,160,0.80000000000000004,0,0,0,-225.46597633126476,0.0071679960720959137,elastic,0,0,-225.46597633126476,0
54,undrained_like_zero_volumetric_strain,0.00029999999999999997,-0.00014999999999999999,-0.00014999999999999999,0,0,0,0,161.91108851116584,68.895705032415918,68.895705032415918,0,0,0,-161.91108851116584,-68.895705032415918,-68.895705032415918,99.900832858665879,93.015383478749925,160.04284594387218,0.80000000000000004,2.380011393573884e-05,8.0913041830201848e-05,4.1570290551862806e-07,6.1027094488963485e-09,1.9266536125892227e-13,plastic_converged,1,5,6.1008904594928026e-09,0.099167141334120856
55,undrained_like_zero_volumetric_strain,0.00029999999999999997,-0.00014999999999999999,-0.00014999999999999999,0,0,0,0,161.72120141600919,68.495188385604223,68.495188385604223,0,0,0,-161.72120141600919,-68.495188385604223,-68.495188385604223,99.570526062405875,93.226013030404971,160.1856404073265,0.80000000000000004,0.00010307374734939985,0.00035607072445186265,1.4131832237915348e-06,9.1968831839039922e-07,2.9050045897994594e-11,plastic_converged,1,5,9.1968649940099567e-07,0.42947393759412478
56,undrained_like_zero_volumetric_strain,0.00029999999999999997,-0.00014999999999999999,-0.00014999999999999999,0,0,0,0,161.53296065100184,68.102858848231847,68.102858848231847,0,0,0,-161.53296065100184,-68.102858848231847,-68.102858848231847,99.246226115821855,93.430101802769997,160.32596200555116,0.80000000000000004,0.0001809057366119086,0.00063190401296680425,1.4161635566494291e-06,8.1823964137583971e-07,2.5859208575171018e-11,plastic_converged,1,5,8.1824146036524326e-07,0.75377388417814473
57,undrained_like_zero_volumetric_strain,0.00029999999999999997,-0.00014999999999999999,-0.00014999999999999999,0,0,0,0,161.34643584686219,67.71857788120947,67.71857788120947,0,0,0,-161.34643584686219,-67.71857788120947,-67.71857788120947,98.927863869760372,93.627857965652723,160.46383397802401,0.80000000000000004,0.00025731267753852701,0.00090839332864345193,1.4190341891194203e-06,7.2835427999962121e-07,2.3030796703749181e-11,plastic_converged,1,5,7.283579179784283e-07,1.0721361302396275
58,undrained_like_zero_volumetric_strain,0.00029999999999999997,-0.00014999999999999999,-0.00014999999999999999,0,0,0,0,161.16169090297274,67.342207273209013,67.342207273209013,0,0,0,-161.16169090297274,-67.342207273209013,-67.342207273209013,98.61536848313024,93.819483629763724,160.59928051384745,0.80000000000000004,0.00033231157200853907,0.0011855196679654216,1.4217989304311201e-06,6.4894993556663394e-07,2.0531077031154356e-11,plastic_converged,1,5,6.4895175455603749e-07,1.38463151686976
59,undrained_like_zero_volumetric_strain,0.00029999999999999997,-0.00014999999999999999,-0.00014999999999999999,0,0,0,0,160.978784255221,66.973609295336999,66.973609295336999,0,0,0,-160.978784255221,-66.973609295336999,-66.973609295336999,98.308667615298319,94.005174959884002,160.73232666725036,0.80000000000000004,0.00040591978179023284,0.001463264586658421,1.4244614783402973e-06,5.7895340432878584e-07,1.8326552247532447e-11,plastic_converged,1,5,5.7895158533938229e-07,1.6913323847016812
60,undrained_like_zero_volumetric_strain,0.00029999999999999997,-0.00014999999999999999,-0.00014999999999999999,0,0,0,0,160.79776913211379,66.612646844678991,66.612646844678991,0,0,0,-160.79776913211379,-66.612646844678991,-66.612646844678991,98.007687607157251,94.185122287434794,160.86299827746325,0.80000000000000004,0.00047815498508464493,0.0017416101848188384,1.427025424517788e-06,5.1736424211412668e-07,1.6385973431797537e-11,plastic_converged,1,5,5.1736242312472314e-07,1.9923123928427486
61,undrained_like_zero_volumetric_strain,0.00029999999999999997,-0.00014999999999999999,-0.00014999999999999999,0,0,0,0,160.61869380332359,66.259183576699144,66.259183576699144,0,0,0,-160.61869380332359,-66.259183576699144,-66.259183576699144,97.712353652240623,94.359510226624451,160.9913218924282,0.80000000000000004,0.00054903513545795076,0.0020205390922768502,1.4294942556214442e-06,4.6332570491358638e-07,1.4682590407051728e-11,plastic_converged,1,5,4.6332206693477929e-07,2.2876463477593774
62,undrained_like_zero_volumetric_strain,0.00029999999999999997,-0.00014999999999999999,-0.00014999999999999999,0,0,0,0,160.44160182057863,65.913084027033591,65.913084027033591,0,0,0,-160.44160182057863,-65.913084027033591,-65.913084027033591,97.422589958215269,94.528517793545035,161.11732469625116,0.80000000000000004,0.00061857842308334912,0.0023000344542034677,1.431871354540377e-06,4.1597741073928773e-07,1.3189489307167023e-11,plastic_converged,1,5,4.1597377276048064e-07,2.5774100417847308
63,undrained_like_zero_volumetric_strain,0.00029999999999999997,-0.00014999999999999999,-0.00014999999999999999,0,0,0,0,160.26653225084885,65.574213723205617,65.574213723205617,0,0,0,-160.26653225084885,-65.574213723205617,-65.574213723205617,97.138319899086696,94.692318527643238,161.2410344402999,0.80000000000000004,0.00068680323821178357,0.0025800799169691893,1.4341600017902737e-06,3.7459176382981241e-07,1.1883917528620622e-11,plastic_converged,1,5,3.7458630686160177e-07,2.8616801009133042
64,undrained_like_zero_volumetric_strain,0.00029999999999999997,-0.00014999999999999999,-0.00014999999999999999,0,0,0,0,160.09351990180997,65.242439286780126,65.242439286780126,0,0,0,-160.09351990180997,-65.242439286780126,-65.242439286780126,96.859466158456755,94.851080615029844,161.36247937784657,0.80000000000000004,0.00075372813679015977,0.0028606596142613122,1.4363633770451697e-06,3.3844480640254915e-07,1.0743193689623376e-11,plastic_converged,1,5,3.3844662539195269e-07,3.1405338415432453
65,undrained_like_zero_volumetric_strain,0.00029999999999999997,-0.00014999999999999999,-0.00014999999999999999,0,0,0,0,159.92259553960017,64.917628526460987,64.917628526460987,0,0,0,-159.92259553960017,-64.917628526460987,-64.917628526460987,96.585950864174038,95.004967013139179,161.48168820214832,0.80000000000000004,0.00081937180814525487,0.0031417581534654393,1.438484560787028e-06,3.0696901376359165e-07,9.7495589707047145e-12,plastic_converged,1,5,3.0697083275299519e-07,3.4140491358259624
66,undrained_like_zero_volumetric_strain,0.00029999999999999997,-0.00014999999999999999,-0.00014999999999999999,0,0,0,0,159.75378609890819,64.599650522622397,64.599650522622397,0,0,0,-159.75378609890819,-64.599650522622397,-64.599650522622397,96.317695714717658,95.15413557628581,161.59868998785834,0.80000000000000004,0.0008837530446517217,0.003423360602316241,1.4405265360605302e-06,2.7957139536738396e-07,8.8844091104510538e-12,plastic_converged,1,5,2.7957139536738396e-07,3.682304285282342
67,undrained_like_zero_volumetric_strain,0.00029999999999999997,-0.00014999999999999999,-0.00014999999999999999,0,0,0,0,159.5871148854597,64.288375703748656,64.288375703748656,0,0,0,-159.5871148854597,-64.288375703748656,-64.288375703748656,96.054622097652341,95.298739181711042,161.71351413565731,0.80000000000000004,0.00094689071330285443,0.0037054524758207978,1.4424921903146401e-06,2.5577173801138997e-07,8.1326866059132381e-12,plastic_converged,1,5,2.5576991902198642e-07,3.9453779023476585
68,undrained_like_zero_volumetric_strain,0.00029999999999999997,-0.00014999999999999999,-0.00014999999999999999,0,0,0,0,159.42260177098439,63.983675915243332,63.983675915243332,0,0,0,-159.42260177098439,-63.983675915243332,-63.983675915243332,95.796651200490359,95.438925855741061,161.82619031999278,0.80000000000000004,0.0010088037291037953,0.0039880197234579513,1.4443843173226468e-06,2.3508619051426649e-07,7.479186199160528e-12,plastic_converged,1,5,2.3508800950367004e-07,4.2033487995096408
69,undrained_like_zero_volumetric_strain,0.00029999999999999997,-0.00014999999999999999,-0.00014999999999999999,0,0,0,0,159.26026338077099,63.685424481051086,63.685424481051086,0,0,0,-159.26026338077099,-63.685424481051086,-63.685424481051086,95.54370411429106,95.574838899719907,161.9367484398152,0.80000000000000004,0.0010695110302077046,0.004271048716655272,1.4462056191630796e-06,2.171727828681469e-07,6.9131860915361265e-12,plastic_converged,1,5,2.171691448893398e-07,4.4562958857089399
70,undrained_like_zero_volumetric_strain,0.00029999999999999997,-0.00014999999999999999,-0.00014999999999999999,0,0,0,0,159.10011327392664,63.393496258520599,63.393496258520599,0,0,0,-159.10011327392664,-63.393496258520599,-63.393496258520599,95.295701930322608,95.706617015406039,162.04521857219754,0.80000000000000004,0.0011290315547169735,0.0045545262365455459,1.4479587082554373e-06,2.01607690542005e-07,6.421334038968897e-12,plastic_converged,1,5,2.0161132852081209e-07,4.7042980696773924
71,undrained_like_zero_volumetric_strain,0.00029999999999999997,-0.00014999999999999999,-0.00014999999999999999,0,0,0,0,158.94216211647864,63.107767686918919,63.107767686918919,0,0,0,-158.94216211647864,-63.107767686918919,-63.107767686918919,95.052565830105493,95.834394429559723,162.15163092872635,0.80000000000000004,0.0011873842190728452,0.0048384394620028621,1.4496461094343341e-06,1.8814898794516921e-07,5.9960450472517256e-12,plastic_converged,1,5,1.8814898794516921e-07,4.9474341698945068
72,undrained_like_zero_volumetric_strain,0.00029999999999999997,-0.00014999999999999999,-0.00014999999999999999,0,0,0,0,158.78641784746083,62.828116829992553,62.828116829992553,0,0,0,-158.78641784746083,-62.828116829992553,-62.828116829992553,94.814217169148648,95.958301017468287,162.2560158145539,0.80000000000000004,0.0012445878979587767,0.0051227759579588828,1.4512702620581745e-06,1.7648926586844027e-07,5.6276292452259019e-12,plastic_converged,1,5,1.7648562788963318e-07,5.1857828308513518
73,undrained_like_zero_volumetric_strain,0.00029999999999999997,-0.00014999999999999999,-0.00014999999999999999,0,0,0,0,158.63288583814344,62.554423412952268,62.554423412952268,0,0,0,-158.63288583814344,-62.554423412952268,-62.554423412952268,94.580577554682648,96.078462425191162,162.35840359000071,0.80000000000000004,0.0013006614056445104,0.005407523663998247,1.4528335221380962e-06,1.663593138800934e-07,5.3075937383602409e-12,plastic_converged,1,5,1.6636295185890049e-07,5.4194224453173518
74,undrained_like_zero_volumetric_strain,0.00029999999999999997,-0.00014999999999999999,-0.00014999999999999999,0,0,0,0,158.4815690445696,62.286568854243271,62.286568854243271,0,0,0,-158.4815690445696,-62.286568854243271,-62.286568854243271,94.351568917685384,96.195000190326326,162.4588246346006,0.80000000000000004,0.0013556234786999801,0.0056926708832322663,1.4543381644828327e-06,1.5759724192321301e-07,5.0308524242430048e-12,plastic_converged,1,5,1.5759542293380946e-07,5.648431082314616
75,undrained_like_zero_volumetric_strain,0.00029999999999999997,-0.00014999999999999999,-0.00014999999999999999,0,0,0,0,158.33246815356893,62.024436292445529,62.024436292445529,0,0,0,-158.33246815356893,-62.024436292445529,-62.024436292445529,94.127113579486661,96.308031861123396,162.55730931348177,0.80000000000000004,0.0014094927600102032,0.0059782062714493628,1.4557863848509255e-06,1.499847712693736e-07,4.7905066113788407e-12,plastic_converged,1,5,1.499847712693736e-07,5.8728864205133391
76,undrained_like_zero_volumetric_strain,0.00029999999999999997,-0.00014999999999999999,-0.00014999999999999999,0,0,0,0,158.18558172242641,61.767910608632484,61.767910608632484,0,0,0,-158.18558172242641,-61.767910608632484,-61.767910608632484,93.907134313230458,96.417671113793929,162.65388794597976,0.80000000000000004,0.0014622877840244084,0.0062641188265398773,1.4571803021016371e-06,1.4335091691464186e-07,4.581153423340156e-12,plastic_converged,1,5,1.4335091691464186e-07,6.0928656867695423
77,undrained_like_zero_volumetric_strain,0.00029999999999999997,-0.00014999999999999999,-0.00014999999999999999,0,0,0,0,158.04090631238569,61.516878444501209,61.516878444501209,0,0,0,-158.04090631238569,-61.516878444501209,-61.516878444501209,93.691554400462692,96.52402786788447,162.74859077638007,0.80000000000000004,0.0015140269631749874,0.0065503978781931184,1.4585219603418031e-06,1.3758835848420858e-07,4.3994134536530272e-12,plastic_converged,1,5,1.3759381545241922e-07,6.3084455995373077
78,undrained_like_zero_volumetric_strain,0.00029999999999999997,-0.00014999999999999999,-0.00014999999999999999,0,0,0,0,157.89843661617053,61.27122821657111,61.27122821657111,0,0,0,-157.89843661617053,-61.27122821657111,-61.27122821657111,93.480297683104254,96.627208399599411,162.8414479466916,0.80000000000000004,0.0015647285754040185,0.006837033077863681,1.459813331060624e-06,1.3256794773042202e-07,4.2412012363198213e-12,plastic_converged,1,5,1.3256794773042202e-07,6.5197023168957458
79,undrained_like_zero_volumetric_strain,0.00029999999999999997,-0.00014999999999999999,-0.00014999999999999999,0,0,0,0,157.75816557970995,61.030850126733114,61.030850126733114,0,0,0,-157.75816557970995,-61.030850126733114,-61.030850126733114,93.273288611058732,96.727315452976839,162.93248947135373,0.80000000000000004,0.0016144107527374088,0.0071240143890038497,1.4610563152481206e-06,1.281641743844375e-07,4.1025385242845065e-12,plastic_converged,1,5,1.281641743844375e-07,6.7267113889412684
80,undrained_like_zero_volumetric_strain,0.00029999999999999997,-0.00014999999999999999,-0.00014999999999999999,0,0,0,0,157.62008451825372,60.795636169416589,60.795636169416589,0,0,0,-157.62008451825372,-60.795636169416589,-60.795636169416589,93.070452285695637,96.824448348837137,163.0217452137837,0.80000000000000004,0.0016630914708489766,0.0074113320775585764,1.4622527454926714e-06,1.2430427887011319e-07,3.9811276109071141e-12,plastic_converged,1,5,1.2430427887011319e-07,6.9295477143043627
81,undrained_like_zero_volumetric_strain,0.00029999999999999997,-0.00014999999999999999,-0.00014999999999999999,0,0,0,0,157.48418441868478,60.565481270585785,60.565481270585785,0,0,0,-157.48418441868478,-60.565481270585785,-60.565481270585785,92.871715653285449,96.918703148098984,163.10924460422237,0.80000000000000004,0.0017107884758394572,0.0076989762868721039,1.463402267015915e-06,8.3543354776338674e-05,2.677097254965146e-09,plastic_converged,1,4,8.3543351138359867e-05,7.1282843467145511
82,undrained_like_zero_volumetric_strain,0.00029999999999999997,-0.00014999999999999999,-0.00014999999999999999,0,0,0,0,157.35045204521424,60.340279835325887,60.340279835325887,0,0,0,-157.35045204521424,-60.340279835325887,-60.340279835325887,92.677003905288657,97.010172209888353,163.19501746312253,0.80000000000000004,0.0017575194862506811,0.007986938358887934,1.4645112459772968e-06,7.8426897744066082e-05,2.5144767834780495e-09,plastic_converged,1,4,7.8426899563055485e-05,7.3229960947113426
83,undrained_like_zero_volumetric_strain,0.00029999999999999997,-0.00014999999999999999,-0.00014999999999999999,0,0,0,0,157.2188748136908,60.119929168949817,60.119929168949817,0,0,0,-157.2188748136908,-60.119929168949817,-60.119929168949817,92.486244383863479,97.098945644740965,163.2790930502137,0.80000000000000004,0.0018033019418631985,0.008275209336011221,1.4655783892546588e-06,7.3884619268937968e-05,2.3700911276847383e-09,plastic_converged,1,4,7.3884622906916775e-05,7.5137556161365211
84,undrained_like_zero_volumetric_strain,0.00029999999999999997,-0.00014999999999999999,-0.00014999999999999999,0,0,0,0,157.08943857787455,59.904328460256977,59.904328460256977,0,0,0,-157.08943857787455,-59.904328460256977,-59.904328460256977,92.299365166129505,97.185110117617569,163.36150042057776,0.80000000000000004,0.0018481531059231164,0.0085637806041751127,1.4666056655131099e-06,6.9850759246037342e-05,2.2418601996394973e-09,plastic_converged,1,4,6.9850762884016149e-05,7.7006348338704953
85,undrained_like_zero_volumetric_strain,0.00029999999999999997,-0.00014999999999999999,-0.00014999999999999999,0,0,0,0,156.96212806338997,59.693378683141574,59.693378683141574,0,0,0,-156.96212806338997,-59.693378683141574,-59.693378683141574,92.116295143224377,97.268749380248394,163.44226838580036,0.80000000000000004,0.0018920900461782285,0.0088526438080711069,1.4675945957863451e-06,6.626674257859122e-05,2.127929915020832e-09,plastic_converged,1,4,6.626674257859122e-05,7.8837048567756227
86,undrained_like_zero_volumetric_strain,0.00029999999999999997,-0.00014999999999999999,-0.00014999999999999999,0,0,0,0,156.8369269540627,59.486982588380343,59.486982588380343,0,0,0,-156.8369269540627,-59.486982588380343,-59.486982588380343,91.936964043607802,97.349944365682362,163.52142549973374,0.80000000000000004,0.0019351296292936632,0.0091417908431366372,1.4685466446815238e-06,6.3080506151891313e-05,2.0266512191957471e-09,plastic_converged,1,4,6.3080506151891313e-05,8.0630359563921985
87,undrained_like_zero_volumetric_strain,0.00029999999999999997,-0.00014999999999999999,-0.00014999999999999999,0,0,0,0,156.71381797391911,59.285044693534395,59.285044693534395,0,0,0,-156.71381797391911,-59.285044693534395,-59.285044693534395,91.761302453662623,97.428773280384704,163.5990000455283,0.80000000000000004,0.0019772885159159968,0.0094312138477739092,1.4694632222394921e-06,6.0245814893278293e-05,1.9365586899208458e-09,plastic_converged,1,4,6.02458185312571e-05,8.2386975463373773
88,undrained_like_zero_volumetric_strain,0.00029999999999999997,-0.00014999999999999999,-0.00014999999999999999,0,0,0,0,156.59278296501179,59.087471271131683,59.087471271131683,0,0,0,-156.59278296501179,-59.087471271131683,-59.087471271131683,91.589241835758386,97.505311693880103,163.67502002385828,0.80000000000000004,0.0020185831563458876,0.0097209051957978729,1.4703456857680492e-06,5.772095755673945e-05,1.8563291182697739e-09,plastic_converged,1,4,5.772095755673945e-05,8.4107581642416136
89,undrained_like_zero_volumetric_strain,0.00029999999999999997,-0.00014999999999999999,-0.00014999999999999999,0,0,0,0,156.47380296125411,58.894170335283107,58.894170335283107,0,0,0,-156.47380296125411,-58.894170335283107,-58.894170335283107,91.420714543940107,97.579632625971016,163.74951314227923,0.80000000000000004,0.0020590297867802872,0.010010857489104824,1.4711953416146411e-06,5.5470016377512366e-05,1.7848227750290695e-09,plastic_converged,1,4,5.5470012739533558e-05,8.5792854560598926
90,undrained_like_zero_volumetric_strain,0.00029999999999999997,-0.00014999999999999999,-0.00014999999999999999,0,0,0,0,156.35685825839755,58.705051626888036,58.705051626888036,0,0,0,-156.35685825839755,-58.705051626888036,-58.705051626888036,91.255653837391208,97.651806631509515,163.82250680564871,0.80000000000000004,0.0020986444260885466,0.010301063550562517,1.4720134469262232e-06,5.3459878472494893e-05,1.720987709355308e-09,plastic_converged,1,4,5.3459873015526682e-05,8.7443461626087924
91,undrained_like_zero_volumetric_strain,0.00029999999999999997,-0.00014999999999999999,-0.00014999999999999999,0,0,0,0,156.24192848034946,58.520026597554725,58.520026597554725,0,0,0,-156.24192848034946,-58.520026597554725,-58.520026597554725,91.093993891819636,97.721901882794725,163.89402810755263,0.80000000000000004,0.0021374428730865894,0.010591516417108773,1.4728012113245665e-06,5.1662531404872425e-05,1.6639339483945726e-09,plastic_converged,1,4,5.1662531404872425e-05,8.9060061081803639
92,undrained_like_zero_volumetric_strain,0.00029999999999999997,-0.00014999999999999999,-0.00014999999999999999,0,0,0,0,156.12899264194266,58.339008392376577,58.339008392376577,0,0,0,-156.12899264194266,-58.339008392376577,-58.339008392376577,90.935669808898595,97.789984249566089,163.96410382267501,0.80000000000000004,0.0021754407042774673,0.010882209333062486,1.4735597985832436e-06,5.0052080041496083e-05,1.61283780929264e-09,plastic_converged,1,4,5.005208367947489e-05,9.0643301911014049
93,undrained_like_zero_volumetric_strain,0.00029999999999999997,-0.00014999999999999999,-0.00014999999999999999,0,0,0,0,156.01802920834655,58.161911831673109,58.161911831673109,0,0,0,-156.01802920834655,-58.161911831673109,-58.161911831673109,90.780617623897584,97.856117376673438,164.03276040005704,0.80000000000000004,0.0022126532720259627,0.011173135743633924,1.4742903282192768e-06,4.8606383643345907e-05,1.5669948768915417e-09,plastic_converged,1,4,4.8606381824356504e-05,9.2193823761024163
94,undrained_like_zero_volumetric_strain,0.00029999999999999997,-0.00014999999999999999,-0.00014999999999999999,0,0,0,0,155.90901615123687,57.988653391816079,57.988653391816079,0,0,0,-155.90901615123687,-57.988653391816079,-57.988653391816079,90.628774311623019,97.920362759420797,164.10002395719309,0.80000000000000004,0.0022490957031384815,0.011464289288635491,1.4749938770718991e-06,4.7305915359174833e-05,1.5257835391519378e-09,plastic_converged,1,4,4.7305909902206622e-05,9.3712256883769811
95,undrained_like_zero_volumetric_strain,0.00029999999999999997,-0.00014999999999999999,-0.00014999999999999999,0,0,0,0,155.80193100187594,57.819151185242696,57.819151185242696,0,0,0,-155.80193100187594,-57.819151185242696,-57.819151185242696,90.480077790787107,97.98277981663324,164.16592027490893,0.80000000000000004,0.0022847828978198232,0.011755663796384978,1.4756714808223138e-06,4.6132869101711549e-05,1.4886363951757803e-09,plastic_converged,1,4,4.613287455867976e-05,9.5199222092128934
96,undrained_like_zero_volumetric_strain,0.00029999999999999997,-0.00014999999999999999,-0.00014999999999999999,0,0,0,0,155.69675090124716,57.653324939750163,57.653324939750163,0,0,0,-155.69675090124716,-57.653324939750163,-57.653324939750163,90.334466926915823,98.043425961496979,164.23047479297657,0.80000000000000004,0.0023197295289802615,0.012047253277795777,1.4763241354663242e-06,4.5072343709762208e-05,1.4550786402533584e-09,plastic_converged,1,4,4.5072343709762208e-05,9.6655330730841769
97,undrained_like_zero_volumetric_strain,0.00029999999999999997,-0.00014999999999999999,-0.00014999999999999999,0,0,0,0,155.59345264735748,57.491095977168527,57.491095977168527,0,0,0,-155.59345264735748,-57.491095977168527,-57.491095977168527,90.191881533898183,98.102356670188954,164.29371260641926,0.80000000000000004,0.0023539500418682823,0.012339051920652416,1.4769527987603115e-06,4.4110600356361829e-05,1.4246720233615436e-09,plastic_converged,1,4,4.4110594899393618e-05,9.808118466101817
98,undrained_like_zero_volumetric_strain,0.00029999999999999997,-0.00014999999999999999,-0.00014999999999999999,0,0,0,0,155.49201273985705,57.332387191489225,57.332387191489225,0,0,0,-155.49201273985705,-57.332387191489225,-57.332387191489225,90.052262374278499,98.159625548367814,164.35565846246169,0.80000000000000004,0.0023874586540047903,0.012631054084062301,1.4775583916022394e-06,4.3236246710876003e-05,1.39705321710356e-09,plastic_converged,1,4,4.323625034885481e-05,9.9477376257215013
99,undrained_like_zero_volumetric_strain,0.00029999999999999997,-0.00014999999999999999,-0.00014999999999999999,0,0,0,0,155.39240742207767,57.177123026534325,57.177123026534325,0,0,0,-155.39240742207767,-57.177123026534325,-57.177123026534325,89.915551158382115,98.215284395543335,164.4163367580843,0.80000000000000004,0.0024202693553969376,0.01292325429308301,1.4781417993913021e-06,4.2438718082848936e-05,1.371884907505077e-09,plastic_converged,1,4,4.2438718082848936e-05,10.084448841617885
100,undrained_like_zero_volumetric_strain,0.00029999999999999997,-0.00014999999999999999,-0.00014999999999999999,0,0,0,0,155.29461272062679,57.025229453233052,57.025229453233052,0,0,0,-155.29461272062679,-57.025229453233052,-57.025229453233052,89.781690542364302,98.269383267393735,164.47577153814152,0.80000000000000004,0.002452395909010092,0.013215647233516967,1.4787038733281843e-06,4.1708728531375527e-05,1.3488704596383102e-09,plastic_converged,1,4,4.1708723074407317e-05,10.218309457635698
101,undrained_like_zero_volumetric_strain,0.00029999999999999997,-0.00014999999999999999,-0.00014999999999999999,0,0,0,0,155.19860448264359,56.876633946575247,56.876633946575247,0,0,0,-155.19860448264359,-56.876633946575247,-56.876633946575247,89.650624125264699,98.321970536068349,164.53398649400731,0.80000000000000004,0.0024838518514782404,0.013508227746870228,1.4792454316807821e-06,4.1038660128833726e-05,1.3277666178518267e-09,plastic_converged,1,4,4.1038660128833726e-05,10.349375874735301
102,undrained_like_zero_volumetric_strain,0.00029999999999999997,-0.00014999999999999999,-0.00014999999999999999,0,0,0,0,155.1043584108215,56.731265462305807,56.731265462305807,0,0,0,-155.1043584108215,-56.731265462305807,-56.731265462305807,89.522296445144377,98.373092948515705,164.59100496271139,0.80000000000000004,0.0025146504940342838,0.013800990825472424,1.4797672610180364e-06,4.0421482481178828e-05,1.3083486624705486e-09,plastic_converged,1,4,4.042147884320002e-05,10.477703554855623
103,undrained_like_zero_volumetric_strain,0.00029999999999999997,-0.00014999999999999999,-0.00014999999999999999,0,0,0,0,155.01185009631473,56.589054413413749,56.589054413413749,0,0,0,-155.01185009631473,-56.589054413413749,-56.589054413413749,89.396652974380743,98.422795682900997,164.64684992653284,0.80000000000000004,0.0025448049236422238,0.014093931607749926,1.4802701173863376e-06,3.9851180190453306e-05,1.2904243038951702e-09,plastic_converged,1,4,3.9851176552474499e-05,10.603347025619257
104,undrained_like_zero_volumetric_strain,0.00029999999999999997,-0.00014999999999999999,-0.00014999999999999999,0,0,0,0,154.92105504962143,56.449932646471602,56.449932646471602,0,0,0,-154.92105504962143,-56.449932646471602,-56.449932646471602,89.273640114188211,98.471122403149835,164.70154401301889,0.80000000000000004,0.0025743280043149432,0.014387045373650376,1.480754727460034e-06,3.9322349039139226e-05,1.2738206805580925e-09,plastic_converged,1,4,3.9322347220149823e-05,10.726359885811789
105,undrained_like_zero_volumetric_strain,0.00029999999999999997,-0.00014999999999999999,-0.00014999999999999999,0,0,0,0,154.8319487295463,56.313833417872061,56.313833417872061,0,0,0,-154.8319487295463,-56.313833417872061,-56.313833417872061,89.153205188430135,98.518115311674237,164.75510949539876,0.80000000000000004,0.0026032323786018496,0.014680327540212923,1.4812217896471159e-06,3.8830406992929056e-05,1.2583912472433127e-09,plastic_converged,1,4,3.8830401535960846e-05,10.846794811569865
106,undrained_like_zero_volumetric_strain,0.00029999999999999997,-0.00014999999999999999,-0.00014999999999999999,0,0,0,0,154.74450657033236,56.180691370008276,56.180691370008276,0,0,0,-154.74450657033236,-56.180691370008276,-56.180691370008276,89.035296436782971,98.5638152003241,164.80756829336423,0.80000000000000004,0.00263153046923184,0.014973773657280962,1.4816719751629423e-06,3.837116491922643e-05,1.2440019199537522e-09,plastic_converged,1,4,3.837116491922643e-05,10.964703563217029
107,undrained_like_zero_volumetric_strain,0.00029999999999999997,-0.00014999999999999999,-0.00014999999999999999,0,0,0,0,154.65870400705603,56.050442507437246,56.050442507437246,0,0,0,-154.65870400705603,-56.050442507437246,-56.050442507437246,88.919863007310184,98.608261499618791,164.85894197418895,0.80000000000000004,0.0026592344808976818,0.015267379403351671,1.4821059290597878e-06,3.7941117625450715e-05,1.2305405479958619e-09,plastic_converged,1,4,3.7941110349493101e-05,11.080136992689816
108,undrained_like_zero_volumetric_strain,0.00029999999999999997,-0.00014999999999999999,-0.00014999999999999999,0,0,0,0,154.57451649936769,55.923024173065535,55.923024173065535,0,0,0,-154.57451649936769,-55.923024173065535,-55.923024173065535,88.806854948499577,98.651492326302147,164.90925175416209,0.80000000000000004,0.0026863564021690246,0.015561140581559479,1.4825242712270042e-06,3.753722739929799e-05,1.2179099408790458e-09,plastic_converged,1,4,3.7537225580308586e-05,11.193145051500423
109,undrained_like_zero_volumetric_strain,0.00029999999999999997,-0.00014999999999999999,-0.00014999999999999999,0,0,0,0,154.491919553662,55.798375024391163,55.798375024391163,0,0,0,-154.491919553662,-55.798375024391163,-55.798375024391163,88.696223200814771,98.693544529270852,164.95851850031133,0.80000000000000004,0.0027129080075219323,0.015855053115789493,1.4829275973566969e-06,3.7156714824959636e-05,1.2060211135474242e-09,plastic_converged,1,4,3.7156711186980829e-05,11.303776799185229
110,undrained_like_zero_volumetric_strain,0.00029999999999999997,-0.00014999999999999999,-0.00014999999999999999,0,0,0,0,154.41088874375896,55.676435009832367,55.676435009832367,0,0,0,-154.41088874375896,-55.676435009832367,-55.676435009832367,88.587919587807903,98.7344537339266,165.00676273239299,0.80000000000000004,0.0027389008594734211,0.01614911304691501,1.4833164798657397e-06,3.6797327993554063e-05,1.1948020485144699e-09,plastic_converged,1,4,3.6797322536585853e-05,11.412080412192097
111,undrained_like_zero_volumetric_strain,0.00029999999999999997,-0.00014999999999999999,-0.00014999999999999999,0,0,0,0,154.33139973016557,55.557145345174142,55.557145345174142,0,0,0,-154.33139973016557,-55.557145345174142,-55.557145345174142,88.481896806837952,98.774254384991423,165.05400462512753,0.80000000000000004,0.0027643463108106558,0.016443316529158387,1.4836914688005658e-06,3.6456644011195749e-05,1.1841750439316794e-09,plastic_converged,1,4,3.6456644011195749e-05,11.518103193162048
112,undrained_like_zero_volumetric_strain,0.00029999999999999997,-0.00014999999999999999,-0.00014999999999999999,0,0,0,0,154.25342827800137,55.440448490154161,55.440448490154161,0,0,0,-154.25342827800137,-55.440448490154161,-55.440448490154161,88.378108419436558,98.812979787847198,165.10026401066045,0.80000000000000004,0.0027892555069045579,0.016737659826568083,1.4840530926925581e-06,3.6133242247160524e-05,1.1740948303445228e-09,plastic_converged,1,4,3.6133242247160524e-05,11.621891580563442
113,undrained_like_zero_volumetric_strain,0.00029999999999999997,-0.00014999999999999999,-0.00014999999999999999,0,0,0,0,154.17695027364098,55.326288125218213,55.326288125218213,0,0,0,-154.17695027364098,-55.326288125218213,-55.326288125218213,88.276508841359146,98.850662148422771,165.14556038122871,0.80000000000000004,0.0028136393880988323,0.017032139309611699,1.4844018593999984e-06,3.582551289582625e-05,1.1645099051028329e-09,plastic_converged,1,4,3.5825511076836847e-05,11.723491158640854
114,undrained_like_zero_volumetric_strain,0.00029999999999999997,-0.00014999999999999999,-0.00014999999999999999,0,0,0,0,154.10194174015447,55.214609128460694,55.214609128460694,0,0,0,-154.10194174015447,-55.214609128460694,-55.214609128460694,88.177053332358625,98.887332611693765,165.18991289201642,0.80000000000000004,0.0028375086921654511,0.017326751451878328,1.4847382569040408e-06,3.5531831599655561e-05,1.1553682020983357e-09,plastic_converged,1,4,3.5531835237634368e-05,11.822946667641375
115,undrained_like_zero_volumetric_strain,0.00029999999999999997,-0.00014999999999999999,-0.00014999999999999999,0,0,0,0,154.02837885160352,55.105357552771061,55.105357552771061,0,0,0,-154.02837885160352,-55.105357552771061,-55.105357552771061,88.079697985715214,98.923021298832452,165.23334036418152,0.80000000000000004,0.0028608739568186043,0.017621492826888088,1.4850627540822045e-06,3.5251065128250048e-05,1.1466335422324817e-09,plastic_converged,1,4,3.5251065128250048e-05,11.920302014284786
116,undrained_like_zero_volumetric_strain,0.00029999999999999997,-0.00014999999999999999,-0.00014999999999999999,0,0,0,0,153.9562381510774,54.998481029802917,54.998481029802917,0,0,0,-153.9562381510774,-54.998481029802917,-54.998481029802917,87.98440007022775,98.957757121274469,165.27586112100627,0.80000000000000004,0.0028837455356569312,0.017916360252902126,1.4853765490535096e-06,1.7683210899122059e-05,5.7538781859917369e-10,plastic_converged,1,5,1.7683214537100866e-05,12.01559992977225
117,undrained_like_zero_volumetric_strain,0.00029999999999999997,-0.00014999999999999999,-0.00014999999999999999,0,0,0,0,153.88549600038021,54.893927429063098,54.893927429063098,0,0,0,-153.88549600038021,-54.893927429063098,-54.893927429063098,87.891116952835475,98.991568571317117,165.31749349671878,0.80000000000000004,0.0029061335609138275,0.01821135032887548,1.4856784931266368e-06,1.7093854694394395e-05,5.5639633465027504e-10,plastic_converged,1,5,1.7093854694394395e-05,12.108883047164525
118,undrained_like_zero_volumetric_strain,0.00029999999999999997,-0.00014999999999999999,-0.00014999999999999999,0,0,0,0,153.81612904108533,54.791646216518281,54.791646216518281,0,0,0,-153.81612904108533,-54.791646216518281,-54.791646216518281,87.799807158040622,99.024482824567045,165.35825533203024,0.80000000000000004,0.0029280479867704193,0.018506459924686271,1.4859699101456589e-06,1.653239996812772e-05,5.3829763325505257e-10,plastic_converged,1,5,1.653239996812772e-05,12.200192841959378
119,undrained_like_zero_volumetric_strain,0.00029999999999999997,-0.00014999999999999999,-0.00014999999999999999,0,0,0,0,153.74811417335718,54.691587920658371,54.691587920658371,0,0,0,-153.74811417335718,-54.691587920658371,-54.691587920658371,87.710430004891307,99.056526252698802,165.39816414503429,0.80000000000000004,0.0029494985767145971,0.018801685983790839,1.4862511262247426e-06,1.5997440641513094e-05,5.2104713145398325e-10,plastic_converged,1,5,1.5997438822523691e-05,12.289569995108693
120,undrained_like_zero_volumetric_strain,0.00029999999999999997,-0.00014999999999999999,-0.00014999999999999999,0,0,0,0,153.68142850468905,54.593704134160198,54.593704134160198,0,0,0,-153.68142850468905,-54.593704134160198,-54.593704134160198,87.622945591003145,99.087724370528846,165.4372371369727,0.80000000000000004,0.0029704949073757316,0.019097025535114932,1.4865225253536121e-06,1.5487574273720384e-05,5.046002751374227e-10,plastic_converged,1,5,1.5487574273720384e-05,12.377054408996855
121,undrained_like_zero_volumetric_strain,0.00029999999999999997,-0.00014999999999999999,-0.00014999999999999999,0,0,0,0,153.61604935850431,54.497947492571612,54.497947492571612,0,0,0,-153.61604935850431,-54.497947492571612,-54.497947492571612,87.537314781215841,99.118101865932701,165.47549119599313,0.80000000000000004,0.0029910463712474293,0.01939247569043771,1.4867844764900896e-06,1.5001633073552512e-05,4.8892007078025921e-10,plastic_converged,1,5,1.5001633073552512e-05,12.462685218784159
122,undrained_like_zero_volumetric_strain,0.00029999999999999997,-0.00014999999999999999,-0.00014999999999999999,0,0,0,0,153.55195428197604,54.404271653288284,54.404271653288284,0,0,0,-153.55195428197604,-54.404271653288284,-54.404271653288284,87.453499196184211,99.147682628687747,165.51294290098235,0.80000000000000004,0.0030111621794255716,0.019688033641861634,1.487037334155668e-06,1.45382946357131e-05,4.7396440933050429e-10,plastic_converged,1,5,1.4538296454702504e-05,12.546500803815789
123,undrained_like_zero_volumetric_strain,0.00029999999999999997,-0.00014999999999999999,-0.00014999999999999999,0,0,0,0,153.48912105311817,54.312631274831148,54.312631274831148,0,0,0,-153.48912105311817,-54.312631274831148,-54.312631274831148,87.371461200926817,99.176489778287021,165.54960852546762,0.80000000000000004,0.0030308513643570183,0.019983696659364478,1.4872814390035241e-06,1.4096573067945428e-05,4.5970207693048173e-10,plastic_converged,1,5,1.4096573067945428e-05,12.628538799073183
124,undrained_like_zero_volumetric_strain,0.00029999999999999997,-0.00014999999999999999,-0.00014999999999999999,0,0,0,0,153.42752768717946,54.222981996427585,54.222981996427585,0,0,0,-153.42752768717946,-54.222981996427585,-54.222981996427585,87.291163893344887,99.204545690751871,165.58550404158007,0.80000000000000004,0.0030501227825947856,0.02027946208843124,1.4875171183671543e-06,1.3675193258677609e-05,4.4609236185627671e-10,plastic_converged,1,5,1.3675196896656416e-05,12.708836106655113
125,undrained_like_zero_volumetric_strain,0.00029999999999999997,-0.00014999999999999999,-0.00014999999999999999,0,0,0,0,153.36715244239167,54.135280417903864,54.135280417903864,0,0,0,-153.36715244239167,-54.135280417903864,-54.135280417903864,87.212571092733128,99.231872024487814,165.62064512406801,0.80000000000000004,0.0030689851175557501,0.020575327347762348,1.4877446867830071e-06,1.3273340300656855e-05,4.3310949640479591e-10,plastic_converged,1,5,1.3273336662678048e-05,12.787428907266872
126,undrained_like_zero_volumetric_strain,0.00029999999999999997,-0.00014999999999999999,-0.00014999999999999999,0,0,0,0,153.30797382509471,54.049484079893077,54.049484079893077,0,0,0,-153.30797382509471,-54.049484079893077,-54.049484079893077,87.135647328293615,99.258489745201629,165.65504715434898,0.80000000000000004,0.003087446882277428,0.020871289927057838,1.4879644465040182e-06,1.2889986464870162e-05,4.2072071353428941e-10,plastic_converged,1,5,1.2889988283859566e-05,12.864352671706385
127,undrained_like_zero_volumetric_strain,0.00029999999999999997,-0.00014999999999999999,-0.00014999999999999999,0,0,0,0,153.24997059428665,53.965551444357608,53.965551444357608,0,0,0,-153.24997059428665,-53.965551444357608,-53.965551444357608,87.060357827667289,99.284419149929036,165.68872522460094,0.80000000000000004,0.0031055164221703243,0.021167347384872359,1.48817668798009e-06,1.2524236808530986e-05,4.0889752227690632e-10,plastic_converged,1,5,1.2524242265499197e-05,12.939642172332711
128,undrained_like_zero_volumetric_strain,0.00029999999999999997,-0.00014999999999999999,-0.00014999999999999999,0,0,0,0,153.19312176562511,53.883441875433199,53.883441875433199,0,0,0,-153.19312176562511,-53.883441875433199,-53.883441875433199,86.986668505497164,99.309679890191902,165.72169414187712,0.80000000000000004,0.0031232019177629242,0.021463497346540447,1.4883816903289898e-06,1.2175196388852783e-05,3.9761137914414655e-10,plastic_converged,1,5,1.2175192750873975e-05,13.013331494502836
129,undrained_like_zero_volumetric_strain,0.00029999999999999997,-0.00014999999999999999,-0.00014999999999999999,0,0,0,0,153.13740661491656,53.803115620592713,53.803115620592713,0,0,0,-153.13740661491656,-53.803115620592713,-53.803115620592713,86.914545952034004,99.334290994323851,165.75396843224584,0.80000000000000004,0.0031405113874364387,0.021759737502168676,1.4885797217834185e-06,1.1842008461826481e-05,3.8683493760917049e-10,plastic_converged,1,5,1.1842004823847674e-05,13.085454047965996
130,undrained_like_zero_volumetric_strain,0.00029999999999999997,-0.00014999999999999999,-0.00014999999999999999,0,0,0,0,153.08280468111894,53.724533792131915,53.724533792131915,0,0,0,-153.08280468111894,-53.724533792131915,-53.724533792131915,86.843957421794258,99.358270888987036,165.78556234493925,0.80000000000000004,0.0031574526901467911,0.022056065604693472,1.4887710401259339e-06,1.1523989087436348e-05,3.7654644964090845e-10,plastic_converged,1,5,1.1523989087436348e-05,13.156042578205742
131,undrained_like_zero_volumetric_strain,0.00029999999999999997,-0.00014999999999999999,-0.00014999999999999999,0,0,0,0,153.0292957688917,53.647658348978425,53.647658348978425,0,0,0,-153.0292957688917,-53.647658348978425,-53.647658348978425,86.774870822282864,99.381637419913275,165.81648985651665,0.80000000000000004,0.0031740335281314203,0.022352479468001504,1.4889558931022545e-06,1.1220294254599139e-05,3.667188951070307e-10,plastic_converged,1,5,1.1220290616620332e-05,13.225129177717136
132,undrained_like_zero_volumetric_strain,0.00029999999999999997,-0.00014999999999999999,-0.00014999999999999999,0,0,0,0,152.97685995071703,53.572452078821314,53.572452078821314,0,0,0,-152.97685995071703,-53.572452078821314,-53.572452078821314,86.707254702786543,99.404407871895714,165.84676467502436,0.80000000000000004,0.0031902614495987829,0.022648976965111197,1.4891345188216503e-06,1.0930385542451404e-05,3.5733519971400758e-10,plastic_converged,1,5,1.0930385542451404e-05,13.292745297213457
133,undrained_like_zero_volumetric_strain,0.00029999999999999997,-0.00014999999999999999,-0.00014999999999999999,0,0,0,0,152.92547756862066,53.498878580562945,53.498878580562945,0,0,0,-152.92547756862066,-53.498878580562945,-53.498878580562945,86.641078243248856,99.426598988057719,165.87640024416183,0.80000000000000004,0.0032061438513985262,0.022945556026412614,1.4893071461378959e-06,1.0653469871613197e-05,3.4836992887355651e-10,plastic_converged,1,5,1.0653469871613197e-05,13.358921756751144
134,undrained_like_zero_volumetric_strain,0.00029999999999999997,-0.00014999999999999999,-0.00014999999999999999,0,0,0,0,152.87512923551617,53.42690224708975,53.42690224708975,0,0,0,-152.87512923551617,-53.42690224708975,-53.42690224708975,86.576311243231885,99.448226988426413,165.90540974743459,0.80000000000000004,0.0032216879816705916,0.023242214637964529,1.4894739950193027e-06,1.038899426930584e-05,3.3980546133383435e-10,plastic_converged,1,5,1.0388999726274051e-05,13.423688756768115
135,undrained_like_zero_volumetric_strain,0.00029999999999999997,-0.00014999999999999999,-0.00014999999999999999,0,0,0,0,152.82579583619633,53.356488248362027,53.356488248362027,0,0,0,-152.82579583619633,-53.356488248362027,-53.356488248362027,86.512924110973472,99.469307587834322,165.93380611230219,0.80000000000000004,0.0032369009424715691,0.023538950839846064,1.48963527690041e-06,1.0136351193068549e-05,3.316223594197784e-10,plastic_converged,1,5,1.0136345736100338e-05,13.487075889026528
136,undrained_like_zero_volumetric_strain,0.00029999999999999997,-0.00014999999999999999,-0.00014999999999999999,0,0,0,0,152.77745852799404,53.287602514821238,53.287602514821238,0,0,0,-152.77745852799404,-53.287602514821238,-53.287602514821238,86.450887852545506,99.489856013172798,165.96160201430686,0.80000000000000004,0.0032517896923768782,0.023835762724561785,1.4897911950236083e-06,9.8949622042709962e-06,3.23802106054897e-10,plastic_converged,1,5,9.8949676612392068e-06,13.549112147454494
137,undrained_like_zero_volumetric_strain,0.00029999999999999997,-0.00014999999999999999,-0.00014999999999999999,0,0,0,0,152.73009874113313,53.220211721109315,53.220211721109315,0,0,0,-152.73009874113313,-53.220211721109315,-53.220211721109315,86.39017406111725,99.509887020023825,165.98880988118785,0.80000000000000004,0.0032663610490573946,0.024132648435497811,1.4899419447638514e-06,9.6642379503464326e-06,3.1632579711037981e-10,plastic_converged,1,5,9.664232493378222e-06,13.60982593888275
138,undrained_like_zero_volumetric_strain,0.00029999999999999997,-0.00014999999999999999,-0.00014999999999999999,0,0,0,0,152.68369817879267,53.154283270101736,53.154283270101736,0,0,0,-152.68369817879267,-53.154283270101736,-53.154283270101736,86.330754906332047,99.529414908690924,166.01544189697324,0.80000000000000004,0.003280621691829346,0.024429606165427324,1.4900877139409921e-06,9.4437109510181472e-06,3.0917848931667262e-10,plastic_converged,1,5,9.4437164079863578e-06,13.669245093667953
139,undrained_like_zero_volumetric_strain,0.00029999999999999997,-0.00014999999999999999,-0.00014999999999999999,0,0,0,0,152.63823881689714,53.089785277247778,53.089785277247778,0,0,0,-152.63823881689714,-53.089785277247778,-53.089785277247778,86.272603123797566,99.548453539649358,166.04151000604509,0.80000000000000004,0.0032945781641764349,0.024726634155064486,1.4902286831231727e-06,9.2330483312252909e-06,3.0234962272919016e-10,plastic_converged,1,5,9.2330483312252909e-06,13.727396876202434
140,undrained_like_zero_volumetric_strain,0.00029999999999999997,-0.00014999999999999999,-0.00014999999999999999,0,0,0,0,152.59370290365655,53.026686555217879,53.026686555217879,0,0,0,-152.59370290365655,-53.026686555217879,-53.026686555217879,86.215692004697431,99.567016348438671,166.06702591718192,0.80000000000000004,0.0033082368762431921,0.025023730691664296,1.4903650259138431e-06,9.0315134002594277e-06,2.9581539115778357e-10,plastic_converged,1,5,9.0315079432912171e-06,13.784307995302569
