step,time,feedback_factor,feedback_applied,feedback_class_skipped,feedback_raw_max,feedback_raw_mean,feedback_used_max,feedback_used_mean,feedback_confining_ref,feedback_limited,feedback_relaxed,case,label,route,feedback
0,0.0,0.0,0,0,0.0,0.0,0.0,0.0,0.0,0,0,CaseT4m_AllSurface_FeedbackDelayed,"all-surface f_i, delayed feedback",all_surface,delayed
1,0.000502713,0.0,0,0,0.0,0.0,0.0,0.0,0.0,0,0,CaseT4m_AllSurface_FeedbackDelayed,"all-surface f_i, delayed feedback",all_surface,delayed
2,0.000603254,0.0,0,0,0.0,0.0,0.0,0.0,0.0,0,0,CaseT4m_AllSurface_FeedbackDelayed,"all-surface f_i, delayed feedback",all_surface,delayed
3,0.000703793,0.0,0,0,0.0,0.0,0.0,0.0,0.0,0,0,CaseT4m_AllSurface_FeedbackDelayed,"all-surface f_i, delayed feedback",all_surface,delayed
4,0.000804332,0.0,0,0,0.0,0.0,0.0,0.0,0.0,0,0,CaseT4m_AllSurface_FeedbackDelayed,"all-surface f_i, delayed feedback",all_surface,delayed
5,0.000904872,0.0,0,0,0.0,0.0,0.0,0.0,0.0,0,0,CaseT4m_AllSurface_FeedbackDelayed,"all-surface f_i, delayed feedback",all_surface,delayed
6,0.00100541,0.0,0,0,0.0,0.0,0.0,0.0,0.0,0,0,CaseT4m_AllSurface_FeedbackDelayed,"all-surface f_i, delayed feedback",all_surface,delayed
7,0.00110595,0.0,0,0,0.0,0.0,0.0,0.0,0.0,0,0,CaseT4m_AllSurface_FeedbackDelayed,"all-surface f_i, delayed feedback",all_surface,delayed
8,0.00120649,0.0,0,0,0.0,0.0,0.0,0.0,0.0,0,0,CaseT4m_AllSurface_FeedbackDelayed,"all-surface f_i, delayed feedback",all_surface,delayed
9,0.00130703,0.0,0,0,0.0,0.0,0.0,0.0,0.0,0,0,CaseT4m_AllSurface_FeedbackDelayed,"all-surface f_i, delayed feedback",all_surface,delayed
10,0.00140757,0.0,0,0,0.0,0.0,0.0,0.0,0.0,0,0,CaseT4m_AllSurface_FeedbackDelayed,"all-surface f_i, delayed feedback",all_surface,delayed
11,0.00150811,0.0,0,0,0.0,0.0,0.0,0.0,0.0,0,0,CaseT4m_AllSurface_FeedbackDelayed,"all-surface f_i, delayed feedback",all_surface,delayed
12,0.00160865,0.0,0,0,0.0,0.0,0.0,0.0,0.0,0,0,CaseT4m_AllSurface_FeedbackDelayed,"all-surface f_i, delayed feedback",all_surface,delayed
13,0.0017092,0.0,0,0,0.0,0.0,0.0,0.0,0.0,0,0,CaseT4m_AllSurface_FeedbackDelayed,"all-surface f_i, delayed feedback",all_surface,delayed
14,0.00180974,0.0,0,0,0.0,0.0,0.0,0.0,0.0,0,0,CaseT4m_AllSurface_FeedbackDelayed,"all-surface f_i, delayed feedback",all_surface,delayed
15,0.00191028,0.0,0,0,0.0,0.0,0.0,0.0,0.0,0,0,CaseT4m_AllSurface_FeedbackDelayed,"all-surface f_i, delayed feedback",all_surface,delayed
16,0.00201082,0.0,0,0,0.0,0.0,0.0,0.0,0.0,0,0,CaseT4m_AllSurface_FeedbackDelayed,"all-surface f_i, delayed feedback",all_surface,delayed
17,0.00211136,0.0,0,0,0.0,0.0,0.0,0.0,0.0,0,0,CaseT4m_AllSurface_FeedbackDelayed,"all-surface f_i, delayed feedback",all_surface,delayed
18,0.0022119,0.0,0,0,0.0,0.0,0.0,0.0,0.0,0,0,CaseT4m_AllSurface_FeedbackDelayed,"all-surface f_i, delayed feedback",all_surface,delayed
19,0.00231245,0.0,0,0,0.0,0.0,0.0,0.0,0.0,0,0,CaseT4m_AllSurface_FeedbackDelayed,"all-surface f_i, delayed feedback",all_surface,delayed
20,0.00241299,0.0,0,0,0.0,0.0,0.0,0.0,0.0,0,0,CaseT4m_AllSurface_FeedbackDelayed,"all-surface f_i, delayed feedback",all_surface,delayed
21,0.00251353,0.0,0,0,0.0,0.0,0.0,0.0,0.0,0,0,CaseT4m_AllSurface_FeedbackDelayed,"all-surface f_i, delayed feedback",all_surface,delayed
22,0.00261407,0.0,0,0,0.0,0.0,0.0,0.0,0.0,0,0,CaseT4m_AllSurface_FeedbackDelayed,"all-surface f_i, delayed feedback",all_surface,delayed
23,0.00271462,0.0,0,0,0.0,0.0,0.0,0.0,0.0,0,0,CaseT4m_AllSurface_FeedbackDelayed,"all-surface f_i, delayed feedback",all_surface,delayed
24,0.00281516,0.0,0,0,0.0,0.0,0.0,0.0,0.0,0,0,CaseT4m_AllSurface_FeedbackDelayed,"all-surface f_i, delayed feedback",all_surface,delayed
25,0.0029157,0.0,0,0,0.0,0.0,0.0,0.0,0.0,0,0,CaseT4m_AllSurface_FeedbackDelayed,"all-surface f_i, delayed feedback",all_surface,delayed
26,0.00301624,0.0108276,63,344,0.462598,0.37362,0.462598,0.37362,1.92646,0,0,CaseT4m_AllSurface_FeedbackDelayed,"all-surface f_i, delayed feedback",all_surface,delayed
27,0.00311678,0.0778552,63,344,3.70476,3.19806,3.70476,3.19806,1.92646,0,0,CaseT4m_AllSurface_FeedbackDelayed,"all-surface f_i, delayed feedback",all_surface,delayed
28,0.00321732,0.144883,63,344,6.78417,5.31884,6.78417,5.31884,1.92646,0,0,CaseT4m_AllSurface_FeedbackDelayed,"all-surface f_i, delayed feedback",all_surface,delayed
29,0.00331787,0.21191,63,344,5.03025,3.60403,5.03025,3.60403,1.92646,0,0,CaseT4m_AllSurface_FeedbackDelayed,"all-surface f_i, delayed feedback",all_surface,delayed
30,0.00341841,0.278937,63,344,9.20195,6.29591,9.20195,6.29591,1.92646,0,0,CaseT4m_AllSurface_FeedbackDelayed,"all-surface f_i, delayed feedback",all_surface,delayed
31,0.00351894,0.345962,63,344,20.5364,15.6534,20.5364,15.6534,1.92646,0,0,CaseT4m_AllSurface_FeedbackDelayed,"all-surface f_i, delayed feedback",all_surface,delayed
32,0.00361948,0.412988,63,344,5.94483,4.57419,5.94483,4.57419,1.92646,0,0,CaseT4m_AllSurface_FeedbackDelayed,"all-surface f_i, delayed feedback",all_surface,delayed
33,0.00372002,0.48001,63,344,54.7199,38.3645,54.7199,38.3645,1.92646,0,0,CaseT4m_AllSurface_FeedbackDelayed,"all-surface f_i, delayed feedback",all_surface,delayed
34,0.00382055,0.54703,63,344,27.1993,15.5793,27.1993,15.5793,1.92646,0,0,CaseT4m_AllSurface_FeedbackDelayed,"all-surface f_i, delayed feedback",all_surface,delayed
35,0.00392108,0.614052,63,344,152.558,113.416,152.558,113.416,1.92647,0,0,CaseT4m_AllSurface_FeedbackDelayed,"all-surface f_i, delayed feedback",all_surface,delayed
36,0.0040216,0.681065,63,344,64.1496,46.2559,64.1496,46.2559,1.92646,0,0,CaseT4m_AllSurface_FeedbackDelayed,"all-surface f_i, delayed feedback",all_surface,delayed
37,0.00412211,0.748076,63,344,500.544,369.834,500.544,369.834,1.92644,0,0,CaseT4m_AllSurface_FeedbackDelayed,"all-surface f_i, delayed feedback",all_surface,delayed
38,0.0042226,0.815064,63,344,112.871,65.7618,112.871,65.7618,1.92646,0,0,CaseT4m_AllSurface_FeedbackDelayed,"all-surface f_i, delayed feedback",all_surface,delayed
39,0.00432307,0.882047,63,344,1745.73,1307.94,1745.73,1307.94,1.92654,0,0,CaseT4m_AllSurface_FeedbackDelayed,"all-surface f_i, delayed feedback",all_surface,delayed
40,0.00442344,0.948958,63,344,997.968,693.578,997.968,693.578,1.92643,0,0,CaseT4m_AllSurface_FeedbackDelayed,"all-surface f_i, delayed feedback",all_surface,delayed
41,0.00452366,1.0,63,344,6365.17,4756.8,6365.17,4756.8,1.92628,0,0,CaseT4m_AllSurface_FeedbackDelayed,"all-surface f_i, delayed feedback",all_surface,delayed
42,0.00462354,1.0,63,344,11726.7,8394.73,11726.7,8394.73,1.92676,0,0,CaseT4m_AllSurface_FeedbackDelayed,"all-surface f_i, delayed feedback",all_surface,delayed
43,0.00472278,1.0,63,344,10531.4,8395.15,10531.4,8395.15,1.92689,0,0,CaseT4m_AllSurface_FeedbackDelayed,"all-surface f_i, delayed feedback",all_surface,delayed
44,0.0048207,1.0,63,344,54861.4,39198.8,54861.4,39198.8,1.9253,0,0,CaseT4m_AllSurface_FeedbackDelayed,"all-surface f_i, delayed feedback",all_surface,delayed
45,0.00491653,1.0,63,344,24105.4,13956.3,24105.4,13956.3,1.92665,0,0,CaseT4m_AllSurface_FeedbackDelayed,"all-surface f_i, delayed feedback",all_surface,delayed
46,0.00501076,1.0,63,344,173505.0,123020.0,173505.0,123020.0,1.93265,0,0,CaseT4m_AllSurface_FeedbackDelayed,"all-surface f_i, delayed feedback",all_surface,delayed
47,0.00509416,1.0,63,344,123157.0,79597.8,123157.0,79597.8,1.92439,0,0,CaseT4m_AllSurface_FeedbackDelayed,"all-surface f_i, delayed feedback",all_surface,delayed
48,0.00514492,1.0,63,344,406805.0,286453.0,406805.0,286453.0,1.92133,0,0,CaseT4m_AllSurface_FeedbackDelayed,"all-surface f_i, delayed feedback",all_surface,delayed
49,0.0051696,1.0,63,344,411342.0,293629.0,411342.0,293629.0,1.921,0,0,CaseT4m_AllSurface_FeedbackDelayed,"all-surface f_i, delayed feedback",all_surface,delayed
50,0.00521123,1.0,63,344,27249.7,19996.7,27249.7,19996.7,1.92497,0,0,CaseT4m_AllSurface_FeedbackDelayed,"all-surface f_i, delayed feedback",all_surface,delayed
51,0.00523515,1.0,63,344,305395.0,208161.0,305395.0,208161.0,1.93412,0,0,CaseT4m_AllSurface_FeedbackDelayed,"all-surface f_i, delayed feedback",all_surface,delayed
52,0.00524979,1.0,63,344,487527.0,330286.0,487527.0,330286.0,1.93988,0,0,CaseT4m_AllSurface_FeedbackDelayed,"all-surface f_i, delayed feedback",all_surface,delayed
53,0.00526441,1.0,63,344,614168.0,414336.0,614168.0,414336.0,1.94362,0,0,CaseT4m_AllSurface_FeedbackDelayed,"all-surface f_i, delayed feedback",all_surface,delayed
54,0.00528307,1.0,59,348,666958.0,442810.0,666958.0,442810.0,1.94527,0,0,CaseT4m_AllSurface_FeedbackDelayed,"all-surface f_i, delayed feedback",all_surface,delayed
55,0.00531487,1.0,59,348,486334.0,328516.0,486334.0,328516.0,1.93899,0,0,CaseT4m_AllSurface_FeedbackDelayed,"all-surface f_i, delayed feedback",all_surface,delayed
56,0.0053339,1.0,59,348,214958.0,152177.0,214958.0,152177.0,1.93048,0,0,CaseT4m_AllSurface_FeedbackDelayed,"all-surface f_i, delayed feedback",all_surface,delayed
57,0.00534433,1.0,59,348,40557.5,31660.9,40557.5,31660.9,1.92662,0,0,CaseT4m_AllSurface_FeedbackDelayed,"all-surface f_i, delayed feedback",all_surface,delayed
58,0.00535354,1.0,59,348,136583.0,84179.6,136583.0,84179.6,1.92313,0,0,CaseT4m_AllSurface_FeedbackDelayed,"all-surface f_i, delayed feedback",all_surface,delayed
59,0.00536262,1.0,59,348,298424.0,193463.0,298424.0,193463.0,1.92105,0,0,CaseT4m_AllSurface_FeedbackDelayed,"all-surface f_i, delayed feedback",all_surface,delayed
60,0.00537186,1.0,59,348,229312.0,155737.0,229312.0,155737.0,1.91968,0,0,CaseT4m_AllSurface_FeedbackDelayed,"all-surface f_i, delayed feedback",all_surface,delayed
61,0.00538162,1.0,59,348,379280.0,256577.0,379280.0,256577.0,1.9184,0,0,CaseT4m_AllSurface_FeedbackDelayed,"all-surface f_i, delayed feedback",all_surface,delayed
62,0.00539235,1.0,59,348,523657.0,353125.0,523657.0,353125.0,1.91721,0,0,CaseT4m_AllSurface_FeedbackDelayed,"all-surface f_i, delayed feedback",all_surface,delayed
63,0.00540386,1.0,59,348,642234.0,431661.0,642234.0,431661.0,1.91626,0,0,CaseT4m_AllSurface_FeedbackDelayed,"all-surface f_i, delayed feedback",all_surface,delayed
64,0.00541687,1.0,59,348,717234.0,480356.0,717234.0,480356.0,1.91568,0,0,CaseT4m_AllSurface_FeedbackDelayed,"all-surface f_i, delayed feedback",all_surface,delayed
65,0.00543268,1.0,59,348,709565.0,473483.0,709565.0,473483.0,1.91575,0,0,CaseT4m_AllSurface_FeedbackDelayed,"all-surface f_i, delayed feedback",all_surface,delayed
66,0.00545446,1.0,59,348,512572.0,341563.0,512572.0,341563.0,1.91734,0,0,CaseT4m_AllSurface_FeedbackDelayed,"all-surface f_i, delayed feedback",all_surface,delayed
67,0.00547476,1.0,59,348,203281.0,111093.0,203281.0,111093.0,1.92029,0,0,CaseT4m_AllSurface_FeedbackDelayed,"all-surface f_i, delayed feedback",all_surface,delayed
68,0.00548626,1.0,59,348,78871.6,48170.2,78871.6,48170.2,1.92243,0,0,CaseT4m_AllSurface_FeedbackDelayed,"all-surface f_i, delayed feedback",all_surface,delayed
69,0.00549577,1.0,59,348,279061.0,178664.0,279061.0,178664.0,1.92538,0,0,CaseT4m_AllSurface_FeedbackDelayed,"all-surface f_i, delayed feedback",all_surface,delayed
70,0.00550508,1.0,59,348,251461.0,177748.0,251461.0,177748.0,1.92873,0,0,CaseT4m_AllSurface_FeedbackDelayed,"all-surface f_i, delayed feedback",all_surface,delayed
71,0.00551467,1.0,59,348,420349.0,290540.0,420349.0,290540.0,1.9319,0,0,CaseT4m_AllSurface_FeedbackDelayed,"all-surface f_i, delayed feedback",all_surface,delayed
72,0.00552514,1.0,51,356,578926.0,384114.0,578926.0,384114.0,1.93507,0,0,CaseT4m_AllSurface_FeedbackDelayed,"all-surface f_i, delayed feedback",all_surface,delayed
73,0.00553664,1.0,51,356,734006.0,476566.0,734006.0,476566.0,1.93797,0,0,CaseT4m_AllSurface_FeedbackDelayed,"all-surface f_i, delayed feedback",all_surface,delayed
74,0.00554851,1.0,51,356,852388.0,542255.0,852388.0,542255.0,1.94027,0,0,CaseT4m_AllSurface_FeedbackDelayed,"all-surface f_i, delayed feedback",all_surface,delayed
75,0.00556048,1.0,51,356,910286.0,572899.0,910286.0,572899.0,1.9418,0,0,CaseT4m_AllSurface_FeedbackDelayed,"all-surface f_i, delayed feedback",all_surface,delayed
76,0.00557255,1.0,51,356,896918.0,564290.0,896918.0,564290.0,1.94247,0,0,CaseT4m_AllSurface_FeedbackDelayed,"all-surface f_i, delayed feedback",all_surface,delayed
77,0.00558471,1.0,51,356,805637.0,514404.0,805637.0,514404.0,1.9423,0,0,CaseT4m_AllSurface_FeedbackDelayed,"all-surface f_i, delayed feedback",all_surface,delayed
78,0.00559689,1.0,51,356,637186.0,424551.0,637186.0,424551.0,1.94136,0,0,CaseT4m_AllSurface_FeedbackDelayed,"all-surface f_i, delayed feedback",all_surface,delayed
79,0.00560659,1.0,51,356,480052.0,327962.0,480052.0,327962.0,1.94014,0,0,CaseT4m_AllSurface_FeedbackDelayed,"all-surface f_i, delayed feedback",all_surface,delayed
80,0.00561462,1.0,51,356,221199.0,166761.0,221199.0,166761.0,1.9389,0,0,CaseT4m_AllSurface_FeedbackDelayed,"all-surface f_i, delayed feedback",all_surface,delayed
81,0.00562191,1.0,51,356,105384.0,78223.8,105384.0,78223.8,1.93766,0,0,CaseT4m_AllSurface_FeedbackDelayed,"all-surface f_i, delayed feedback",all_surface,delayed
82,0.00562893,1.0,51,356,122913.0,58849.5,122913.0,58849.5,1.93643,0,0,CaseT4m_AllSurface_FeedbackDelayed,"all-surface f_i, delayed feedback",all_surface,delayed
83,0.00563589,1.0,51,356,276301.0,125052.0,276301.0,125052.0,1.93523,0,0,CaseT4m_AllSurface_FeedbackDelayed,"all-surface f_i, delayed feedback",all_surface,delayed
84,0.0056429,1.0,51,356,423870.0,207314.0,423870.0,207314.0,1.93407,0,0,CaseT4m_AllSurface_FeedbackDelayed,"all-surface f_i, delayed feedback",all_surface,delayed
85,0.00565013,1.0,51,356,562930.0,291430.0,562930.0,291430.0,1.93294,0,0,CaseT4m_AllSurface_FeedbackDelayed,"all-surface f_i, delayed feedback",all_surface,delayed
86,0.00565777,1.0,51,356,691593.0,373384.0,691593.0,373384.0,1.93187,0,0,CaseT4m_AllSurface_FeedbackDelayed,"all-surface f_i, delayed feedback",all_surface,delayed
87,0.00566611,1.0,51,356,822850.0,450481.0,822850.0,450481.0,1.93088,0,0,CaseT4m_AllSurface_FeedbackDelayed,"all-surface f_i, delayed feedback",all_surface,delayed
88,0.0056756,1.0,51,356,939289.0,518690.0,939289.0,518690.0,1.93001,0,0,CaseT4m_AllSurface_FeedbackDelayed,"all-surface f_i, delayed feedback",all_surface,delayed
89,0.00568716,1.0,51,356,1019100.0,568976.0,1019100.0,568976.0,1.92942,0,0,CaseT4m_AllSurface_FeedbackDelayed,"all-surface f_i, delayed feedback",all_surface,delayed
90,0.00570031,1.0,51,356,568816.0,329075.0,568816.0,329075.0,1.92946,0,0,CaseT4m_AllSurface_FeedbackDelayed,"all-surface f_i, delayed feedback",all_surface,delayed
91,0.00571392,1.0,51,356,485488.0,290890.0,485488.0,290890.0,1.93016,0,0,CaseT4m_AllSurface_FeedbackDelayed,"all-surface f_i, delayed feedback",all_surface,delayed
92,0.00572799,1.0,51,356,350528.0,218485.0,350528.0,218485.0,1.93141,0,0,CaseT4m_AllSurface_FeedbackDelayed,"all-surface f_i, delayed feedback",all_surface,delayed
93,0.00574167,1.0,51,356,199340.0,122288.0,199340.0,122288.0,1.93309,0,0,CaseT4m_AllSurface_FeedbackDelayed,"all-surface f_i, delayed feedback",all_surface,delayed
94,0.00575506,1.0,51,356,49251.9,32711.2,49251.9,32711.2,1.93506,0,0,CaseT4m_AllSurface_FeedbackDelayed,"all-surface f_i, delayed feedback",all_surface,delayed
95,0.00576696,1.0,51,356,208906.0,99982.6,208906.0,99982.6,1.93697,0,0,CaseT4m_AllSurface_FeedbackDelayed,"all-surface f_i, delayed feedback",all_surface,delayed
96,0.00577847,1.0,51,356,367482.0,195080.0,367482.0,195080.0,1.93882,0,0,CaseT4m_AllSurface_FeedbackDelayed,"all-surface f_i, delayed feedback",all_surface,delayed
97,0.00579026,1.0,51,356,505000.0,281110.0,505000.0,281110.0,1.94057,0,0,CaseT4m_AllSurface_FeedbackDelayed,"all-surface f_i, delayed feedback",all_surface,delayed
98,0.0058031,1.0,51,356,618127.0,352389.0,618127.0,352389.0,1.94214,0,0,CaseT4m_AllSurface_FeedbackDelayed,"all-surface f_i, delayed feedback",all_surface,delayed
99,0.00581743,1.0,51,356,687839.0,395735.0,687839.0,395735.0,1.9433,0,0,CaseT4m_AllSurface_FeedbackDelayed,"all-surface f_i, delayed feedback",all_surface,delayed
100,0.00583245,1.0,51,356,434621.0,255992.0,434621.0,255992.0,1.94365,0,0,CaseT4m_AllSurface_FeedbackDelayed,"all-surface f_i, delayed feedback",all_surface,delayed
101,0.00584821,1.0,51,356,323582.0,211164.0,323582.0,211164.0,1.94309,0,0,CaseT4m_AllSurface_FeedbackDelayed,"all-surface f_i, delayed feedback",all_surface,delayed
102,0.00586391,1.0,51,356,166654.0,135182.0,166654.0,135182.0,1.94171,0,0,CaseT4m_AllSurface_FeedbackDelayed,"all-surface f_i, delayed feedback",all_surface,delayed
103,0.00587963,1.0,51,356,97448.4,56933.4,97448.4,56933.4,1.93964,0,0,CaseT4m_AllSurface_FeedbackDelayed,"all-surface f_i, delayed feedback",all_surface,delayed
104,0.00589506,1.0,51,356,241764.0,97018.0,241764.0,97018.0,1.93716,0,0,CaseT4m_AllSurface_FeedbackDelayed,"all-surface f_i, delayed feedback",all_surface,delayed
105,0.00590982,1.0,51,356,407878.0,177826.0,407878.0,177826.0,1.93463,0,0,CaseT4m_AllSurface_FeedbackDelayed,"all-surface f_i, delayed feedback",all_surface,delayed
106,0.00592444,1.0,51,356,530486.0,253673.0,530486.0,253673.0,1.93228,0,0,CaseT4m_AllSurface_FeedbackDelayed,"all-surface f_i, delayed feedback",all_surface,delayed
107,0.00593937,1.0,51,356,599391.0,302844.0,599391.0,302844.0,1.93032,0,0,CaseT4m_AllSurface_FeedbackDelayed,"all-surface f_i, delayed feedback",all_surface,delayed
108,0.00595478,1.0,51,356,602022.0,312714.0,602022.0,312714.0,1.92906,0,0,CaseT4m_AllSurface_FeedbackDelayed,"all-surface f_i, delayed feedback",all_surface,delayed
109,0.00597157,1.0,51,356,519298.0,270548.0,519298.0,270548.0,1.92883,0,0,CaseT4m_AllSurface_FeedbackDelayed,"all-surface f_i, delayed feedback",all_surface,delayed
110,0.00598838,1.0,51,356,168424.0,71366.0,168424.0,71366.0,1.92988,0,0,CaseT4m_AllSurface_FeedbackDelayed,"all-surface f_i, delayed feedback",all_surface,delayed
