case,label,kind,scale,relax,limiter,time,part,region,count,porepress_mean,porepress_min,porepress_max,excess_mean,porepressrate_mean,porepressrate_maxabs,divvel_mean,divvel_maxabs,velocity_max,kplastic_max
CaseT4f_AxialGentle_RelaxA02CapR25A50,axial smoke,axial smoke,1.0,0.2,3,0.0,0,all,407,0.0,0.0,0.0,0.0,0.0,0.0,0.0,0.0,0.0,0.0
CaseT4f_AxialGentle_RelaxA02CapR25A50,axial smoke,axial smoke,1.0,0.2,3,0.0,0,center_core,45,0.0,0.0,0.0,0.0,0.0,0.0,0.0,0.0,0.0,0.0
CaseT4f_AxialGentle_RelaxA02CapR25A50,axial smoke,axial smoke,1.0,0.2,3,0.0,0,specimen_no_caps_edge,147,0.0,0.0,0.0,0.0,0.0,0.0,0.0,0.0,0.0,0.0
CaseT4f_AxialGentle_RelaxA02CapR25A50,axial smoke,axial smoke,1.0,0.2,3,0.000503,1,all,407,0.0,0.0,0.0,0.0,0.0,0.0,0.0,0.0,0.0,0.0
CaseT4f_AxialGentle_RelaxA02CapR25A50,axial smoke,axial smoke,1.0,0.2,3,0.000503,1,center_core,45,0.0,0.0,0.0,0.0,0.0,0.0,0.0,0.0,0.0,0.0
CaseT4f_AxialGentle_RelaxA02CapR25A50,axial smoke,axial smoke,1.0,0.2,3,0.000503,1,specimen_no_caps_edge,147,0.0,0.0,0.0,0.0,0.0,0.0,0.0,0.0,0.0,0.0
CaseT4f_AxialGentle_RelaxA02CapR25A50,axial smoke,axial smoke,1.0,0.2,3,0.000804,2,all,407,632.9717974725647,3.825858904116,1362.021307252,632.9717974725647,3532970.3441867325,7526067.0,-0.0052994558119828,0.011291088,0.00029019344208488525,0.0
CaseT4f_AxialGentle_RelaxA02CapR25A50,axial smoke,axial smoke,1.0,0.2,3,0.000804,2,center_core,45,627.2367034510555,242.8336856286,774.4803221052,627.2367034510555,3636444.9511111123,4435425.5,-0.005453635519999999,0.0066526914,2.100043359092403e-05,0.0
CaseT4f_AxialGentle_RelaxA02CapR25A50,axial smoke,axial smoke,1.0,0.2,3,0.000804,2,specimen_no_caps_edge,147,699.0619982319586,185.7127008813,1005.687898105,699.0619982319586,3959455.436734694,5638291.5,-0.005938634617006802,0.0084580779,3.057459600000004e-05,0.0
CaseT4f_AxialGentle_RelaxA02CapR25A50,axial smoke,axial smoke,1.0,0.2,3,0.001005,3,all,407,1789.5462488918743,-2.380450610536,3779.237035022,1789.5462488918743,6483568.543402948,13487974.0,-0.009725353472923833,0.020239539,0.000490818005229075,0.0
CaseT4f_AxialGentle_RelaxA02CapR25A50,axial smoke,axial smoke,1.0,0.2,3,0.001005,3,center_core,45,1906.3274844674866,902.3206966517,2299.99376773,1906.3274844674866,7294107.5,8654424.0,-0.010937904517777777,0.012980542,5.483188753322316e-05,0.0
CaseT4f_AxialGentle_RelaxA02CapR25A50,axial smoke,axial smoke,1.0,0.2,3,0.001005,3,specimen_no_caps_edge,105,2208.506791983923,902.3206966517,2863.70582653,2208.506791983923,8165852.528571429,10430536.0,-0.012246579859999999,0.015648499,7.539291300000099e-05,0.0
CaseT4f_AxialGentle_RelaxA02CapR25A50,axial smoke,axial smoke,1.0,0.2,3,0.001307,4,all,407,4467.690963739806,-109.7960576837,9264.389737151,4467.690963739806,9756472.763243245,19864534.0,-0.014634710097764127,0.029818565,0.0007024560749745492,0.0
CaseT4f_AxialGentle_RelaxA02CapR25A50,axial smoke,axial smoke,1.0,0.2,3,0.001307,4,center_core,45,5119.7477137912,2861.406804407,6042.100098469,5119.7477137912,12022588.277777778,13897607.0,-0.018027036888888893,0.020845482,0.0001217900928951566,0.0
CaseT4f_AxialGentle_RelaxA02CapR25A50,axial smoke,axial smoke,1.0,0.2,3,0.001307,4,specimen_no_caps_edge,105,5648.660706473477,2861.406804407,7186.452138123,5648.660706473477,12624005.51904762,15760596.0,-0.018930343828571426,0.023649182,0.0001545909949870255,0.0
CaseT4f_AxialGentle_RelaxA02CapR25A50,axial smoke,axial smoke,1.0,0.2,3,0.001508,5,all,407,6454.138810756443,1105.240599935,11145.75907516,6454.138810756443,10122651.574520884,20553828.0,-0.01518397842031941,0.030838251,0.0007338431615578916,0.0
CaseT4f_AxialGentle_RelaxA02CapR25A50,axial smoke,axial smoke,1.0,0.2,3,0.001508,5,center_core,45,8066.048345764578,6556.349166077,8968.521279701,8066.048345764578,13054138.266666668,14915118.0,-0.019576575955555557,0.022368418,0.0001662238156021183,0.0
CaseT4f_AxialGentle_RelaxA02CapR25A50,axial smoke,axial smoke,1.0,0.2,3,0.001508,5,specimen_no_caps_edge,105,8739.82128888499,6556.349166077,9840.447518161,8739.82128888499,13150498.60952381,16304304.0,-0.01972757075238095,0.024459094,0.000196490739318912,0.0
CaseT4f_AxialGentle_RelaxA02CapR25A50,axial smoke,axial smoke,1.0,0.2,3,0.00181,6,all,407,9184.520075011964,1267.864049292,16662.34450285,9184.520075011964,8232501.041081082,17878728.0,-0.01234875251007371,0.026865335,0.000655086324980849,0.0
CaseT4f_AxialGentle_RelaxA02CapR25A50,axial smoke,axial smoke,1.0,0.2,3,0.00181,6,center_core,45,11669.687527757646,9253.759694171,13063.25475069,11669.687527757646,10926148.533333333,12402734.0,-0.01638495131111111,0.018604135,0.00022027294615433552,0.0
CaseT4f_AxialGentle_RelaxA02CapR25A50,axial smoke,axial smoke,1.0,0.2,3,0.00181,6,specimen_no_caps_edge,105,12217.858957533084,9253.759694171,14175.81029605,12217.858957533084,10275183.919047618,12913427.0,-0.015410155828571429,0.019378822,0.00022624833045970308,0.0
CaseT4f_AxialGentle_RelaxA02CapR25A50,axial smoke,axial smoke,1.0,0.2,3,0.002011,7,all,407,10483.32480068723,1404.162897408,19567.70169066,10483.32480068723,5811423.925798526,14575697.0,-0.008717136715552826,0.021935329,0.0005693880593839538,0.0
CaseT4f_AxialGentle_RelaxA02CapR25A50,axial smoke,axial smoke,1.0,0.2,3,0.002011,7,center_core,45,13362.092900431113,10636.90959372,14995.49161284,13362.092900431113,7471129.222222222,8564352.0,-0.01120349634,0.012849775,0.0002521260944611597,0.0
CaseT4f_AxialGentle_RelaxA02CapR25A50,axial smoke,axial smoke,1.0,0.2,3,0.002011,7,specimen_no_caps_edge,105,13727.15372522619,10636.90959372,16139.46096096,13727.15372522619,6488144.438095238,8616213.0,-0.009725881865714285,0.012935287,0.0002521260944611597,0.0
CaseT4f_AxialGentle_RelaxA02CapR25A50,axial smoke,axial smoke,1.0,0.2,3,0.002312,8,all,407,11359.831329596798,1441.452998997,22245.29930674,11359.831329596798,1407923.2445872237,8563701.0,-0.0021118854202285013,0.012949703,0.00043502051399402767,0.0
CaseT4f_AxialGentle_RelaxA02CapR25A50,axial smoke,axial smoke,1.0,0.2,3,0.002312,8,center_core,45,14265.414551888443,11533.87655633,16100.59328863,14265.414551888443,632296.2955111112,2705431.8,-0.0009463364858,0.0040399982,0.0002988600093760834,0.0
CaseT4f_AxialGentle_RelaxA02CapR25A50,axial smoke,axial smoke,1.0,0.2,3,0.002312,8,specimen_no_caps_edge,105,14287.61687372162,11533.87655633,17179.2064054,14287.61687372162,-544114.1693523809,2705431.8,0.0008301044029428572,0.0040399982,0.0002988600093760834,0.0
CaseT4f_AxialGentle_RelaxA02CapR25A50,axial smoke,axial smoke,1.0,0.2,3,0.002514,9,all,407,11059.083688945526,3003.924813765,18994.95452864,11059.083688945526,-1484462.79392629,7059689.0,0.0022266941324324326,0.010580467,0.0004884326788301348,0.0
CaseT4f_AxialGentle_RelaxA02CapR25A50,axial smoke,axial smoke,1.0,0.2,3,0.002514,9,center_core,45,13770.901335490891,12087.14330987,15180.44496494,13770.901335490891,-4035199.5311111105,4453331.0,0.006057070720000001,0.0066841501,0.00032111690182548943,0.0
CaseT4f_AxialGentle_RelaxA02CapR25A50,axial smoke,axial smoke,1.0,0.2,3,0.002514,9,specimen_no_caps_edge,105,14609.414087992378,12087.14330987,16239.96953821,14609.414087992378,-5215042.394285715,7059689.0,0.007818607441904761,0.010580467,0.00032111690182548943,0.0
CaseT4f_AxialGentle_RelaxA02CapR25A50,axial smoke,axial smoke,1.0,0.2,3,0.002815,10,all,407,9872.760379884505,2400.119853631,18656.21354452,9872.760379884505,-5018202.7334078625,12614361.0,0.007527304338610565,0.018936519,0.0005307189704852089,0.0
CaseT4f_AxialGentle_RelaxA02CapR25A50,axial smoke,axial smoke,1.0,0.2,3,0.002815,10,center_core,45,11385.03855427178,10013.37725424,13019.66655632,11385.03855427178,-9567762.033333333,10306320.0,0.014358620273333334,0.015467505,0.000337353763907775,0.0
CaseT4f_AxialGentle_RelaxA02CapR25A50,axial smoke,axial smoke,1.0,0.2,3,0.002815,10,specimen_no_caps_edge,105,11867.604749015714,10013.37725424,13598.60510882,11867.604749015714,-10771801.842857143,12614361.0,0.016166248060000003,0.018936519,0.000337353763907775,0.0
CaseT4f_AxialGentle_RelaxA02CapR25A50,axial smoke,axial smoke,1.0,0.2,3,0.003016,11,all,407,8624.105610993516,1805.699312131,17771.8726751,8624.105610993516,-6542685.97019656,14910718.0,0.009814029336683048,0.022396978,0.0005356613500000002,0.0
CaseT4f_AxialGentle_RelaxA02CapR25A50,axial smoke,axial smoke,1.0,0.2,3,0.003016,11,center_core,45,9137.565185488489,7802.617120451,11443.30907719,9137.565185488489,-11583883.044444444,12677567.0,0.01738528928888889,0.019026283,0.0003321181327112288,0.0
CaseT4f_AxialGentle_RelaxA02CapR25A50,axial smoke,axial smoke,1.0,0.2,3,0.003016,11,specimen_no_caps_edge,105,9357.285764224687,7802.617120451,11443.30907719,9357.285764224687,-12934598.133333333,14910718.0,0.01941970642857143,0.022396978,0.00034976422229529255,0.0
CaseT4f_AxialGentle_RelaxA02CapR25A50,axial smoke,axial smoke,1.0,0.2,3,0.003318,12,all,407,7802.985458251607,1540.045784938,16962.83679542,7802.985458251607,3655135.9666584763,13242964.0,-0.005482704772432433,0.019891748,0.0017659538344721613,0.0
CaseT4f_AxialGentle_RelaxA02CapR25A50,axial smoke,axial smoke,1.0,0.2,3,0.003318,12,center_core,45,7596.481653595423,6496.219482513,11058.02120663,7596.481653595423,5020780.2422222225,11376611.0,-0.007519893411111112,0.017095033,0.0011743075709078257,0.0
CaseT4f_AxialGentle_RelaxA02CapR25A50,axial smoke,axial smoke,1.0,0.2,3,0.003318,12,specimen_no_caps_edge,105,6919.885429788001,5327.740772851,11058.02120663,6919.885429788001,-30229.14600000002,11376611.0,7.685347057142853e-05,0.017095033,0.0013044951339849114,0.0
CaseT4f_AxialGentle_RelaxA02CapR25A50,axial smoke,axial smoke,1.0,0.2,3,0.003519,13,all,407,13874.069421308915,6431.451890101,21188.65995854,13874.069421308915,41892653.875921376,78383840.0,-0.0628389849987715,0.11758681,0.005326050315350972,0.0
CaseT4f_AxialGentle_RelaxA02CapR25A50,axial smoke,axial smoke,1.0,0.2,3,0.003519,13,center_core,45,17248.753500494,16527.45963587,18304.68380194,17248.753500494,65655695.02222222,72397992.0,-0.09847573122222222,0.10859732,0.0031654885121638874,0.0
CaseT4f_AxialGentle_RelaxA02CapR25A50,axial smoke,axial smoke,1.0,0.2,3,0.003519,13,specimen_no_caps_edge,105,16347.37617268638,14709.2130773,18304.68380194,16347.37617268638,50047230.4,72397992.0,-0.07506746715238095,0.10859732,0.0038540300293317107,0.0
CaseT4f_AxialGentle_RelaxA02CapR25A50,axial smoke,axial smoke,1.0,0.2,3,0.003821,14,all,407,22693.574064722456,-2775.700992579,58408.78627972,22693.574064722456,2686116.8073710073,176406780.0,-0.004029177527272727,0.26483646,0.014941521510917198,0.0
CaseT4f_AxialGentle_RelaxA02CapR25A50,axial smoke,axial smoke,1.0,0.2,3,0.003821,14,center_core,45,23275.442740837556,15695.89452634,29706.72362612,23275.442740837556,-54252695.93333333,121485460.0,0.08134092824444446,0.18220018,0.007718851340976383,0.0
CaseT4f_AxialGentle_RelaxA02CapR25A50,axial smoke,axial smoke,1.0,0.2,3,0.003821,14,specimen_no_caps_edge,105,20650.32409140619,12688.07264612,29706.72362612,20650.32409140619,-40147726.92380952,121485460.0,0.06025498574761905,0.18220018,0.007857732346450479,0.0
CaseT4f_AxialGentle_RelaxA02CapR25A50,axial smoke,axial smoke,1.0,0.2,3,0.004022,15,all,407,17657.819149157775,-43801.39403634,100807.3086026,17657.819149157775,-18170802.686240785,260377390.0,0.02725619223832924,0.39089766,0.023632185017174297,0.0
CaseT4f_AxialGentle_RelaxA02CapR25A50,axial smoke,axial smoke,1.0,0.2,3,0.004022,15,center_core,45,5500.307727308435,-9179.363449972,14245.94903964,5500.307727308435,-39430058.53333333,106332500.0,0.059249224,0.15968853,0.014299118262511611,0.0
CaseT4f_AxialGentle_RelaxA02CapR25A50,axial smoke,axial smoke,1.0,0.2,3,0.004022,15,specimen_no_caps_edge,105,5410.606597016085,-10138.07564513,28458.46299903,5410.606597016085,-48573412.85047619,108373660.0,0.07302887618095238,0.16295661,0.014299118262511611,0.0
CaseT4f_AxialGentle_RelaxA02CapR25A50,axial smoke,axial smoke,1.0,0.2,3,0.004323,16,all,407,40391.65197175468,-185210.3357033,172091.0032711,40391.65197175468,101361479.7936118,705329980.0,-0.15204231227518428,1.0595195,0.03573164968724467,0.0
CaseT4f_AxialGentle_RelaxA02CapR25A50,axial smoke,axial smoke,1.0,0.2,3,0.004323,16,center_core,45,87627.98454015843,61268.58707468,126966.812566,87627.98454015843,310970652.2222222,507613280.0,-0.46666819133333326,0.76209509,0.02733884400000022,0.0
CaseT4f_AxialGentle_RelaxA02CapR25A50,axial smoke,axial smoke,1.0,0.2,3,0.004323,16,specimen_no_caps_edge,105,52943.78723636383,-7129.239719592,126966.812566,52943.78723636383,180402203.24761903,507613280.0,-0.2703997105047619,0.76209509,0.02733884400000022,0.0
CaseT4f_AxialGentle_RelaxA02CapR25A50,axial smoke,axial smoke,1.0,0.2,3,0.004524,17,all,407,44788.84813605202,-61623.59750751,103742.658773,44788.84813605202,18070225.303439803,724431940.0,-0.02710535502997543,1.0867151,0.043547405123724646,0.0
CaseT4f_AxialGentle_RelaxA02CapR25A50,axial smoke,axial smoke,1.0,0.2,3,0.004524,17,center_core,45,50808.892933355564,17668.20971856,72736.11998285,50808.892933355564,-218957682.7111111,611221250.0,0.3283167899111111,0.91669649,0.035064578000000075,0.0
CaseT4f_AxialGentle_RelaxA02CapR25A50,axial smoke,axial smoke,1.0,0.2,3,0.004524,17,specimen_no_caps_edge,105,51018.91641840428,17668.20971856,72736.11998285,51018.91641840428,-185117380.97142857,611221250.0,0.2776127911809524,0.91669649,0.035064578000000075,0.0
CaseT4f_AxialGentle_RelaxA02CapR25A50,axial smoke,axial smoke,1.0,0.2,3,0.004825,18,all,407,35428.67052135522,-241693.7415037,301018.209429,35428.67052135522,-36370721.57125307,787032450.0,0.05455573876977886,1.1818162,0.05389766570207129,0.0
CaseT4f_AxialGentle_RelaxA02CapR25A50,axial smoke,axial smoke,1.0,0.2,3,0.004825,18,center_core,45,688.6489738347111,-30397.71697769,21719.98177952,688.6489738347111,-20751724.966666665,337093950.0,0.03137383905111111,0.50451851,0.025306139778219633,0.0
CaseT4f_AxialGentle_RelaxA02CapR25A50,axial smoke,axial smoke,1.0,0.2,3,0.004825,18,specimen_no_caps_edge,105,-8619.353654646553,-58192.58634726,32981.84552886,-8619.353654646553,-115245461.86190476,337093950.0,0.17329024971714282,0.50451851,0.03121011535869897,0.0
CaseT4f_AxialGentle_RelaxA02CapR25A50,axial smoke,axial smoke,1.0,0.2,3,0.005026,19,all,407,27186.44815284594,-374668.2786236,465174.4732187,27186.44815284594,-41075551.7002457,1025507500.0,0.06161258480589681,1.5413539,0.058380062962310776,0.0
CaseT4f_AxialGentle_RelaxA02CapR25A50,axial smoke,axial smoke,1.0,0.2,3,0.005026,19,center_core,45,31900.374199751335,-24691.53457301,133339.4750073,31900.374199751335,196157886.97777778,876195070.0,-0.2942744088444444,1.3148735,0.024626291259595142,0.0
CaseT4f_AxialGentle_RelaxA02CapR25A50,axial smoke,axial smoke,1.0,0.2,3,0.005026,19,specimen_no_caps_edge,105,-10960.908343745275,-107337.4792151,133339.4750073,-10960.908343745275,10034023.085714286,876195070.0,-0.014547947761904755,1.3148735,0.030789018324584274,0.0
CaseT4f_AxialGentle_RelaxA02CapR25A50,axial smoke,axial smoke,1.0,0.2,3,0.005327,20,all,407,6267.640681066605,-654029.6240264,634433.0215111,6267.640681066605,-96480279.45454545,1067194700.0,0.14471867563144963,1.6073409,0.06120723127296212,0.0
CaseT4f_AxialGentle_RelaxA02CapR25A50,axial smoke,axial smoke,1.0,0.2,3,0.005327,20,center_core,45,-7883.543833208622,-55107.2131073,80706.61567178,-7883.543833208622,-364846832.0,757187070.0,0.5468589186666667,1.1334412,0.02832979000001405,0.0
CaseT4f_AxialGentle_RelaxA02CapR25A50,axial smoke,axial smoke,1.0,0.2,3,0.005327,20,specimen_no_caps_edge,105,-70370.36429015856,-251196.6204091,80706.61567178,-70370.36429015856,-341897163.0285714,757187070.0,0.513552531447619,1.1334412,0.028480047082678275,0.0
CaseT4f_AxialGentle_RelaxA02CapR25A50,axial smoke,axial smoke,1.0,0.2,3,0.005528,21,all,407,-31866.99822774425,-162313.8156481,93325.72142095,-31866.99822774425,-135030924.83046684,1025180400.0,0.2025462534742015,1.5377909,0.05859926080924163,0.0
CaseT4f_AxialGentle_RelaxA02CapR25A50,axial smoke,axial smoke,1.0,0.2,3,0.005528,21,center_core,45,-99735.60360175846,-162313.8156481,-59746.08428012,-99735.60360175846,-452900618.2222222,1025180400.0,0.6795766508888889,1.5377909,0.01698814900001865,0.0
CaseT4f_AxialGentle_RelaxA02CapR25A50,axial smoke,axial smoke,1.0,0.2,3,0.005528,21,specimen_no_caps_edge,105,-83875.00874382068,-162313.8156481,-29038.56141162,-83875.00874382068,-364501183.8095238,1025180400.0,0.5469188262666668,1.5377909,0.0205300524359072,0.0
CaseT4f_AxialGentle_RelaxA02CapR25A50,axial smoke,axial smoke,1.0,0.2,3,0.005829,22,all,407,-57497.39529856047,-375159.4995685,139700.716607,-57497.39529856047,-65490313.99017199,716065980.0,0.09823443028746931,1.0771509,0.04889861820279408,0.0
CaseT4f_AxialGentle_RelaxA02CapR25A50,axial smoke,axial smoke,1.0,0.2,3,0.005829,22,center_core,45,-86685.791151302,-118801.6308929,-72181.42957032,-86685.791151302,249278737.8,660810180.0,-0.37340548002222207,0.9898141,0.015183142201380019,0.0
CaseT4f_AxialGentle_RelaxA02CapR25A50,axial smoke,axial smoke,1.0,0.2,3,0.005829,22,specimen_no_caps_edge,105,-93392.74802095539,-186895.5642054,5523.488237745,-93392.74802095539,100474893.17142858,660810180.0,-0.15014566810476193,0.9898141,0.021834337654006913,0.0
CaseT4f_AxialGentle_RelaxA02CapR25A50,axial smoke,axial smoke,1.0,0.2,3,0.006029,23,all,407,-66360.39152402506,-496547.3169747,205932.4840082,-66360.39152402506,-39008641.9943489,924299900.0,0.05851139011277642,1.3867532,0.0384665166521951,0.0
CaseT4f_AxialGentle_RelaxA02CapR25A50,axial smoke,axial smoke,1.0,0.2,3,0.006029,23,center_core,45,-17810.15713250304,-100335.6731172,72851.08163364,-17810.15713250304,329506493.24444443,924299900.0,-0.4943182971555556,1.3867532,0.015866462893731493,0.0
CaseT4f_AxialGentle_RelaxA02CapR25A50,axial smoke,axial smoke,1.0,0.2,3,0.006029,23,specimen_no_caps_edge,105,-65784.34330233016,-222201.9334711,99843.39039097,-65784.34330233016,119290719.48571429,924299900.0,-0.1784707618285714,1.3867532,0.023965476295997535,0.0
