variant,time,count,failed_count,status_-3,status_-1,neighbor_count_all_mean,neighbor_count_specimen_mean,support_ratio_mean,velocity_gradient_norm_mean,shear_rate_mean,p_eff_mean,q_mean,q_over_p_mean,yield_residual_maxAbs,pc_mean,void_ratio_mean,plastic_vol_strain_mean,eq_plastic_strain_mean,pairwise_reaction_avg,force_balance_error_mean,sigma_zz_mean,Fz_proxy,PorePress_mean,PorePressRate_maxAbs,velocity_max,lateral_active_targets,cap_leakage_proxy_max
overhang045,0.0,407,0,0,0,120.00982800982801,98.0,0.8068721013033252,0.0,0.0,50.0,0.0,0.0,0.0,120.0,0.8000000100000014,0.0,0.0,0.19747700000000076,0.0743089999999997,-50.0,0.1413716694115407,0.0,0.0,0.0,112.0,0.0
overhang045,0.000503,407,0,0,0,120.00982800982801,98.0,0.8048135190675719,0.036499626553432335,0.05130972995895126,36.35917719410319,8.43044616811408,0.23520998219690914,4855.5391,120.0,0.8000147447174439,0.0,0.0,0.42729850000000363,0.5399649999999968,-40.67781453808355,0.11501381098523823,-5282.987599130987,15411313.0,0.0009684700480957502,112.0,0.0
overhang045,0.000603,407,0,0,0,120.00982800982801,98.0,0.8048155027637928,0.0375910269042612,0.052868801206530265,34.82027102538901,14.720291101496478,0.4210501253618647,4755.7813,120.0,0.8000164056019641,0.0,0.0,0.47855450000000116,0.6074869999999974,-43.23195877641278,0.12223548368304765,-7263.4150541721265,30320888.0,0.0011729010076788262,112.0,0.0
overhang045,0.000704,407,0,0,0,120.00982800982801,98.0,0.8048175792205501,0.03929274911934406,0.055257613102013915,33.601660373955795,21.379843381831133,0.6529623384764862,4625.1934,120.00003619164617,0.8000176714004895,2.667371272727272e-08,4.737562705159706e-08,0.5214780000000014,0.6594409999999948,-46.1396943808354,0.13045691241513968,-8946.88386154578,28382186.0,0.0016907112556991501,112.0,0.0
overhang045,0.000804,407,0,0,0,120.00982800982801,98.0,0.8048199061491957,0.04090513688488053,0.05750230995898627,31.324966215888637,25.5844619571139,0.9671871153225992,4460.0469,120.00131511056522,0.8000184277149887,9.740827142506147e-07,1.5375434914004914e-06,0.49951899999999905,0.667950999999996,-46.39349034889434,0.13117450360902788,-10283.923058752065,26847418.0,0.0022106754951845033,112.0,0.0
overhang045,0.000905,407,0,0,0,120.00982800982801,98.0,0.8048222755558322,0.04200446862721686,0.05900294533448846,29.572387978918904,29.961492052523493,1.5281174806637878,4258.1787,120.00260213759218,0.8000186047174438,1.9272559353304666e-06,2.9862669697395576e-06,0.49951899999999905,0.667950999999996,-47.2802781695331,0.13368183710137835,-11272.311349615333,24271976.0,0.0026743794035267656,112.0,0.0
overhang045,0.001005,407,0,0,0,120.00982800982801,98.0,0.8048245736442615,0.042802748735782846,0.06004454509353045,28.62512232405406,32.975208926093764,2.250675209884647,4019.8486,120.00370267813263,0.8000181579115472,2.7422108416093356e-06,5.119572713289927e-06,0.49951899999999905,0.667950999999996,-48.06534521867317,0.13590156188811683,-11914.785782165533,20663174.0,0.00308338113462146,112.0,0.0
overhang045,0.001106,407,8,0,8,120.00982800982801,98.0,0.8048267551562068,0.04375349764778702,0.06125579619185818,28.667145771904984,35.513116104932166,-1.225417062142588,3748.8152,120.00447800982802,0.8000169904668308,3.3163789893611812e-06,7.557161543980341e-06,0.37523749999999795,0.7865990000000023,-49.51602865110566,0.1400032726607297,-12220.73327938093,19334364.0,0.0034454452617608275,112.0,0.0
overhang045,0.001206,407,8,0,8,120.00982800982801,98.0,0.8048286701578438,0.0450415172291044,0.0629003662065317,29.45175297963145,37.73013964784579,2.123961306626417,3453.3967,120.00510385749386,0.8000152454545467,3.7798852291646193e-06,1.0086332246486489e-05,0.37523749999999795,0.7865990000000023,-51.48189556511056,0.14556163041020545,-12215.278539489767,24022422.0,0.0037672090637928613,112.0,0.0
overhang045,0.001307,407,8,0,8,120.00982800982801,98.0,0.8048302688579904,0.04656537306701046,0.06485329996354289,30.691473416158907,39.878416218362645,2.202626982156307,3528.4258,120.00576670761666,0.8000129894840293,4.270695642712531e-06,1.2523657582651104e-05,0.37523749999999795,0.7865990000000023,-53.84884194299752,0.152254013627195,-11933.738850861184,27468794.0,0.004052436567187129,112.0,0.0
overhang045,0.001408,407,8,0,8,120.00982800982801,98.0,0.8048315373202395,0.048169552984955656,0.06690050798953676,32.41590111365273,41.893765153883784,2.128022964354012,3749.1155,120.00638484029503,0.800010298108108,4.728532976633907e-06,1.4947857755503689e-05,0.37523749999999795,0.7865990000000023,-56.63039974668307,0.16011868303262952,-11994.395091468736,29765292.0,0.004307565089915021,112.0,0.0
overhang045,0.001508,407,8,0,8,120.00982800982801,98.0,0.8048324396371682,0.049795231190901415,0.0689662068642195,34.43904453952822,43.66578204111089,1.995019108663932,3979.8662,120.00704744471737,0.8000072555528271,5.2189014001228495e-06,1.7385900900859952e-05,0.37523749999999795,0.7865990000000023,-59.540117544810805,0.16834571628538533,-11282.03569244444,31091686.0,0.004535063342970476,112.0,0.0
overhang045,0.001609,407,16,8,8,120.00982800982801,98.0,0.8048328716342854,0.05142905902489529,0.07104419096085664,36.78512922460523,45.49178497217172,1.3940743502558914,4195.7783,120.00767071253065,0.8000040396314504,5.680360389459462e-06,1.9738217861965596e-05,0.37523749999999795,0.7865990000000023,-62.79995382511063,0.1775626862244712,-10416.03959532626,31419126.0,0.004738649323101798,112.0,0.0
overhang045,0.001709,407,8,8,0,120.00982800982801,98.0,0.805984825158162,0.05300182521541587,0.07305191510028562,39.38204075129649,46.668172902390346,2.1295034153963504,4377.6377,120.00824948402949,0.8000006223095812,6.108709515366097e-06,2.2403552751402953e-05,0.37523749999999795,0.7865990000000023,-65.88487509085998,0.18628509561131418,-9435.979408371495,31055066.0,0.004921571723418509,112.0,0.0
overhang045,0.00181,407,5,5,0,120.00982800982801,98.0,0.8059847247020983,0.05441780961323515,0.07485822191424257,41.99921574967157,47.85546168574413,2.012304634946079,4523.0405,120.00889695331693,0.7999969855773958,6.588240595552828e-06,2.5020568956191653e-05,0.37523749999999795,0.7865990000000023,-69.07696737722848,0.1953105239201065,-8386.847073789753,30141300.0,0.005085039693923268,112.0,0.0
overhang045,0.00191,407,0,0,0,120.00982800982801,98.0,0.8064278804322499,0.05559753593977247,0.0763485454653811,44.69106233610156,48.704254462184835,1.9116470771303873,4653.9385,120.00950751842758,0.7999932628746922,7.040174004201476e-06,2.7761717990737124e-05,0.37523749999999795,0.7865990000000023,-72.12382688452075,0.20392531622027316,-7305.243099073669,28928542.0,0.005230113191467355,112.0,0.0
overhang045,0.002011,407,1,1,0,120.00982800982801,98.0,0.8064270954828726,0.056489805600362424,0.07745063824894705,47.32740687613431,49.55385101905933,1.8053254930637646,4753.9561,120.01012280098267,0.7999896097051599,7.495559229999998e-06,3.0499950910761673e-05,0.29300729999999936,0.7793350000000028,-75.14568389400495,0.2124694156233481,-6228.379137561113,28895830.0,0.005357580112150533,112.0,0.0
overhang045,0.002111,407,0,0,0,120.00982800982801,98.0,0.8064261512707664,0.057083527079460294,0.07815031161701248,49.807096222776394,50.19689318751491,1.68612244288192,4792.6309,120.01076653562669,0.7999860748894343,7.972272662334155e-06,3.3331262814987726e-05,0.29300729999999936,0.7793350000000028,-77.89794839093382,0.22025126015520707,-5190.454113959656,30690110.0,0.00546846041612936,112.0,0.0
overhang045,0.002212,407,5,5,0,120.00982800982801,98.0,0.8066592862092976,0.057396200369146375,0.0784731280968548,52.160280951998374,51.055129501476564,1.570000323248826,4773.7407,120.01136343980353,0.7999827834152339,8.414090322285015e-06,3.607690130319409e-05,0.29300729999999936,0.7793350000000028,-80.68765638665845,0.22813897368573335,-4221.799646008609,32308504.0,0.0055639347688556575,112.0,0.0
overhang045,0.002312,407,4,4,0,120.00982800982801,98.0,0.8066581599460466,0.05742472951691576,0.07841065165214636,54.28199719528261,51.710090997114044,1.4562164418686119,4704.4575,120.01195452088461,0.7999796877886973,8.851504606093367e-06,3.8932630380343966e-05,0.29300729999999936,0.7793350000000028,-83.12330096004916,0.23502559647440147,-3348.6383202238203,33770148.0,0.0056452810910078,112.0,0.0
overhang045,0.002413,407,4,4,0,120.00982800982801,98.0,0.8066571049663657,0.057325494869498714,0.07819577313278496,56.155381960687976,52.44613697644233,1.3605461038787283,6994.145,120.0125196068797,0.7999768923587208,9.270067877616708e-06,4.178628869656019e-05,0.29300729999999936,0.7793350000000028,-85.40500323857492,0.2414769576787075,-2781.1210073916955,35144484.0,0.005716756157183762,112.0,0.0
overhang045,0.002513,407,0,0,0,120.00982800982801,98.0,0.8066558270990615,0.05713842941123976,0.07788417137947945,57.7672806338247,52.547076185076776,1.272468625199547,4453.793,120.01304272727297,0.7999744570270271,9.657091496987718e-06,4.495001389950862e-05,0.29300729999999936,0.7793350000000028,-87.12929475724808,0.2463522770896472,-2154.271753740912,36441872.0,0.005778676546033171,112.0,0.0
overhang045_extended,0.0,407,0,0,0,120.00982800982801,98.0,0.8068721013033252,0.0,0.0,50.0,0.0,0.0,0.0,120.0,0.8000000100000014,0.0,0.0,0.19747700000000076,0.0743089999999997,-50.0,0.1413716694115407,0.0,0.0,0.0,112.0,0.0
overhang045_extended,0.000503,407,0,0,0,120.00982800982801,98.0,0.8048135190675719,0.036499626553432335,0.05130972995895126,36.35917719410319,8.43044616811408,0.23520998219690914,4855.5391,120.0,0.8000147447174439,0.0,0.0,0.42729850000000363,0.5399649999999968,-40.67781453808355,0.11501381098523823,-5282.987599130987,15411313.0,0.0009684700480957502,112.0,0.0
overhang045_extended,0.000603,407,0,0,0,120.00982800982801,98.0,0.8048155027637928,0.0375910269042612,0.052868801206530265,34.82027102538901,14.720291101496478,0.4210501253618647,4755.7813,120.0,0.8000164056019641,0.0,0.0,0.47855450000000116,0.6074869999999974,-43.23195877641278,0.12223548368304765,-7263.4150541721265,30320888.0,0.0011729010076788262,112.0,0.0
overhang045_extended,0.000704,407,0,0,0,120.00982800982801,98.0,0.8048175792205501,0.03929274911934406,0.055257613102013915,33.601660373955795,21.379843381831133,0.6529623384764862,4625.1934,120.00003619164617,0.8000176714004895,2.667371272727272e-08,4.737562705159706e-08,0.5214780000000014,0.6594409999999948,-46.1396943808354,0.13045691241513968,-8946.88386154578,28382186.0,0.0016907112556991501,112.0,0.0
overhang045_extended,0.000804,407,0,0,0,120.00982800982801,98.0,0.8048199061491957,0.04090513688488053,0.05750230995898627,31.324966215888637,25.5844619571139,0.9671871153225992,4460.0469,120.00131511056522,0.8000184277149887,9.740827142506147e-07,1.5375434914004914e-06,0.49951899999999905,0.667950999999996,-46.39349034889434,0.13117450360902788,-10283.923058752065,26847418.0,0.0022106754951845033,112.0,0.0
overhang045_extended,0.000905,407,0,0,0,120.00982800982801,98.0,0.8048222755558322,0.04200446862721686,0.05900294533448846,29.572387978918904,29.961492052523493,1.5281174806637878,4258.1787,120.00260213759218,0.8000186047174438,1.9272559353304666e-06,2.9862669697395576e-06,0.49951899999999905,0.667950999999996,-47.2802781695331,0.13368183710137835,-11272.311349615333,24271976.0,0.0026743794035267656,112.0,0.0
overhang045_extended,0.001005,407,0,0,0,120.00982800982801,98.0,0.8048245736442615,0.042802748735782846,0.06004454509353045,28.62512232405406,32.975208926093764,2.250675209884647,4019.8486,120.00370267813263,0.8000181579115472,2.7422108416093356e-06,5.119572713289927e-06,0.49951899999999905,0.667950999999996,-48.06534521867317,0.13590156188811683,-11914.785782165533,20663174.0,0.00308338113462146,112.0,0.0
overhang045_extended,0.001106,407,8,0,8,120.00982800982801,98.0,0.8048267551562068,0.04375349764778702,0.06125579619185818,28.667145771904984,35.513116104932166,-1.225417062142588,3748.8152,120.00447800982802,0.8000169904668308,3.3163789893611812e-06,7.557161543980341e-06,0.37523749999999795,0.7865990000000023,-49.51602865110566,0.1400032726607297,-12220.73327938093,19334364.0,0.0034454452617608275,112.0,0.0
overhang045_extended,0.001206,407,8,0,8,120.00982800982801,98.0,0.8048286701578438,0.0450415172291044,0.0629003662065317,29.45175297963145,37.73013964784579,2.123961306626417,3453.3967,120.00510385749386,0.8000152454545467,3.7798852291646193e-06,1.0086332246486489e-05,0.37523749999999795,0.7865990000000023,-51.48189556511056,0.14556163041020545,-12215.278539489767,24022422.0,0.0037672090637928613,112.0,0.0
overhang045_extended,0.001307,407,8,0,8,120.00982800982801,98.0,0.8048302688579904,0.04656537306701046,0.06485329996354289,30.691473416158907,39.878416218362645,2.202626982156307,3528.4258,120.00576670761666,0.8000129894840293,4.270695642712531e-06,1.2523657582651104e-05,0.37523749999999795,0.7865990000000023,-53.84884194299752,0.152254013627195,-11933.738850861184,27468794.0,0.004052436567187129,112.0,0.0
overhang045_extended,0.001408,407,8,0,8,120.00982800982801,98.0,0.8048315373202395,0.048169552984955656,0.06690050798953676,32.41590111365273,41.893765153883784,2.128022964354012,3749.1155,120.00638484029503,0.800010298108108,4.728532976633907e-06,1.4947857755503689e-05,0.37523749999999795,0.7865990000000023,-56.63039974668307,0.16011868303262952,-11994.395091468736,29765292.0,0.004307565089915021,112.0,0.0
overhang045_extended,0.001508,407,8,0,8,120.00982800982801,98.0,0.8048324396371682,0.049795231190901415,0.0689662068642195,34.43904453952822,43.66578204111089,1.995019108663932,3979.8662,120.00704744471737,0.8000072555528271,5.2189014001228495e-06,1.7385900900859952e-05,0.37523749999999795,0.7865990000000023,-59.540117544810805,0.16834571628538533,-11282.03569244444,31091686.0,0.004535063342970476,112.0,0.0
overhang045_extended,0.001609,407,16,8,8,120.00982800982801,98.0,0.8048328716342854,0.05142905902489529,0.07104419096085664,36.78512922460523,45.49178497217172,1.3940743502558914,4195.7783,120.00767071253065,0.8000040396314504,5.680360389459462e-06,1.9738217861965596e-05,0.37523749999999795,0.7865990000000023,-62.79995382511063,0.1775626862244712,-10416.03959532626,31419126.0,0.004738649323101798,112.0,0.0
overhang045_extended,0.001709,407,8,8,0,120.00982800982801,98.0,0.805984825158162,0.05300182521541587,0.07305191510028562,39.38204075129649,46.668172902390346,2.1295034153963504,4377.6377,120.00824948402949,0.8000006223095812,6.108709515366097e-06,2.2403552751402953e-05,0.37523749999999795,0.7865990000000023,-65.88487509085998,0.18628509561131418,-9435.979408371495,31055066.0,0.004921571723418509,112.0,0.0
overhang045_extended,0.00181,407,5,5,0,120.00982800982801,98.0,0.8059847247020983,0.05441780961323515,0.07485822191424257,41.99921574967157,47.85546168574413,2.012304634946079,4523.0405,120.00889695331693,0.7999969855773958,6.588240595552828e-06,2.5020568956191653e-05,0.37523749999999795,0.7865990000000023,-69.07696737722848,0.1953105239201065,-8386.847073789753,30141300.0,0.005085039693923268,112.0,0.0
overhang045_extended,0.00191,407,0,0,0,120.00982800982801,98.0,0.8064278804322499,0.05559753593977247,0.0763485454653811,44.69106233610156,48.704254462184835,1.9116470771303873,4653.9385,120.00950751842758,0.7999932628746922,7.040174004201476e-06,2.7761717990737124e-05,0.37523749999999795,0.7865990000000023,-72.12382688452075,0.20392531622027316,-7305.243099073669,28928542.0,0.005230113191467355,112.0,0.0
overhang045_extended,0.002011,407,1,1,0,120.00982800982801,98.0,0.8064270954828726,0.056489805600362424,0.07745063824894705,47.32740687613431,49.55385101905933,1.8053254930637646,4753.9561,120.01012280098267,0.7999896097051599,7.495559229999998e-06,3.0499950910761673e-05,0.29300729999999936,0.7793350000000028,-75.14568389400495,0.2124694156233481,-6228.379137561113,28895830.0,0.005357580112150533,112.0,0.0
overhang045_extended,0.002111,407,0,0,0,120.00982800982801,98.0,0.8064261512707664,0.057083527079460294,0.07815031161701248,49.807096222776394,50.19689318751491,1.68612244288192,4792.6309,120.01076653562669,0.7999860748894343,7.972272662334155e-06,3.3331262814987726e-05,0.29300729999999936,0.7793350000000028,-77.89794839093382,0.22025126015520707,-5190.454113959656,30690110.0,0.00546846041612936,112.0,0.0
overhang045_extended,0.002212,407,5,5,0,120.00982800982801,98.0,0.8066592862092976,0.057396200369146375,0.0784731280968548,52.160280951998374,51.055129501476564,1.570000323248826,4773.7407,120.01136343980353,0.7999827834152339,8.414090322285015e-06,3.607690130319409e-05,0.29300729999999936,0.7793350000000028,-80.68765638665845,0.22813897368573335,-4221.799646008609,32308504.0,0.0055639347688556575,112.0,0.0
overhang045_extended,0.002312,407,4,4,0,120.00982800982801,98.0,0.8066581599460466,0.05742472951691576,0.07841065165214636,54.28199719528261,51.710090997114044,1.4562164418686119,4704.4575,120.01195452088461,0.7999796877886973,8.851504606093367e-06,3.8932630380343966e-05,0.29300729999999936,0.7793350000000028,-83.12330096004916,0.23502559647440147,-3348.6383202238203,33770148.0,0.0056452810910078,112.0,0.0
overhang045_extended,0.002413,407,4,4,0,120.00982800982801,98.0,0.8066571049663657,0.057325494869498714,0.07819577313278496,56.155381960687976,52.44613697644233,1.3605461038787283,6994.145,120.0125196068797,0.7999768923587208,9.270067877616708e-06,4.178628869656019e-05,0.29300729999999936,0.7793350000000028,-85.40500323857492,0.2414769576787075,-2781.1210073916955,35144484.0,0.005716756157183762,112.0,0.0
overhang045_extended,0.002513,407,0,0,0,120.00982800982801,98.0,0.8066561546994891,0.05713842941123976,0.07788417137947945,57.7672806338247,52.547076185076776,1.272468625199547,4453.793,120.01304272727297,0.7999744570270271,9.657091496987718e-06,4.495001389950862e-05,0.29300729999999936,0.7793350000000028,-87.12929475724808,0.2463522770896472,-2154.271753740912,36441872.0,0.005778676546033171,112.0,0.0
overhang045_extended,0.002614,407,8,8,0,120.00982800982801,98.0,0.8066553932395846,0.05694486149965768,0.07758910049706466,59.122585952416046,53.393090980176304,1.2109716576427774,4341.9053,120.01349437346427,0.7999723887714983,9.991373288845213e-06,4.783718390245703e-05,0.29300729999999936,0.7793350000000028,-89.05756428968058,0.2518043307471551,-1673.0129415296067,37858440.0,0.005831608936834695,112.0,0.0
overhang045_extended,0.002715,407,5,5,0,120.00982800982801,98.0,0.8066548309150021,0.05683364596239741,0.07742958284822105,60.18289819366911,53.81907171349076,1.1577486425231582,4472.1079,120.013901031941,0.7999707033415233,1.0292369131179359e-05,5.095238616560194e-05,0.29300729999999936,0.7793350000000028,-90.49724422719898,0.25587492987086063,-1338.3512270070614,39015600.0,0.0058762464375947555,112.0,0.0
overhang045_extended,0.002815,407,12,12,0,120.00982800982801,98.0,0.8066544355093831,0.05688865306288615,0.07751728570796995,60.978010806633876,54.79735837385471,1.1251676429311441,4569.6094,120.01422995086004,0.7999693865356274,1.0535622675208846e-05,5.388752191737101e-05,0.29300729999999936,0.7793350000000028,-92.03707809140047,0.26022870755083244,-1156.0966127680813,40165128.0,0.005913455566143297,112.0,0.0
overhang045_extended,0.002916,407,0,0,0,120.00982800982801,98.0,0.8066542793259911,0.05719577634877819,0.07796739694017792,61.51555626740376,54.89222739993655,1.0886458697917825,4752.813,120.01448056511047,0.7999684767321853,1.0721103820206385e-05,5.7264612810810796e-05,0.36028500000000213,0.20259299999999864,-92.75085176044217,0.26224685505432094,-1121.8945327011006,41193020.0,0.005944477930388361,112.0,0.0
overhang045_extended,0.003016,407,12,12,0,120.00982800982801,98.0,0.8067997520761466,0.057768753948374524,0.07879446916473545,61.76848114471749,56.362704399787376,1.0878362162791582,4901.333,120.01468142506117,0.7999678190663375,1.0870513072039306e-05,6.009923001965601e-05,0.36028500000000213,0.20259299999999864,-93.99897297641279,0.2657758346529155,-1229.5656376942989,42088440.0,0.005969602802803159,112.0,0.0
overhang045_extended,0.003117,407,0,0,0,120.00982800982801,98.0,0.8068000786606142,0.05861255407446674,0.08000664291345468,61.96489393914824,56.70118337092242,1.0671463048472247,4960.1743,120.0146706388206,0.7999676210073715,1.086190042457003e-05,6.349092030270273e-05,0.36028500000000213,0.20259299999999864,-94.66005775995085,0.26764500784234235,-1468.0675582678714,42864736.0,0.0059903894852371305,112.0,0.0
overhang045_extended,0.003217,407,0,0,0,120.00982800982801,98.0,0.8068005246193067,0.059652409915355184,0.0814981799752399,61.898271779852585,57.6985282953515,1.0683825358390442,4924.5,120.01462253071239,0.7999677559459473,1.0826429339287473e-05,6.665503756732191e-05,0.36028500000000213,0.20259299999999864,-95.39229248157235,0.26971535274227687,-1831.1425592031892,43738536.0,0.006007235604164729,112.0,0.0
overhang045_extended,0.003318,407,4,4,0,120.00982800982801,98.0,0.8068010597809088,0.060796524272223366,0.08313520883591517,61.65710845755124,58.983178593671504,1.0805839241274267,4794.7119,120.01449361179343,0.7999681722113012,1.0730780725110573e-05,6.975732355356262e-05,0.36028500000000213,0.20259299999999864,-96.14121237837826,0.27183287386361626,-2303.346514823705,44481052.0,0.006020404311813854,112.0,0.0
overhang045_extended,0.003418,407,4,4,0,120.00982800982801,98.0,0.806801585517465,0.061962646322950114,0.08479704064486725,61.31071687903366,59.973821678447564,1.0918416883630386,4576.1484,120.0142523095822,0.7999688497788682,1.0552744943316958e-05,7.304540189508597e-05,0.36028500000000213,0.20259299999999864,-96.58599942751842,0.27309047961700783,-2904.597141060827,45194088.0,0.0060304824413891945,112.0,0.0
overhang045_extended,0.003519,407,9,9,0,120.00982800982801,98.0,0.8068022009474287,0.06308435544283696,0.0863870130913981,60.859350632350534,61.41072814548392,1.1153538373217564,4278.4487,120.01392874692858,0.7999697337346445,1.0313069861228508e-05,7.619628265282557e-05,0.36028500000000213,0.20259299999999864,-97.21519347420164,0.27486948387227605,-3548.9349302409446,46050060.0,0.006037899262716951,112.0,0.0
overhang045_extended,0.003619,407,8,8,0,120.00982800982801,98.0,0.8068028448516171,0.06412194129404851,0.0878490115518819,60.343498453726504,62.53100032248714,1.137411288094704,4067.761,120.01351918918935,0.7999707844963155,1.0009585753759211e-05,7.953685230638819e-05,0.36028500000000213,0.20259299999999864,-97.56142142997534,0.2758484203543695,-4254.890942063529,46693188.0,0.006043115480778525,112.0,0.0
overhang045_extended,0.00372,407,8,8,0,120.00982800982801,98.0,0.8068034096641525,0.06504414973650668,0.08913869571571456,59.83836540622437,63.51665765751682,1.1577330250780453,3791.0879,120.01299363636372,0.79997197034398,9.620243955113022e-06,8.298733095977885e-05,0.36028500000000213,0.20259299999999864,-97.82015197788692,0.27657996374408994,-5004.437236739251,47249256.0,0.006046471863333929,112.0,0.0
overhang045_extended,0.00382,407,1,1,0,120.00982800982801,98.0,0.8068039022990144,0.06582470177017946,0.09021955803521264,59.33872916052414,64.49081098382783,1.1792528382072882,3598.7195,120.01238626535611,0.7999733140294828,9.17013252243243e-06,8.649359565542998e-05,0.36028500000000213,0.20259299999999864,-98.07147279606878,0.2772905566165748,-5781.098360017648,47804180.0,0.006047836349926917,112.0,0.0
overhang045_extended,0.003921,407,12,12,0,120.00982800982801,98.0,0.806804281360428,0.06651520780075625,0.09117593533934927,58.75095136658472,66.03280665574839,1.2200216362310194,3375.1968,120.01180235872236,0.7999745832432431,8.737768360933658e-06,8.978278201547911e-05,0.36028500000000213,0.20259299999999864,-98.47952879852592,0.27844430778219015,-6568.759632259121,48328976.0,0.006048011197177996,112.0,0.0
overhang045_extended,0.004021,407,5,5,0,120.00982800982801,98.0,0.8068040723111052,0.06710202781497879,0.09197564035313403,58.439840399262934,66.60433903999947,1.2276697334395623,3406.6355,120.01097933660904,0.7999759887469285,8.128124277837844e-06,9.354746585577398e-05,0.36028500000000213,0.20259299999999864,-98.75428060196558,0.27922115020471205,-7349.009694270861,48706272.0,0.006047362328288351,112.0,0.0
overhang_ref,0.0,407,0,0,0,117.58230958230958,98.0,0.8043061554992177,0.0,0.0,50.0,0.0,0.0,0.0,120.0,0.8000000100000014,0.0,0.0,0.1922390000000006,0.0684196999999998,-50.0,0.1413716694115407,0.0,0.0,0.0,112.0,0.0
overhang_ref,0.000503,407,0,0,0,117.58230958230958,98.0,0.8022536270126402,0.03695689552044827,0.051990762037497355,35.93088173546276,8.417448148843727,0.237125187323307,4841.6807,120.0,0.8000152097543,0.0,0.0,0.4181520000000002,0.5516220000000025,-40.40143061179364,0.11423235384407582,-5459.063468103607,15411770.0,0.0009684673212833326,112.0,0.0
overhang_ref,0.000603,407,0,0,0,117.58230958230958,98.0,0.8022554381884183,0.038103525550274006,0.053621179876760766,34.139286240786234,14.683060673420957,0.4261495258382422,4732.8857,120.0,0.8000171431941029,0.0,0.0,0.4658485,0.6181320000000023,-42.72176357493853,0.1207929407358842,-7512.66064919466,30346580.0,0.0012016504171612412,112.0,0.0
overhang_ref,0.000704,407,0,0,0,117.58230958230958,98.0,0.8022573811024081,0.03981963112087102,0.05602341643791527,32.65060042661751,21.307617606014023,0.6641571895599382,4588.7227,120.00003228501235,0.8000187091646176,2.3958575479115478e-08,4.3432603685503696e-08,0.5057720000000008,0.670249000000006,-45.394643572481534,0.1283503308836716,-9284.01611394211,28448926.0,0.0016887243697576008,112.0,0.0
overhang_ref,0.000804,407,0,0,0,117.58230958230958,98.0,0.802259504010495,0.04145395404803547,0.058288232824136636,30.2661376710074,25.625724711931802,0.9917521657553158,4404.1079,120.00116031941035,0.8000197801228492,8.594726326781324e-07,1.4138868132678139e-06,0.4865954999999998,0.6829849999999996,-45.664327213759194,0.1291128434152797,-10723.58288779922,26974152.0,0.002189406220570612,112.0,0.0
overhang_ref,0.000905,407,0,0,0,117.58230958230958,98.0,0.8022617265419192,0.04257851489080919,0.05980895801521717,28.311534368049546,29.97079798018597,1.589362164628722,4175.5239,120.00236272727267,0.8000202870761656,1.7499653500449631e-06,2.8250741388943497e-06,0.4865954999999998,0.6829849999999996,-46.38359927518427,0.13114653725697456,-11823.62916397236,24576016.0,0.0026422661725200723,112.0,0.0
overhang_ref,0.001005,407,12,8,4,117.58230958230958,98.0,0.8022638695552456,0.04339889639115827,0.060862013920735515,27.18554343226866,33.190482243903006,-1.7553309429104231,3902.061,120.00335307125319,0.8000202248157243,2.4836008203980346e-06,4.818679871793613e-06,0.4865954999999998,0.6829849999999996,-47.18158145454544,0.13340277871411352,-12584.928979905679,21060542.0,0.003045438496147822,112.0,0.0
overhang_ref,0.001106,407,12,0,12,117.58230958230958,98.0,0.8022658473100824,0.044367135360107154,0.06207553829760783,27.090936491800168,35.523451642321206,-0.5667825006079992,3586.7263,120.0039819164618,0.8000193608599517,2.9497362549336615e-06,7.318349551484032e-06,0.36419040000000036,0.8076950000000028,-48.418945584766576,0.13690134336929996,-13014.438661918195,18789698.0,0.0034054570623830997,112.0,0.0
overhang_ref,0.001206,407,12,0,12,117.58230958230958,98.0,0.8022676612033408,0.045658691951265803,0.0637038537581126,27.811748368615888,37.66615834863435,2.2522962741767425,3270.8279,120.0044028255526,0.800017927125307,3.260957188904176e-06,9.88593498818673e-06,0.36419040000000036,0.8076950000000028,-50.341683007371024,0.14233775535477264,-13136.204615212975,23390214.0,0.0037261648225575643,112.0,0.0
overhang_ref,0.001307,407,12,0,12,117.58230958230958,98.0,0.8022691233745118,0.04718709579466477,0.0656410687933168,29.128269550201473,39.668316449919246,2.2749221526282852,3461.4536,120.00474818181827,0.8000160006388216,3.5162652285257993e-06,1.2455997058845206e-05,0.36419040000000036,0.8076950000000028,-52.772293077149875,0.14921014341983538,-12984.533793301483,26814126.0,0.004012676502823648,112.0,0.0
overhang_ref,0.001408,407,12,0,12,117.58230958230958,98.0,0.8022702574190751,0.04877070362941283,0.06763609178248273,30.79155272167895,41.63604595522453,2.2209765089185187,3690.5566,120.00515818181802,0.8000136548894344,3.819864535808354e-06,1.4925104336855035e-05,0.36419040000000036,0.8076950000000028,-55.50149607076163,0.15692678308723276,-13122.9101511325,29086084.0,0.00426899230083975,112.0,0.0
overhang_ref,0.001508,407,16,0,16,117.58230958230958,98.0,0.8022709219838006,0.050348459707989734,0.0696091662617877,32.780544003554446,43.368231990932195,0.8449212138244677,3927.4287,120.00559027027012,0.8000109336363646,4.1396103190024555e-06,1.741724022523342e-05,0.36419040000000036,0.8076950000000028,-58.40736268968061,0.16514292738730965,-12548.209395048862,30393958.0,0.004497122640895585,112.0,0.0
overhang_ref,0.001609,407,20,4,16,117.58230958230958,98.0,0.8022712248023434,0.05190795327109815,0.0715558357864813,35.14739755980261,44.855541044350325,1.643559947337454,4146.728,120.0059403439804,0.800007936855036,4.3983763568304644e-06,2.0016665360393114e-05,0.36419040000000036,0.8076950000000028,-61.55463821861427,0.17404163929977848,-11821.738203954916,30705032.0,0.004699957838233145,112.0,0.0
overhang_ref,0.001709,407,24,4,20,117.58230958230958,98.0,0.8022712145811196,0.053396152721005216,0.07341062575790429,37.6568176648878,46.13321985473789,0.6621099568598153,4329.3735,120.00633058968053,0.8000047828009839,4.687412765454547e-06,2.2638203621228503e-05,0.36419040000000036,0.8076950000000028,-64.69186015127764,0.18291192533848089,-10984.179343047637,30301938.0,0.004880648531666508,112.0,0.0
overhang_ref,0.00181,407,12,0,12,117.58230958230958,98.0,0.8034193460358193,0.05470374098686962,0.0750315640381901,40.327952001744485,47.14843216626407,1.7982742455636114,4507.332,120.00668312039316,0.8000013633169536,4.9483774209827985e-06,2.5393873343587237e-05,0.36419040000000036,0.8076950000000028,-67.81847829461917,0.19175222986921298,-10073.237990079471,29368844.0,0.005042057437021891,112.0,0.0
overhang_ref,0.00191,407,16,4,12,117.58230958230958,98.0,0.8038608495955203,0.05578169325773674,0.07634725115794944,42.96201622455938,48.36619079954645,1.6898238179473692,4662.2437,120.00709203931194,0.7999979591646186,5.251196865307121e-06,2.8002245743415235e-05,0.36419040000000036,0.8076950000000028,-71.03706515095831,0.2008525698097471,-9127.75057699426,28287042.0,0.005182525745440535,112.0,0.0
overhang_ref,0.002011,407,12,0,12,117.58230958230958,98.0,0.8038598925712965,0.056591594913955955,0.07730559053396312,45.51176174954383,49.073355548776526,1.5850711088737235,4772.1108,120.00753579852574,0.7999945895331702,5.57978944874693e-06,3.083161357823093e-05,0.28303465000000155,0.7565299999999983,-73.85317794180098,0.20881494113959953,-8183.735490106866,30040602.0,0.005304976431390581,112.0,0.0
overhang_ref,0.002111,407,13,1,12,117.58230958230958,98.0,0.8040922002858325,0.05711184122881915,0.07787638637304829,47.95661895384112,49.81692154771863,1.4878550046280574,4820.9116,120.00797402948389,0.7999913690417707,5.9043145367076195e-06,3.3656037448009846e-05,0.28303465000000155,0.7565299999999983,-76.6170190330467,0.21662951772075198,-7274.211489339835,31851344.0,0.00541032190411986,112.0,0.0
overhang_ref,0.002212,407,16,4,12,117.58230958230958,98.0,0.8040909259062816,0.05737270020898059,0.07810422929668126,50.25982467384112,50.56904665595786,1.387782773758925,4811.8975,120.00838641277628,0.7999883899508605,6.2094890376904135e-06,3.648987107085996e-05,0.28303465000000155,0.7565299999999983,-79.26723557506153,0.22412282845768633,-6429.182423693196,33532578.0,0.005500569049261366,112.0,0.0
overhang_ref,0.002312,407,16,4,12,117.58230958230958,98.0,0.8040896248768789,0.057422146165857856,0.07805919211253241,52.38804943429812,51.3965697878784,1.0830690641444674,4751.6694,120.008757100737,0.7999856420147428,6.484306786167075e-06,3.9310848176756777e-05,0.28303465000000155,0.7565299999999983,-81.82485933748899,0.23135433927810622,-5673.161194609506,35122480.0,0.005578076004209601,112.0,0.0
overhang_ref,0.002413,407,16,8,8,117.58230958230958,98.0,0.8040884356529923,0.05731538789422705,0.0778220079094045,54.27295448684114,52.03231035742841,1.3566186331297372,4649.167,120.00910464373472,0.799983227518428,6.741732950319411e-06,4.224792073375922e-05,0.28303465000000155,0.7565299999999983,-84.04229297366105,0.23762398517720518,-5131.081172749023,36757160.0,0.005643569614441542,112.0,0.0
overhang_ref,0.002513,407,8,0,8,117.58230958230958,98.0,0.8040870570904307,0.05713562111171962,0.077523010877018,55.88087206983786,52.42464009690836,1.0930113800353263,4514.5479,120.0094301965601,0.7999810981081072,6.982615097321866e-06,4.5328744439164586e-05,0.28303465000000155,0.7565299999999983,-85.87279405847656,0.24279960506160525,-4611.969171174449,38350056.0,0.005698675571692108,112.0,0.0
stepped_cap,0.0,407,0,0,0,117.58230958230958,98.0,0.8043061554992177,0.0,0.0,50.0,0.0,0.0,0.0,120.0,0.8000000100000014,0.0,0.0,0.1922390000000006,0.0684196999999998,-50.0,0.1413716694115407,0.0,0.0,0.0,112.0,0.0
stepped_cap,0.000503,407,0,0,0,117.58230958230958,98.0,0.8022536270126402,0.03695689552044827,0.051990762037497355,35.93088173546276,8.417448148843727,0.237125187323307,4841.6807,120.0,0.8000152097543,0.0,0.0,0.4181520000000002,0.5516220000000025,-40.40143061179364,0.11423235384407582,-5459.063468103607,15411770.0,0.0009684673212833326,112.0,0.0
stepped_cap,0.000603,407,0,0,0,117.58230958230958,98.0,0.8022554381884183,0.038103525550274006,0.053621179876760766,34.139286240786234,14.683060673420957,0.4261495258382422,4732.8857,120.0,0.8000171431941029,0.0,0.0,0.4658485,0.6181320000000023,-42.72176357493853,0.1207929407358842,-7512.66064919466,30346580.0,0.0012016504171612412,112.0,0.0
stepped_cap,0.000704,407,0,0,0,117.58230958230958,98.0,0.8022573811024081,0.03981963112087102,0.05602341643791527,32.65060042661751,21.307617606014023,0.6641571895599382,4588.7227,120.00003228501235,0.8000187091646176,2.3958575479115478e-08,4.3432603685503696e-08,0.5057720000000008,0.670249000000006,-45.394643572481534,0.1283503308836716,-9284.01611394211,28448926.0,0.0016887243697576008,112.0,0.0
stepped_cap,0.000804,407,0,0,0,117.58230958230958,98.0,0.802259504010495,0.04145395404803547,0.058288232824136636,30.2661376710074,25.625724711931802,0.9917521657553158,4404.1079,120.00116031941035,0.8000197801228492,8.594726326781324e-07,1.4138868132678139e-06,0.4865954999999998,0.6829849999999996,-45.664327213759194,0.1291128434152797,-10723.58288779922,26974152.0,0.002189406220570612,112.0,0.0
stepped_cap,0.000905,407,0,0,0,117.58230958230958,98.0,0.8022617265419192,0.04257851489080919,0.05980895801521717,28.311534368049546,29.97079798018597,1.589362164628722,4175.5239,120.00236272727267,0.8000202870761656,1.7499653500449631e-06,2.8250741388943497e-06,0.4865954999999998,0.6829849999999996,-46.38359927518427,0.13114653725697456,-11823.62916397236,24576016.0,0.0026422661725200723,112.0,0.0
stepped_cap,0.001005,407,12,8,4,117.58230958230958,98.0,0.8022638695552456,0.04339889639115827,0.060862013920735515,27.18554343226866,33.190482243903006,-1.7553309429104231,3902.061,120.00335307125319,0.8000202248157243,2.4836008203980346e-06,4.818679871793613e-06,0.4865954999999998,0.6829849999999996,-47.18158145454544,0.13340277871411352,-12584.928979905679,21060542.0,0.003045438496147822,112.0,0.0
stepped_cap,0.001106,407,12,0,12,117.58230958230958,98.0,0.8022658473100824,0.044367135360107154,0.06207553829760783,27.090936491800168,35.523451642321206,-0.5667825006079992,3586.7263,120.0039819164618,0.8000193608599517,2.9497362549336615e-06,7.318349551484032e-06,0.36419040000000036,0.8076950000000028,-48.418945584766576,0.13690134336929996,-13014.438661918195,18789698.0,0.0034054570623830997,112.0,0.0
stepped_cap,0.001206,407,12,0,12,117.58230958230958,98.0,0.8022676612033408,0.045658691951265803,0.0637038537581126,27.811748368615888,37.66615834863435,2.2522962741767425,3270.8279,120.0044028255526,0.800017927125307,3.260957188904176e-06,9.88593498818673e-06,0.36419040000000036,0.8076950000000028,-50.341683007371024,0.14233775535477264,-13136.204615212975,23390214.0,0.0037261648225575643,112.0,0.0
stepped_cap,0.001307,407,12,0,12,117.58230958230958,98.0,0.8022691233745118,0.04718709579466477,0.0656410687933168,29.128269550201473,39.668316449919246,2.2749221526282852,3461.4536,120.00474818181827,0.8000160006388216,3.5162652285257993e-06,1.2455997058845206e-05,0.36419040000000036,0.8076950000000028,-52.772293077149875,0.14921014341983538,-12984.533793301483,26814126.0,0.004012676502823648,112.0,0.0
stepped_cap,0.001408,407,12,0,12,117.58230958230958,98.0,0.8022702574190751,0.04877070362941283,0.06763609178248273,30.79155272167895,41.63604595522453,2.2209765089185187,3690.5566,120.00515818181802,0.8000136548894344,3.819864535808354e-06,1.4925104336855035e-05,0.36419040000000036,0.8076950000000028,-55.50149607076163,0.15692678308723276,-13122.9101511325,29086084.0,0.00426899230083975,112.0,0.0
stepped_cap,0.001508,407,16,0,16,117.58230958230958,98.0,0.8022709219838006,0.050348459707989734,0.0696091662617877,32.780544003554446,43.368231990932195,0.8449212138244677,3927.4287,120.00559027027012,0.8000109336363646,4.1396103190024555e-06,1.741724022523342e-05,0.36419040000000036,0.8076950000000028,-58.40736268968061,0.16514292738730965,-12548.209395048862,30393958.0,0.004497122640895585,112.0,0.0
stepped_cap,0.001609,407,20,4,16,117.58230958230958,98.0,0.8022712248023434,0.05190795327109815,0.0715558357864813,35.14739755980261,44.855541044350325,1.643559947337454,4146.728,120.0059403439804,0.800007936855036,4.3983763568304644e-06,2.0016665360393114e-05,0.36419040000000036,0.8076950000000028,-61.55463821861427,0.17404163929977848,-11821.738203954916,30705032.0,0.004699957838233145,112.0,0.0
stepped_cap,0.001709,407,24,4,20,117.58230958230958,98.0,0.8022712145811196,0.053396152721005216,0.07341062575790429,37.6568176648878,46.13321985473789,0.6621099568598153,4329.3735,120.00633058968053,0.8000047828009839,4.687412765454547e-06,2.2638203621228503e-05,0.36419040000000036,0.8076950000000028,-64.69186015127764,0.18291192533848089,-10984.179343047637,30301938.0,0.004880648531666508,112.0,0.0
stepped_cap,0.00181,407,12,0,12,117.58230958230958,98.0,0.8034193460358193,0.05470374098686962,0.0750315640381901,40.327952001744485,47.14843216626407,1.7982742455636114,4507.332,120.00668312039316,0.8000013633169536,4.9483774209827985e-06,2.5393873343587237e-05,0.36419040000000036,0.8076950000000028,-67.81847829461917,0.19175222986921298,-10073.237990079471,29368844.0,0.005042057437021891,112.0,0.0
stepped_cap,0.00191,407,16,4,12,117.58230958230958,98.0,0.8038608495955203,0.05578169325773674,0.07634725115794944,42.96201622455938,48.36619079954645,1.6898238179473692,4662.2437,120.00709203931194,0.7999979591646186,5.251196865307121e-06,2.8002245743415235e-05,0.36419040000000036,0.8076950000000028,-71.03706515095831,0.2008525698097471,-9127.75057699426,28287042.0,0.005182525745440535,112.0,0.0
stepped_cap,0.002011,407,12,0,12,117.58230958230958,98.0,0.8038598925712965,0.056591594913955955,0.07730559053396312,45.51176174954383,49.073355548776526,1.5850711088737235,4772.1108,120.00753579852574,0.7999945895331702,5.57978944874693e-06,3.083161357823093e-05,0.28303465000000155,0.7565299999999983,-73.85317794180098,0.20881494113959953,-8183.735490106866,30040602.0,0.005304976431390581,112.0,0.0
stepped_cap,0.002111,407,13,1,12,117.58230958230958,98.0,0.8040922002858325,0.05711184122881915,0.07787638637304829,47.95661895384112,49.81692154771863,1.4878550046280574,4820.9116,120.00797402948389,0.7999913690417707,5.9043145367076195e-06,3.3656037448009846e-05,0.28303465000000155,0.7565299999999983,-76.6170190330467,0.21662951772075198,-7274.211489339835,31851344.0,0.00541032190411986,112.0,0.0
stepped_cap,0.002212,407,16,4,12,117.58230958230958,98.0,0.8040909259062816,0.05737270020898059,0.07810422929668126,50.25982467384112,50.56904665595786,1.387782773758925,4811.8975,120.00838641277628,0.7999883899508605,6.2094890376904135e-06,3.648987107085996e-05,0.28303465000000155,0.7565299999999983,-79.26723557506153,0.22412282845768633,-6429.182423693196,33532578.0,0.005500569049261366,112.0,0.0
stepped_cap,0.002312,407,16,4,12,117.58230958230958,98.0,0.8040896248768789,0.057422146165857856,0.07805919211253241,52.38804943429812,51.3965697878784,1.0830690641444674,4751.6694,120.008757100737,0.7999856420147428,6.484306786167075e-06,3.9310848176756777e-05,0.28303465000000155,0.7565299999999983,-81.82485933748899,0.23135433927810622,-5673.161194609506,35122480.0,0.005578076004209601,112.0,0.0
stepped_cap,0.002413,407,16,8,8,117.58230958230958,98.0,0.8040884356529923,0.05731538789422705,0.0778220079094045,54.27295448684114,52.03231035742841,1.3566186331297372,4649.167,120.00910464373472,0.799983227518428,6.741732950319411e-06,4.224792073375922e-05,0.28303465000000155,0.7565299999999983,-84.04229297366105,0.23762398517720518,-5131.081172749023,36757160.0,0.005643569614441542,112.0,0.0
stepped_cap,0.002513,407,8,0,8,117.58230958230958,98.0,0.8040870570904307,0.05713562111171962,0.077523010877018,55.88087206983786,52.42464009690836,1.0930113800353263,4514.5479,120.0094301965601,0.7999810981081072,6.982615097321866e-06,4.5328744439164586e-05,0.28303465000000155,0.7565299999999983,-85.87279405847656,0.24279960506160525,-4611.969171174449,38350056.0,0.005698675571692108,112.0,0.0
trimmed_edge,0.0,407,0,0,0,117.58230958230958,98.0,0.8043061554992177,0.0,0.0,50.0,0.0,0.0,0.0,120.0,0.8000000100000014,0.0,0.0,0.1922390000000006,0.0684196999999998,-50.0,0.1413716694115407,0.0,0.0,0.0,112.0,0.0
trimmed_edge,0.000503,407,0,0,0,117.58230958230958,98.0,0.8022536270126402,0.03695689552044827,0.051990762037497355,35.93088173546276,8.417448148843727,0.237125187323307,4841.6807,120.0,0.8000152097543,0.0,0.0,0.4181520000000002,0.5516220000000025,-40.40143061179364,0.11423235384407582,-5459.063468103607,15411770.0,0.0009684673212833326,112.0,0.0
trimmed_edge,0.000603,407,0,0,0,117.58230958230958,98.0,0.8022554381884183,0.038103525550274006,0.053621179876760766,34.139286240786234,14.683060673420957,0.4261495258382422,4732.8857,120.0,0.8000171431941029,0.0,0.0,0.4658485,0.6181320000000023,-42.72176357493853,0.1207929407358842,-7512.66064919466,30346580.0,0.0012016504171612412,112.0,0.0
trimmed_edge,0.000704,407,0,0,0,117.58230958230958,98.0,0.8022573811024081,0.03981963112087102,0.05602341643791527,32.65060042661751,21.307617606014023,0.6641571895599382,4588.7227,120.00003228501235,0.8000187091646176,2.3958575479115478e-08,4.3432603685503696e-08,0.5057720000000008,0.670249000000006,-45.394643572481534,0.1283503308836716,-9284.01611394211,28448926.0,0.0016887243697576008,112.0,0.0
trimmed_edge,0.000804,407,0,0,0,117.58230958230958,98.0,0.802259504010495,0.04145395404803547,0.058288232824136636,30.2661376710074,25.625724711931802,0.9917521657553158,4404.1079,120.00116031941035,0.8000197801228492,8.594726326781324e-07,1.4138868132678139e-06,0.4865954999999998,0.6829849999999996,-45.664327213759194,0.1291128434152797,-10723.58288779922,26974152.0,0.002189406220570612,112.0,0.0
trimmed_edge,0.000905,407,0,0,0,117.58230958230958,98.0,0.8022617265419192,0.04257851489080919,0.05980895801521717,28.311534368049546,29.97079798018597,1.589362164628722,4175.5239,120.00236272727267,0.8000202870761656,1.7499653500449631e-06,2.8250741388943497e-06,0.4865954999999998,0.6829849999999996,-46.38359927518427,0.13114653725697456,-11823.62916397236,24576016.0,0.0026422661725200723,112.0,0.0
trimmed_edge,0.001005,407,12,8,4,117.58230958230958,98.0,0.8022638695552456,0.04339889639115827,0.060862013920735515,27.18554343226866,33.190482243903006,-1.7553309429104231,3902.061,120.00335307125319,0.8000202248157243,2.4836008203980346e-06,4.818679871793613e-06,0.4865954999999998,0.6829849999999996,-47.18158145454544,0.13340277871411352,-12584.928979905679,21060542.0,0.003045438496147822,112.0,0.0
trimmed_edge,0.001106,407,12,0,12,117.58230958230958,98.0,0.8022658473100824,0.044367135360107154,0.06207553829760783,27.090936491800168,35.523451642321206,-0.5667825006079992,3586.7263,120.0039819164618,0.8000193608599517,2.9497362549336615e-06,7.318349551484032e-06,0.36419040000000036,0.8076950000000028,-48.418945584766576,0.13690134336929996,-13014.438661918195,18789698.0,0.0034054570623830997,112.0,0.0
trimmed_edge,0.001206,407,12,0,12,117.58230958230958,98.0,0.8022676612033408,0.045658691951265803,0.0637038537581126,27.811748368615888,37.66615834863435,2.2522962741767425,3270.8279,120.0044028255526,0.800017927125307,3.260957188904176e-06,9.88593498818673e-06,0.36419040000000036,0.8076950000000028,-50.341683007371024,0.14233775535477264,-13136.204615212975,23390214.0,0.0037261648225575643,112.0,0.0
trimmed_edge,0.001307,407,12,0,12,117.58230958230958,98.0,0.8022691233745118,0.04718709579466477,0.0656410687933168,29.128269550201473,39.668316449919246,2.2749221526282852,3461.4536,120.00474818181827,0.8000160006388216,3.5162652285257993e-06,1.2455997058845206e-05,0.36419040000000036,0.8076950000000028,-52.772293077149875,0.14921014341983538,-12984.533793301483,26814126.0,0.004012676502823648,112.0,0.0
trimmed_edge,0.001408,407,12,0,12,117.58230958230958,98.0,0.8022702574190751,0.04877070362941283,0.06763609178248273,30.79155272167895,41.63604595522453,2.2209765089185187,3690.5566,120.00515818181802,0.8000136548894344,3.819864535808354e-06,1.4925104336855035e-05,0.36419040000000036,0.8076950000000028,-55.50149607076163,0.15692678308723276,-13122.9101511325,29086084.0,0.00426899230083975,112.0,0.0
trimmed_edge,0.001508,407,16,0,16,117.58230958230958,98.0,0.8022709219838006,0.050348459707989734,0.0696091662617877,32.780544003554446,43.368231990932195,0.8449212138244677,3927.4287,120.00559027027012,0.8000109336363646,4.1396103190024555e-06,1.741724022523342e-05,0.36419040000000036,0.8076950000000028,-58.40736268968061,0.16514292738730965,-12548.209395048862,30393958.0,0.004497122640895585,112.0,0.0
trimmed_edge,0.001609,407,20,4,16,117.58230958230958,98.0,0.8022712248023434,0.05190795327109815,0.0715558357864813,35.14739755980261,44.855541044350325,1.643559947337454,4146.728,120.0059403439804,0.800007936855036,4.3983763568304644e-06,2.0016665360393114e-05,0.36419040000000036,0.8076950000000028,-61.55463821861427,0.17404163929977848,-11821.738203954916,30705032.0,0.004699957838233145,112.0,0.0
trimmed_edge,0.001709,407,24,4,20,117.58230958230958,98.0,0.8022712145811196,0.053396152721005216,0.07341062575790429,37.6568176648878,46.13321985473789,0.6621099568598153,4329.3735,120.00633058968053,0.8000047828009839,4.687412765454547e-06,2.2638203621228503e-05,0.36419040000000036,0.8076950000000028,-64.69186015127764,0.18291192533848089,-10984.179343047637,30301938.0,0.004880648531666508,112.0,0.0
trimmed_edge,0.00181,407,12,0,12,117.58230958230958,98.0,0.8034193460358193,0.05470374098686962,0.0750315640381901,40.327952001744485,47.14843216626407,1.7982742455636114,4507.332,120.00668312039316,0.8000013633169536,4.9483774209827985e-06,2.5393873343587237e-05,0.36419040000000036,0.8076950000000028,-67.81847829461917,0.19175222986921298,-10073.237990079471,29368844.0,0.005042057437021891,112.0,0.0
trimmed_edge,0.00191,407,16,4,12,117.58230958230958,98.0,0.8038608495955203,0.05578169325773674,0.07634725115794944,42.96201622455938,48.36619079954645,1.6898238179473692,4662.2437,120.00709203931194,0.7999979591646186,5.251196865307121e-06,2.8002245743415235e-05,0.36419040000000036,0.8076950000000028,-71.03706515095831,0.2008525698097471,-9127.75057699426,28287042.0,0.005182525745440535,112.0,0.0
trimmed_edge,0.002011,407,12,0,12,117.58230958230958,98.0,0.8038598925712965,0.056591594913955955,0.07730559053396312,45.51176174954383,49.073355548776526,1.5850711088737235,4772.1108,120.00753579852574,0.7999945895331702,5.57978944874693e-06,3.083161357823093e-05,0.28303465000000155,0.7565299999999983,-73.85317794180098,0.20881494113959953,-8183.735490106866,30040602.0,0.005304976431390581,112.0,0.0
trimmed_edge,0.002111,407,13,1,12,117.58230958230958,98.0,0.8040922002858325,0.05711184122881915,0.07787638637304829,47.95661895384112,49.81692154771863,1.4878550046280574,4820.9116,120.00797402948389,0.7999913690417707,5.9043145367076195e-06,3.3656037448009846e-05,0.28303465000000155,0.7565299999999983,-76.6170190330467,0.21662951772075198,-7274.211489339835,31851344.0,0.00541032190411986,112.0,0.0
trimmed_edge,0.002212,407,16,4,12,117.58230958230958,98.0,0.8040909259062816,0.05737270020898059,0.07810422929668126,50.25982467384112,50.56904665595786,1.387782773758925,4811.8975,120.00838641277628,0.7999883899508605,6.2094890376904135e-06,3.648987107085996e-05,0.28303465000000155,0.7565299999999983,-79.26723557506153,0.22412282845768633,-6429.182423693196,33532578.0,0.005500569049261366,112.0,0.0
trimmed_edge,0.002312,407,16,4,12,117.58230958230958,98.0,0.8040896248768789,0.057422146165857856,0.07805919211253241,52.38804943429812,51.3965697878784,1.0830690641444674,4751.6694,120.008757100737,0.7999856420147428,6.484306786167075e-06,3.9310848176756777e-05,0.28303465000000155,0.7565299999999983,-81.82485933748899,0.23135433927810622,-5673.161194609506,35122480.0,0.005578076004209601,112.0,0.0
trimmed_edge,0.002413,407,16,8,8,117.58230958230958,98.0,0.8040884356529923,0.05731538789422705,0.0778220079094045,54.27295448684114,52.03231035742841,1.3566186331297372,4649.167,120.00910464373472,0.799983227518428,6.741732950319411e-06,4.224792073375922e-05,0.28303465000000155,0.7565299999999983,-84.04229297366105,0.23762398517720518,-5131.081172749023,36757160.0,0.005643569614441542,112.0,0.0
trimmed_edge,0.002513,407,8,0,8,117.58230958230958,98.0,0.8040870570904307,0.05713562111171962,0.077523010877018,55.88087206983786,52.42464009690836,1.0930113800353263,4514.5479,120.0094301965601,0.7999810981081072,6.982615097321866e-06,4.5328744439164586e-05,0.28303465000000155,0.7565299999999983,-85.87279405847656,0.24279960506160525,-4611.969171174449,38350056.0,0.005698675571692108,112.0,0.0
