dp_label,dp,field,operator,zone,count,bias,rmse,p95_abs_error,max_abs_error
dp=0.010,0.01,constant,material_only,interior,108,0.0,0.0,0.0,0.0
dp=0.010,0.01,constant,material_only,middle,233,0.0,0.0,0.0,0.0
dp=0.010,0.01,constant,material_only,near_boundary,398,0.0,0.0,0.0,0.0
dp=0.010,0.01,constant,material_only,all_valid,739,0.0,0.0,0.0,0.0
dp=0.010,0.01,constant,mode8_exact_boundary,interior,108,0.0,0.0,0.0,0.0
dp=0.010,0.01,constant,mode8_exact_boundary,middle,233,-3.1816709873317934e-14,8.557211926903218e-13,1.9194594290194815e-12,3.989751136950978e-12
dp=0.010,0.01,constant,mode8_exact_boundary,near_boundary,398,-8.751879162816189e-14,2.2269003307766767e-12,4.689229120496116e-12,1.4243927536357866e-11
dp=0.010,0.01,constant,mode8_exact_boundary,all_valid,739,-5.71661332455907e-14,1.7034281100960733e-12,3.456115761777422e-12,1.4243927536357866e-11
dp=0.010,0.01,constant,mode8_drained_zero_boundary,interior,108,0.0,0.0,0.0,0.0
dp=0.010,0.01,constant,mode8_drained_zero_boundary,middle,233,-4427.860585769171,5361.479540946,7622.091052916521,8911.069373759376
dp=0.010,0.01,constant,mode8_drained_zero_boundary,near_boundary,398,8958.09973323774,14175.584748760792,23047.487676693476,23053.94232874655
dp=0.010,0.01,constant,mode8_drained_zero_boundary,all_valid,739,3428.460321169693,10829.886455361533,23039.967740590604,23053.94232874655
dp=0.010,0.01,quadratic_r2,material_only,interior,108,-0.054427709839479387,0.0915554536918798,0.22226144056961683,0.22226144056962038
dp=0.010,0.01,quadratic_r2,material_only,middle,233,-2.204012295444734,2.6844158801965845,4.58855364079473,5.26078165605185
dp=0.010,0.01,quadratic_r2,material_only,near_boundary,398,-9.83564558416762,10.084690950860209,12.24421005140673,12.244210051406759
dp=0.010,0.01,quadratic_r2,material_only,all_valid,739,-6.0,7.55287349039694,12.2442100514067,12.244210051406759
dp=0.010,0.01,quadratic_r2,mode8_exact_boundary,interior,108,-0.054427709839479387,0.0915554536918798,0.22226144056961683,0.22226144056962038
dp=0.010,0.01,quadratic_r2,mode8_exact_boundary,middle,233,-0.12549459705242125,0.2611751556567753,0.5150860736802724,0.9520300841978377
dp=0.010,0.01,quadratic_r2,mode8_exact_boundary,near_boundary,398,-5.076899258336143e-15,1.0896398234557418e-14,2.1316282072803006e-14,3.2862601528904634e-14
dp=0.010,0.01,quadratic_r2,mode8_exact_boundary,all_valid,739,-0.047521561266414,0.15077069914292285,0.2624447596956615,0.9520300841978377
dp=0.010,0.01,quadratic_r2,mode8_drained_zero_boundary,interior,108,-0.054427709839479387,0.0915554536918798,0.22226144056961683,0.22226144056962038
dp=0.010,0.01,quadratic_r2,mode8_drained_zero_boundary,middle,233,-11.195146061475349,13.406243149623352,19.055227632291302,22.277673434398455
dp=0.010,0.01,quadratic_r2,mode8_drained_zero_boundary,near_boundary,398,22.395249333094352,35.43896187190198,57.61871919173368,57.63485582186633
dp=0.010,0.01,quadratic_r2,mode8_drained_zero_boundary,all_valid,739,8.523629241657824,27.07513593278647,57.59991935147654,57.63485582186633
dp=0.010,0.01,linear_gap,material_only,interior,107,3.514142295576276,7.4370649299517355,22.52878690936432,28.929480885812865
dp=0.010,0.01,linear_gap,material_only,middle,233,21.914035301113824,26.344737393868915,44.28289306781961,51.137988715621916
dp=0.010,0.01,linear_gap,material_only,near_boundary,398,84.98880482902463,86.46008794799332,100.28185104287746,100.28185104287752
dp=0.010,0.01,linear_gap,material_only,all_valid,738,53.262232754387526,65.2576581959981,100.2818510428774,100.28185104287752
dp=0.010,0.01,linear_gap,mode8_exact_boundary,interior,107,3.514142295576276,7.4370649299517355,22.52878690936432,28.929480885812865
dp=0.010,0.01,linear_gap,mode8_exact_boundary,middle,233,2.4799063683363562,3.296635882552057,5.564963204418795,10.118318397004636
dp=0.010,0.01,linear_gap,mode8_exact_boundary,near_boundary,398,-4.359189637380744,4.944836495883458,7.845236982841849,7.84754074770742
dp=0.010,0.01,linear_gap,mode8_exact_boundary,all_valid,738,-1.058436404103664,4.963555894126719,7.844909440846554,28.929480885812865
dp=0.010,0.01,linear_gap,mode8_drained_zero_boundary,interior,107,3.514142295576276,7.4370649299517355,22.52878690936432,28.929480885812865
dp=0.010,0.01,linear_gap,mode8_drained_zero_boundary,middle,233,2.479906368336356,3.2966358825520565,5.564963204418795,10.118318397004636
dp=0.010,0.01,linear_gap,mode8_drained_zero_boundary,near_boundary,398,-4.359189637380747,4.94483649588346,7.845236982841817,7.847540747707427
dp=0.010,0.01,linear_gap,mode8_drained_zero_boundary,all_valid,738,-1.058436404103665,4.963555894126719,7.844909440846575,28.929480885812865
dp=0.010,0.01,smooth_quartic,material_only,interior,108,425.42174165759053,425.493219989974,441.45501831930335,441.4550183193053
dp=0.010,0.01,smooth_quartic,material_only,middle,233,306.38707489257155,354.1227836571051,465.912243264303,465.9122432643119
dp=0.010,0.01,smooth_quartic,material_only,near_boundary,398,-2569.3812476105445,2985.0794738039785,4745.620681564688,4745.620681564772
dp=0.010,0.01,smooth_quartic,material_only,all_valid,739,-1225.006765899875,2205.672989975301,4745.620681564579,4745.620681564772
dp=0.010,0.01,smooth_quartic,mode8_exact_boundary,interior,108,425.42174165759053,425.493219989974,441.45501831930335,441.4550183193053
dp=0.010,0.01,smooth_quartic,mode8_exact_boundary,middle,233,249.46570416964485,372.0252752198525,563.5919219120321,563.7384007972414
dp=0.010,0.01,smooth_quartic,mode8_exact_boundary,near_boundary,398,-1701.1976496629868,1875.6686059343363,2772.0739653226433,2772.283988281871
dp=0.010,0.01,smooth_quartic,mode8_exact_boundary,all_valid,739,-775.3797123076071,1401.727853052465,2771.7942104267813,2772.283988281871
dp=0.010,0.01,smooth_quartic,mode8_drained_zero_boundary,interior,108,425.42174165759053,425.493219989974,441.45501831930335,441.4550183193053
dp=0.010,0.01,smooth_quartic,mode8_drained_zero_boundary,middle,233,249.46570416964485,372.0252752198525,563.5919219120321,563.7384007972414
dp=0.010,0.01,smooth_quartic,mode8_drained_zero_boundary,near_boundary,398,-1701.1976496629868,1875.6686059343363,2772.0739653226433,2772.283988281871
dp=0.010,0.01,smooth_quartic,mode8_drained_zero_boundary,all_valid,739,-775.3797123076071,1401.727853052465,2771.7942104267813,2772.283988281871
dp=0.008,0.008,constant,material_only,interior,251,0.0,0.0,0.0,0.0
dp=0.008,0.008,constant,material_only,middle,368,0.0,0.0,0.0,0.0
dp=0.008,0.008,constant,material_only,near_boundary,594,0.0,0.0,0.0,0.0
dp=0.008,0.008,constant,material_only,all_valid,1213,0.0,0.0,0.0,0.0
dp=0.008,0.008,constant,mode8_exact_boundary,interior,251,0.0,0.0,0.0,0.0
dp=0.008,0.008,constant,mode8_exact_boundary,middle,368,-1.9435320659815792e-13,9.956736296592628e-13,2.1417512592876907e-12,5.735390675171167e-12
dp=0.008,0.008,constant,mode8_exact_boundary,near_boundary,594,-3.8168242558325375e-13,3.473232624748256e-12,6.674170869293937e-12,2.4327084703083683e-11
dp=0.008,0.008,constant,mode8_exact_boundary,all_valid,1213,-2.45870849814159e-13,2.491609916292924e-12,4.905095880960376e-12,2.4327084703083683e-11
dp=0.008,0.008,constant,mode8_drained_zero_boundary,interior,251,0.0,0.0,0.0,0.0
dp=0.008,0.008,constant,mode8_drained_zero_boundary,middle,368,-6869.489942906324,8431.617117875876,12525.929498536618,12528.770769506815
dp=0.008,0.008,constant,mode8_drained_zero_boundary,near_boundary,594,-9268.454609685472,15412.021696290236,21694.615785303926,31035.065273749635
dp=0.008,0.008,constant,mode8_drained_zero_boundary,all_valid,1213,-6622.7818113295125,11742.461148951594,19220.59957164532,31035.065273749635
dp=0.008,0.008,quadratic_r2,material_only,interior,251,-0.028091866508462605,0.038281686220029115,0.08016743004330928,0.08016743004331328
dp=0.008,0.008,quadratic_r2,material_only,middle,368,-2.1935286914704406,2.68676686647056,4.711911676321848,4.711911676321883
dp=0.008,0.008,quadratic_r2,material_only,near_boundary,594,-10.881700981557666,11.199706852053614,13.812724334435595,14.055273974137329
dp=0.008,0.008,quadratic_r2,material_only,all_valid,1213,-6.0,7.975866056795894,13.812724334435522,14.055273974137329
dp=0.008,0.008,quadratic_r2,mode8_exact_boundary,interior,251,-0.028091866508462605,0.038281686220029115,0.08016743004330928,0.08016743004331328
dp=0.008,0.008,quadratic_r2,mode8_exact_boundary,middle,368,-0.13967219529214617,0.27131836194783443,0.740150301590377,0.7401503015903925
dp=0.008,0.008,quadratic_r2,mode8_exact_boundary,near_boundary,594,5.472614505222994e-16,1.2327016180110005e-14,2.5757174171303632e-14,5.3290705182007514e-14
dp=0.008,0.008,quadratic_r2,mode8_exact_boundary,all_valid,1213,-0.048186666414784474,0.15045318148808548,0.32726233509265246,0.7401503015903925
dp=0.008,0.008,quadratic_r2,mode8_drained_zero_boundary,interior,251,-0.028091866508462605,0.038281686220029115,0.08016743004330928,0.08016743004331328
dp=0.008,0.008,quadratic_r2,mode8_drained_zero_boundary,middle,368,-17.31339705255796,21.080788856062508,31.314823746341546,31.321926923767027
dp=0.008,0.008,quadratic_r2,mode8_drained_zero_boundary,near_boundary,594,-23.171136524213683,38.5300542407256,54.23653946325982,77.58766318437416
dp=0.008,0.008,quadratic_r2,mode8_drained_zero_boundary,all_valid,1213,-16.605141194738568,29.356538413551167,48.0514989291133,77.58766318437416
dp=0.008,0.008,linear_gap,material_only,interior,250,1.8977591867736654,6.036789503049486,9.492292872070607,36.16185110726687
dp=0.008,0.008,linear_gap,material_only,middle,368,22.90672593316867,27.741589668981298,47.821370570142534,47.821370570142676
dp=0.008,0.008,linear_gap,material_only,near_boundary,594,100.26224692818766,102.3896865189032,121.31946394621666,122.23705620025618
dp=0.008,0.008,linear_gap,material_only,all_valid,1212,56.48505743848428,73.3431332493497,121.3194639462165,122.23705620025618
dp=0.008,0.008,linear_gap,mode8_exact_boundary,interior,250,1.8977591867736654,6.036789503049486,9.492292872070607,36.16185110726687
dp=0.008,0.008,linear_gap,mode8_exact_boundary,middle,368,3.2189422578162583,3.6549239766457036,8.22009252389962,8.220092523899801
dp=0.008,0.008,linear_gap,mode8_exact_boundary,near_boundary,594,-2.318381588553403,3.182406024427429,5.230288859144054,5.999709638964603
dp=0.008,0.008,linear_gap,mode8_exact_boundary,all_valid,1212,0.2325840626807576,4.066534331749804,6.19875198350578,36.16185110726687
dp=0.008,0.008,linear_gap,mode8_drained_zero_boundary,interior,250,1.8977591867736654,6.036789503049486,9.492292872070607,36.16185110726687
dp=0.008,0.008,linear_gap,mode8_drained_zero_boundary,middle,368,3.218942257816257,3.6549239766457027,8.22009252389962,8.220092523899801
dp=0.008,0.008,linear_gap,mode8_drained_zero_boundary,near_boundary,594,-2.318381588553405,3.1824060244274266,5.2302888591440375,5.999709638964603
dp=0.008,0.008,linear_gap,mode8_drained_zero_boundary,all_valid,1212,0.2325840626807561,4.066534331749803,6.19875198350578,36.16185110726687
dp=0.008,0.008,smooth_quartic,material_only,interior,251,273.9949862886194,274.0242525360551,281.87245715561176,281.87245715561585
dp=0.008,0.008,smooth_quartic,material_only,middle,368,354.775942354694,357.91560565266326,425.3698475133549,425.36984751338446
dp=0.008,0.008,smooth_quartic,material_only,near_boundary,594,-1512.0738861026643,1933.2516335713376,3225.1983050553836,3578.0370093326837
dp=0.008,0.008,smooth_quartic,material_only,all_valid,1213,-576.1266281945686,1372.8139741095633,3225.198305055187,3578.0370093326837
dp=0.008,0.008,smooth_quartic,mode8_exact_boundary,interior,251,273.9949862886194,274.0242525360551,281.87245715561176,281.87245715561585
dp=0.008,0.008,smooth_quartic,mode8_exact_boundary,middle,368,316.83767867915054,356.58899210023037,588.6867435543932,588.9294497769168
dp=0.008,0.008,smooth_quartic,mode8_exact_boundary,near_boundary,594,-1194.8780992949532,1376.5781219350883,2072.499586158854,2167.2286980249237
dp=0.008,0.008,smooth_quartic,mode8_exact_boundary,all_valid,1213,-432.30715883662924,990.9946141561666,2072.2369474630023,2167.2286980249237
dp=0.008,0.008,smooth_quartic,mode8_drained_zero_boundary,interior,251,273.9949862886194,274.0242525360551,281.87245715561176,281.87245715561585
dp=0.008,0.008,smooth_quartic,mode8_drained_zero_boundary,middle,368,316.83767867915054,356.58899210023037,588.6867435543932,588.9294497769168
dp=0.008,0.008,smooth_quartic,mode8_drained_zero_boundary,near_boundary,594,-1194.8780992949532,1376.5781219350883,2072.499586158854,2167.2286980249237
dp=0.008,0.008,smooth_quartic,mode8_drained_zero_boundary,all_valid,1213,-432.30715883662924,990.9946141561666,2072.2369474630023,2167.2286980249237
dp=0.0065,0.0065,constant,material_only,interior,437,0.0,0.0,0.0,0.0
dp=0.0065,0.0065,constant,material_only,middle,752,0.0,0.0,0.0,0.0
dp=0.0065,0.0065,constant,material_only,near_boundary,1412,0.0,0.0,0.0,0.0
dp=0.0065,0.0065,constant,material_only,all_valid,2601,0.0,0.0,0.0,0.0
dp=0.0065,0.0065,constant,mode8_exact_boundary,interior,437,0.0,0.0,0.0,0.0
dp=0.0065,0.0065,constant,mode8_exact_boundary,middle,752,-2.2700012427040962e-13,1.0488287864925326e-12,2.2129092072069214e-12,4.8392212225009266e-12
dp=0.0065,0.0065,constant,mode8_exact_boundary,near_boundary,1412,-1.6721081019640066e-13,2.7291724965579646e-12,5.503165697091119e-12,2.9196275728848776e-11
dp=0.0065,0.0065,constant,mode8_exact_boundary,all_valid,2601,-1.5640359763501182e-13,2.0884283776817786e-12,3.846939223642599e-12,2.9196275728848776e-11
dp=0.0065,0.0065,constant,mode8_drained_zero_boundary,interior,437,0.0,0.0,0.0,0.0
dp=0.0065,0.0065,constant,mode8_drained_zero_boundary,middle,752,-6465.945144043414,7875.174452929838,11615.53037700347,11672.1175747982
dp=0.0065,0.0065,constant,mode8_drained_zero_boundary,near_boundary,1412,22330.74669492617,32471.631561742717,52766.883157551456,57024.87443007198
dp=0.0065,0.0065,constant,mode8_drained_zero_boundary,all_valid,2601,10253.219371362977,24296.802280198193,52060.49344400405,57024.87443007198
dp=0.0065,0.0065,quadratic_r2,material_only,interior,437,-0.012905770121077045,0.012905770121077046,0.012905770121083293,0.01290577012108507
dp=0.0065,0.0065,quadratic_r2,material_only,middle,752,-0.4364919632114793,0.7043178240808594,1.7290483002360704,1.7307631935779142
dp=0.0065,0.0065,quadratic_r2,material_only,near_boundary,1412,-10.815947749378227,11.876343512487239,17.046267729440366,17.141228700814366
dp=0.0065,0.0065,quadratic_r2,material_only,all_valid,2601,-6.0,8.758633514124677,16.860130336458592,17.141228700814366
dp=0.0065,0.0065,quadratic_r2,mode8_exact_boundary,interior,437,-0.012905770121077045,0.012905770121077046,0.012905770121083293,0.01290577012108507
dp=0.0065,0.0065,quadratic_r2,mode8_exact_boundary,middle,752,-0.003928972822565743,0.007527696301906921,0.013162492085618708,0.022608554887689536
dp=0.0065,0.0065,quadratic_r2,mode8_exact_boundary,near_boundary,1412,-3.8571601059498356e-15,1.4846308524534593e-14,2.930988785010413e-14,1.0658141036401503e-13
dp=0.0065,0.0065,quadratic_r2,mode8_exact_boundary,all_valid,2601,-0.003304271090152078,0.0066608749781773315,0.012905770121080629,0.022608554887689536
dp=0.0065,0.0065,quadratic_r2,mode8_drained_zero_boundary,interior,437,-0.012905770121077045,0.012905770121077046,0.012905770121083293,0.01290577012108507
dp=0.0065,0.0065,quadratic_r2,mode8_drained_zero_boundary,middle,752,-16.168791832931106,19.68793757143454,29.03882594250867,29.180293936995486
dp=0.0065,0.0065,quadratic_r2,mode8_drained_zero_boundary,near_boundary,1412,55.82686673731543,81.1790789043568,131.9172078938786,142.56218607518002
dp=0.0065,0.0065,quadratic_r2,mode8_drained_zero_boundary,all_valid,2601,25.62974415731729,60.74200606570615,130.1512336100102,142.56218607518002
dp=0.0065,0.0065,linear_gap,material_only,interior,436,1.2716901917638663,5.603467585192924,4.191498618493654,44.846193474131724
dp=0.0065,0.0065,linear_gap,material_only,middle,752,4.432352895244476,7.115969493577646,17.376293917256845,17.377556505969324
dp=0.0065,0.0065,linear_gap,material_only,near_boundary,1412,96.6375448144332,104.83301042535962,144.46111556605436,144.88763933298333
dp=0.0065,0.0065,linear_gap,material_only,all_valid,2600,53.976845991850986,77.3841381188987,143.66233375781792,144.88763933298333
dp=0.0065,0.0065,linear_gap,mode8_exact_boundary,interior,436,1.2716901917638663,5.603467585192924,4.191498618493654,44.846193474131724
dp=0.0065,0.0065,linear_gap,mode8_exact_boundary,middle,752,1.4174301016749458,1.6812877289546808,2.3363901482227836,2.339891291696283
dp=0.0065,0.0065,linear_gap,mode8_exact_boundary,near_boundary,1412,-1.285602300739048,2.4879063340310537,5.330857669396107,5.777970408474829
dp=0.0065,0.0065,linear_gap,mode8_exact_boundary,all_valid,2600,-0.07496388022112735,3.0731732012597575,4.664716522361185,44.846193474131724
dp=0.0065,0.0065,linear_gap,mode8_drained_zero_boundary,interior,436,1.2716901917638663,5.603467585192924,4.191498618493654,44.846193474131724
dp=0.0065,0.0065,linear_gap,mode8_drained_zero_boundary,middle,752,1.4174301016749464,1.681287728954681,2.336390148222806,2.3398912916962757
dp=0.0065,0.0065,linear_gap,mode8_drained_zero_boundary,near_boundary,1412,-1.2856023007390431,2.4879063340310457,5.330857669396067,5.777970408474864
dp=0.0065,0.0065,linear_gap,mode8_drained_zero_boundary,all_valid,2600,-0.07496388022112438,3.073173201259754,4.664716522361143,44.846193474131724
dp=0.0065,0.0065,smooth_quartic,material_only,interior,437,181.2288728735768,181.23657987343742,184.21517977694475,185.0859320870277
dp=0.0065,0.0065,smooth_quartic,material_only,middle,752,178.49403360211085,178.69180730756196,191.87078266718,192.96139288312543
dp=0.0065,0.0065,smooth_quartic,material_only,near_boundary,1412,-2185.744836465699,2854.3658521332463,5495.995644492895,5810.62129773348
dp=0.0065,0.0065,smooth_quartic,material_only,all_valid,2601,-1104.516408448684,2106.5888632982314,4949.154011140311,5810.62129773348
dp=0.0065,0.0065,smooth_quartic,mode8_exact_boundary,interior,437,181.2288728735768,181.23657987343742,184.21517977694475,185.0859320870277
dp=0.0065,0.0065,smooth_quartic,mode8_exact_boundary,middle,752,345.50646574679564,366.2727499734949,478.9825859160434,483.2660038641917
dp=0.0065,0.0065,smooth_quartic,mode8_exact_boundary,near_boundary,1412,-793.696226473469,1067.4103532885583,2111.4706628223194,2238.0485218876884
dp=0.0065,0.0065,smooth_quartic,mode8_exact_boundary,all_valid,2601,-300.5310234883487,814.1440689397383,1903.1699049587382,2238.0485218876884
dp=0.0065,0.0065,smooth_quartic,mode8_drained_zero_boundary,interior,437,181.2288728735768,181.23657987343742,184.21517977694475,185.0859320870277
dp=0.0065,0.0065,smooth_quartic,mode8_drained_zero_boundary,middle,752,345.50646574679564,366.2727499734949,478.9825859160434,483.2660038641917
dp=0.0065,0.0065,smooth_quartic,mode8_drained_zero_boundary,near_boundary,1412,-793.696226473469,1067.4103532885583,2111.4706628223194,2238.0485218876884
dp=0.0065,0.0065,smooth_quartic,mode8_drained_zero_boundary,all_valid,2601,-300.5310234883487,814.1440689397383,1903.1699049587382,2238.0485218876884
