run,time,frame,particles,code,excluded,steps,runtime_s,body_gravity_stop_log,hydraulic_gravity_active_log,PorePress_min,PorePress_max,PorePress_mean,PorePress_maxAbs,ExcessPorePress_min,ExcessPorePress_max,ExcessPorePress_mean,ExcessPorePress_maxAbs,PorePressRate_min,PorePressRate_max,PorePressRate_mean,PorePressRate_maxAbs,DivVel_min,DivVel_max,DivVel_mean,DivVel_maxAbs,LapPorePress_min,LapPorePress_max,LapPorePress_mean,LapPorePress_maxAbs,LapZ_min,LapZ_max,LapZ_mean,LapZ_maxAbs,Vel_mag_max,Vel_mag_mean,PorePressureAccelDiff_mag_maxAbs,settlement_dz_mean,zmin,zmax,top_count,bottom_count,bottom_ref_count,top_excess_maxAbs,bottom_excess_mean,bottom_no_flux_proxy,DivVelContribution_maxAbs,HydraulicContribution_maxAbs,stage,case,TimeMax,TimeOut
GPU,0.0,PartCsv_0000,1000.0,0.0,0.0,5244.0,12.454111,True,True,49.05000209808,9760.950417519,4905.000209808328,9760.950417519,0.0,0.0,0.0,0.0,-17.464165,17.022942,1.8655719429518973,17.464165,0.0,0.0,0.0,0.0,-725604.19,725604.25,-9.620557655580342e-05,725604.25,-73.965759,73.965759,2.7976935222824295e-06,73.965759,0.0,0.0,0.0,0.0,0.0049999999,0.995,20.0,20.0,20.0,0.0,0.0,0.0,0.0,17.4641660440367,S1-1b,,,
GPU,0.001,PartCsv_0001,1000.0,0.0,0.0,5244.0,12.454111,True,True,59.73974149028,12448.69260484,5559.3084974065405,12448.69260484,10.64294428835,2718.338734171,654.2625956639065,2718.338734171,87258.062,65867896.0,3172479.7067230064,65867896.0,-0.087318547,-2.0330654e-05,-0.004758722022728004,0.087318547,-691776.25,726688.75,-1.2770704400056274,726688.75,-73.965759,73.966591,0.00012807775199972582,73.966591,0.0094030714,0.008936236034199975,4.499119300000054,-4.657069999997694e-06,0.0049970779,0.99499524,20.0,20.0,20.0,10.7772074554,2687.7135182495,-0.27529779609994875,58212364.66666667,45388421.28508325,S1-1b,,,
GPU,0.002001,PartCsv_0002,1000.0,0.0,0.0,5244.0,12.454111,True,True,49.23170799805,23362.79727611,10781.924000843881,23362.79727611,-8.393084807778e-05,13647.40123765,5876.761666181378,13647.40123765,-650669500.0,666593600.0,10089381.81895,666593600.0,-0.12884694,-0.0018070561,-0.015134238824999997,0.12884694,-9601631.0,10017825.0,-4.9797571000158785,10017825.0,-73.965881,73.97036,0.0003425627631702071,73.97036,0.017945159,0.01391719075000003,27.979589000000086,-1.6527528999998973e-05,0.004993665,0.99498147,20.0,20.0,20.0,8.393084807778e-05,13601.784707425002,-0.5853508580003108,85897960.0,664617080.8603467,S1-1b,,,
GPU,0.003001,PartCsv_0003,1000.0,0.0,0.0,5244.0,12.454111,True,True,49.3809693304,35197.47818834,18879.633950839238,35197.47818834,-5.166566014481e-05,25442.41892939,13974.384247193368,25442.41892939,227011.98,303341540.0,10815236.18432,303341540.0,-0.0925676,-0.0030248524,-0.0162228129288,0.0925676,-735717.81,3793607.8,-2.3417397803096103,3793607.8,-73.97023,73.974274,0.0002811253682124004,73.974274,0.011046576,0.0042909957647650175,16.472294000000023,-2.543174699999664e-05,0.0049961102,0.99496627,20.0,20.0,20.0,5.166566014481e-05,25436.489609824992,-0.30620902851296705,61711733.33333334,241629830.3289161,S1-1b,,,
GPU,0.004,PartCsv_0004,1000.0,0.0,0.0,5244.0,12.454111,True,True,49.41477907006,32137.34952494,20051.001873001784,32137.34952494,2.621670333269e-05,22812.53610122,15145.783362901306,22812.53610122,-112823760.0,397072960.0,-1712576.3878989988,397072960.0,-0.086502768,0.14911814,0.0025699943829719956,0.14911814,-784553.25,5232431.0,11.633975000088569,5232431.0,-73.975677,73.974426,-5.64570929561512e-05,73.975677,0.009802990600000004,0.008994944653599991,23.764048000000006,-2.225096499999818e-05,0.0050014374,0.99496281,20.0,20.0,20.0,3.379664573799e-05,22376.413211900006,0.5170966495061293,99412093.33333336,339404478.7291879,S1-1b,,,
GPU,0.005,PartCsv_0005,1000.0,0.0,0.0,5244.0,12.454111,True,True,49.26574466595,12355.61340165,8516.321608324857,12355.61340165,0.0001009538457026,5033.574826816,3611.2254561561754,5033.574826816,-81560888.0,40640716.0,-16352217.671729999,81560888.0,-0.029421974,0.110549,0.024528893914629993,0.110549,-760005.0,1765513.5,7.293723000020488,1765513.5,-73.9758,73.966766,-0.00017767007880824793,73.9758,0.02372971500000001,0.01431525189978005,10.490982000000006,-9.779932000001344e-06,0.0050014807,0.99497801,20.0,20.0,20.0,0.0001109856469341,2594.6775112710006,0.922783091200472,73699333.33333334,103799629.40468912,S1-1b,,,
T0p05,0.0,PartCsv_0000,1000.0,0.0,0.0,52437.0,123.984268,True,True,49.05000209808,9760.950417519,4905.000209808328,9760.950417519,0.0,0.0,0.0,0.0,-17.464165,16.201284,1.764215812489899,17.464165,0.0,0.0,0.0,0.0,-725604.19,725604.25,-9.620557655580342e-05,725604.25,-73.965759,73.965759,2.6456401155741105e-06,73.965759,0.0,0.0,0.0,0.0,0.0049999999,0.995,20.0,20.0,20.0,0.0,0.0,0.0,0.0,17.4641660440367,S1-2,S1_BGStop_T005,0.05,0.002
T0p05,0.002001,PartCsv_0001,1000.0,0.0,0.0,52437.0,123.984268,True,True,49.23170799805,23362.79727611,10781.924153253745,23362.79727611,-8.393084807778e-05,13647.40123524,5876.761818591891,13647.40123524,-650669500.0,666593600.0,10089381.619259998,666593600.0,-0.12884693,-0.0018070545,-0.015134238633600005,0.12884693,-9601631.0,10017824.0,-4.982245499979705,10017824.0,-73.965881,73.97036,0.0003425398749843396,73.97036,0.017945159,0.01391719072130002,27.979586000000054,-1.6527528999998973e-05,0.004993665,0.99498147,20.0,20.0,20.0,8.393084807778e-05,13601.784707425002,-0.5853415389956353,85897953.33333334,664617016.9024806,S1-2,S1_BGStop_T005,0.05,0.002
T0p05,0.004,PartCsv_0002,1000.0,0.0,0.0,52437.0,123.984268,True,True,49.41477907397,32137.34952494,20051.001852494763,32137.34952494,2.621670332559e-05,22812.53626436,15145.783342395034,22812.53626436,-112823680.0,397072960.0,-1712575.9358899994,397072960.0,-0.086502768,0.14911811,0.0025699937648119924,0.14911811,-784553.12,5232431.0,11.632883000142407,5232431.0,-73.975677,73.974426,-5.644564886821968e-05,73.975677,0.009802990600000006,0.008994944713499986,23.764048000000003,-2.225096499999818e-05,0.0050014374,0.99496281,20.0,20.0,20.0,3.379664573799e-05,22376.413211900006,0.51694586650774,99412073.33333334,339404478.7291879,S1-2,S1_BGStop_T005,0.05,0.002
T0p05,0.006001,PartCsv_0003,1000.0,0.0,0.0,52437.0,123.984268,True,True,-8201.482813828,147.1168266652,-5736.022317457998,8201.482813828,-17000.81126674,0.000124304644828,-10640.995129549814,17000.81126674,-488263010.0,35967508.0,-16889862.0860822,488263010.0,-0.045525957,0.30573168,0.02533494208858001,0.30573168,-3947578.8,2030468.5,1.2327766999888699,3947578.8,-73.956497,73.96714,2.1833449623883893e-05,73.96714,0.02657743500000003,0.00953885283297002,16.75648900000003,2.7952150000029165e-06,0.0050002574,0.99500531,20.0,20.0,20.0,0.000124304644828,-16959.388892935003,0.49475507299939636,203821120.00000003,284441917.6004078,S1-2,S1_BGStop_T005,0.05,0.002
T0p05,0.008,PartCsv_0004,1000.0,0.0,0.0,52437.0,123.984268,True,True,-2020.236249561,178.3091959036,-1300.9648286499466,2020.236249561,-9589.027857489,-6.110533686865e-05,-6205.939888717291,9589.027857489,-14230758.0,96056640.0,11183407.147148002,96056640.0,-0.17600951,0.043110758,-0.01677474548372,0.17600951,-1651176.6,412262.31,2.301086639130255,1651176.6,-73.949226,73.973671,0.00013180035214142548,73.973671,0.01722266300000005,0.007842665802566269,12.254725000000235,2.5642120000018714e-06,0.0050011231,0.99501348,20.0,20.0,20.0,8.05516788418e-05,-9582.630204977,-0.41937030185181357,117339673.33333336,128379822.32823652,S1-2,S1_BGStop_T005,0.05,0.002
T0p05,0.010001,PartCsv_0005,1000.0,0.0,0.0,52437.0,123.984268,True,True,49.23251929876,21866.45878554,12848.480812061602,21866.45878554,-3.32399723959e-05,12108.62067706,7943.366844038312,12108.62067706,54055.66,246777500.0,4120476.7709129993,246777500.0,-0.059010468,0.0099263377,-0.006180311988919995,0.059010468,-722250.31,3292242.0,4.931786692019086,3292242.0,-73.971718,73.973877,-9.916553295863651e-05,73.973877,0.007107000800000016,0.0029457632155900273,14.217313000000022,-1.1595215000001587e-05,0.0050007394,0.99498141,20.0,20.0,20.0,3.32399723959e-05,12105.51562191,-0.06419688799724099,39340312.00000001,207554553.0805301,S1-2,S1_BGStop_T005,0.05,0.002
T0p05,0.012,PartCsv_0006,1000.0,0.0,0.0,52437.0,123.984268,True,True,49.15975462168,11410.96404399,5852.349293977315,11410.96404399,-28.85483286856,1650.784599654,947.2750219482507,1650.784599654,-70695624.0,-294670.06,-6217875.336610001,70695624.0,-0.0084824925,0.099508308,0.009326874809620002,0.099508308,-724882.94,693725.38,0.6385458859843202,724882.94,-73.965813,73.975685,-3.838143863603704e-06,73.975685,0.010526123000000007,0.004970702126240014,2.387754400000042,-7.549531000001367e-06,0.0050006798,0.9949888,20.0,20.0,20.0,4.923145719715e-05,1650.0202933309997,0.28966751024972837,66338872.00000001,40410874.85069657,S1-2,S1_BGStop_T005,0.05,0.002
T0p05,0.014001,PartCsv_0007,1000.0,0.0,0.0,52437.0,123.984268,True,True,-44.86052537962,3083.393156151,827.3692619776465,3083.393156151,-6682.834713484,7.076993625788e-06,-4077.6370220368844,6682.834713484,-84278432.0,469945.66,-753024.928959,84278432.0,-0.020935984,0.021233896,0.0011296331287358986,0.021233896,-1120790.0,492088.97,0.19632305999752134,1120790.0,-73.960846,73.972237,7.567458146905892e-05,73.972237,0.0016467540000000003,0.0007225879951400545,6.72837540000002,-6.175600000025202e-07,0.0050014569,0.99500221,20.0,20.0,20.0,7.076993625788e-06,-6677.542968426498,-0.00596876579857053,14155930.666666668,92336332.1053347,S1-2,S1_BGStop_T005,0.05,0.002
T0p05,0.016,PartCsv_0008,1000.0,0.0,0.0,52437.0,123.984268,True,True,49.0834090845,9691.645511877,4881.107402039886,9691.645511877,-72.51606079331,21.29491817776,-23.930734559330244,72.51606079331,-123356.05,26100350.0,3029329.9853632962,26100350.0,-0.026678238,0.0038036099,-0.004544003326599999,0.026678238,-724461.5,750666.88,-0.8231165133897448,750666.88,-73.966614,73.972176,7.583420414593433e-05,73.972176,0.0049327533000000055,0.0027501316944899983,0.6104519400000256,-3.865386000000241e-06,0.0050009913,0.99499661,20.0,20.0,20.0,2.307085380693e-05,-69.29518079984399,-0.1528469339649945,17785492.000000004,12782009.337546723,S1-2,S1_BGStop_T005,0.05,0.002
T0p05,0.018001,PartCsv_0009,1000.0,0.0,0.0,52437.0,123.984268,True,True,49.14755159133,13365.40439309,7224.30461516708,13365.40439309,-1.556507783107e-06,3604.945430807,2319.2359555120706,3604.945430807,-878692.0,60000928.0,221737.56129980023,60000928.0,-0.010154655,0.0014122665,-0.0003326686435981003,0.010154655,-725149.06,1030106.6,-1.3653943999750773,1030106.6,-73.973236,73.973465,7.691305597391818e-05,73.973465,0.00033279505000005833,0.00016141857267709152,3.8140011000000027,-6.977895999998969e-06,0.0050008423,0.99499005,20.0,20.0,20.0,1.556507783107e-06,3604.462239761,0.03193569970017052,6769770.000000001,53831180.41522256,S1-2,S1_BGStop_T005,0.05,0.002
T0p05,0.02,PartCsv_0010,1000.0,0.0,0.0,52437.0,123.984268,True,True,49.10357495411,8939.360307848,4430.858965439676,8939.360307848,-822.4820662016,1.565922971025e-05,-474.18517845099416,822.4820662016,-37719696.0,-90520.438,-2055329.9667579995,37719696.0,-0.0018735758,0.029746313,0.003083025198187996,0.029746313,-726672.31,674322.88,-0.45002893251762727,726672.31,-73.968536,73.972481,7.595681232430707e-05,73.972481,0.0033480821000000096,0.0015632877841510017,0.9340568800000336,-4.478354999999613e-06,0.0050009564,0.99499452,20.0,20.0,20.0,1.565922971025e-05,-821.5807286984851,0.08335653996493875,19830875.333333336,18636595.622833844,S1-2,S1_BGStop_T005,0.05,0.002
T0p05,0.022001,PartCsv_0011,1000.0,0.0,0.0,52437.0,123.984268,True,True,49.07581291883,7718.464668698,3655.4492617326027,7718.464668698,-2043.022854191,-2.13413812844e-06,-1249.581796686329,2043.022854191,-21720984.0,1176186.1,370438.5945582007,21720984.0,-0.0084936423,0.0046703829,-0.0005556287298830025,0.0084936423,-726258.5,659597.81,-0.45597778999153527,726258.5,-73.966652,73.971344,7.567719458074862e-05,73.971344,0.000654949520000079,0.0003669815829784707,2.101128800000002,-3.143558000001821e-06,0.0050008921,0.99499738,20.0,20.0,20.0,3.063247817181e-06,-2042.4769966709996,-0.034047357999725136,5662428.2,26367330.83792049,S1-2,S1_BGStop_T005,0.05,0.002
T0p05,0.024,PartCsv_0012,1000.0,0.0,0.0,52437.0,123.984268,True,True,49.10541726426,10519.33651254,5419.08803662697,10519.33651254,-7.40087003237e-06,771.9738698953,514.0411140815916,771.9738698953,-1348312.5,22593450.0,987375.7660892991,22593450.0,-0.010974125,0.00087942864,-0.0014810860984719987,0.010974125,-725532.0,766518.5,-0.9709258500047726,766518.5,-73.969452,73.971718,7.659601787379699e-05,73.971718,0.0015823712000000141,0.000769693892321004,0.8931794800023586,-4.764219000000062e-06,0.005000799,0.99499434,20.0,20.0,20.0,7.40087003237e-06,758.39393425435,-0.0366451653801505,7316083.333333334,15277371.849813119,S1-2,S1_BGStop_T005,0.05,0.002
T0p05,0.026001,PartCsv_0013,1000.0,0.0,0.0,52437.0,123.984268,True,True,49.11543241412,10602.81352504,5470.886086290768,10602.81352504,2.553808911898e-06,845.0269218107,565.8358619671781,845.0269218107,-790224.12,9858393.0,-395385.16882700083,9858393.0,-0.0027137343,0.0040376149,0.0005930662943699999,0.0040376149,-725690.75,755402.0,-0.8594109949718696,755402.0,-73.970863,73.971886,7.611055713776693e-05,73.971886,0.0006503694500000205,0.00040549133621200963,0.9894839500000007,-5.093874999998887e-06,0.0050007864,0.99499333,20.0,20.0,20.0,3.041826829531e-06,841.8708226321999,0.02929257611469893,2691743.266666667,11955984.626571529,S1-2,S1_BGStop_T005,0.05,0.002
T0p05,0.028,PartCsv_0014,1000.0,0.0,0.0,52437.0,123.984268,True,True,49.0949057002,9039.064659914,4479.925312441201,9039.064659914,-722.4100603605,3.615533067602e-06,-425.11463155386474,722.4100603605,-15535289.0,-33963.773,-488062.8622809998,15535289.0,-0.00032544506,0.0055657392,0.0007321073350400007,0.0055657392,-726249.69,693280.31,-0.6134061649035429,726249.69,-73.968422,73.971489,7.552375972244363e-05,73.971489,0.0007730327200000102,0.00038292066835611603,0.8015899700000002,-4.050411999999221e-06,0.0050008367,0.99499542,20.0,20.0,20.0,3.615533067602e-06,-721.8775497487502,0.016430003989739816,3710492.8000000007,12407597.35507985,S1-2,S1_BGStop_T005,0.05,0.002
T0p05,0.03,PartCsv_0015,1000.0,0.0,0.0,52437.0,123.984268,True,True,49.09406944989,9296.393924841,4646.40105229284,9296.393924841,-464.6697320318,-1.996103037527e-06,-258.6384285718758,464.6697320318,-2427020.8,1081340.4,295302.02979930036,2427020.8,-0.0028135933,0.0010891468,-0.00044294706946699977,0.0028135933,-725788.94,715190.44,-0.6857791219949723,725788.94,-73.968872,73.971153,7.592100025365767e-05,73.971153,0.00048642786000001255,0.00027105412847200876,0.43213636000000155,-4.001350000000046e-06,0.0050007869,0.99499553,20.0,20.0,20.0,2.275059443946e-06,-464.54877398049996,-0.018609269074943313,1875728.866666667,4302744.454638125,S1-2,S1_BGStop_T005,0.05,0.002
T0p05,0.032001,PartCsv_0016,1000.0,0.0,0.0,52437.0,123.984268,True,True,49.10448905387,10138.97249521,5172.13026021747,10138.97249521,-1.564626145978e-06,394.4700034737,267.0854809520978,394.4700034737,-877058.88,9043605.0,210056.01309299987,9043605.0,-0.0029129309,0.00026987022,-0.0003150945137619996,0.0029129309,-725670.38,744357.75,-0.8525004040042404,744357.75,-73.969818,73.971291,7.642447035155442e-05,73.971291,0.0003345308900000043,0.00013347746112951365,0.4469481100007056,-4.5452770000011316e-06,0.0050007552,0.99499446,20.0,20.0,20.0,1.564626145978e-06,378.0294867449999,-0.004657243930068944,1941953.9333333336,7101656.457356438,S1-2,S1_BGStop_T005,0.05,0.002
T0p05,0.034,PartCsv_0017,1000.0,0.0,0.0,52437.0,123.984268,True,True,49.10320342251,9825.027056591,4974.276329498532,9825.027056591,1.439150878468e-06,106.8909655096,69.23291563366129,106.8909655096,-2134553.8,-8094.1187,-241269.31628040018,2134553.8,-0.00053140329,0.0034157427,0.00036190448992199964,0.0034157427,-725830.5,727742.62,-0.7413114283063915,727742.62,-73.969833,73.971199,7.603804595314046e-05,73.971199,0.00039390236000000584,0.0002083041071338777,0.15477526000000622,-4.405472000001131e-06,0.0050007557,0.99499458,20.0,20.0,20.0,1.84231151934e-06,64.08405226641999,0.012340716265498486,2277161.8000000003,1194609.8820931024,S1-2,S1_BGStop_T005,0.05,0.002
T0p05,0.036001,PartCsv_0018,1000.0,0.0,0.0,52437.0,123.984268,True,True,49.09672427544,9415.471492131,4713.79053103161,9415.471492131,-345.6482950424,5.429884595287e-07,-191.24965625292276,345.6482950424,-4650659.5,57.617191,-69421.81525662696,4650659.5,-0.00073343009,0.0013124628,0.00010413768020730005,0.0013124628,-725850.19,713513.75,-0.6971706910131034,725850.19,-73.96917,73.970955,7.602675411568782e-05,73.970955,0.00011986248000000852,5.7445582167410236e-05,0.3320365000000013,-4.076018999998945e-06,0.005000744,0.99499524,20.0,20.0,20.0,5.429884595287e-07,-345.4716254119999,0.0010394072500616858,874975.2000000001,4744191.9898063205,S1-2,S1_BGStop_T005,0.05,0.002
T0p05,0.038,PartCsv_0019,1000.0,0.0,0.0,52437.0,123.984268,True,True,49.09870512385,9683.592759441,4882.37994487845,9683.592759441,-77.42478933644,0.4202649576305,-22.661218126568482,77.42478933644,-76260.25,953620.19,132038.9698852,953620.19,-0.0012780298,0.00024174657,-0.00019805774759040006,0.0012780298,-725735.88,726102.69,-0.7429079784005881,726102.69,-73.96946,73.970901,7.644605102306912e-05,73.970901,0.0002119233800000069,0.00010673694300155914,0.12881492000001118,-4.174563999999916e-06,0.0050007235,0.99499506,20.0,20.0,20.0,9.911823894981e-07,-77.35055883213099,-0.0067668543789807245,852019.8666666668,643007.9308868503,S1-2,S1_BGStop_T005,0.05,0.002
T0p05,0.040001,PartCsv_0020,1000.0,0.0,0.0,52437.0,123.984268,True,True,49.10150185018,9864.025901252,4995.391943549147,9864.025901252,-6.512119199442e-08,134.7113436415,90.34961770936864,134.7113436415,-362165.75,2672353.2,8483.540105063059,2672353.2,-0.00045667507,0.00038755004,-1.2728786153820007e-05,0.00045667507,-725752.12,731835.31,-0.7799467656343477,731835.31,-73.969757,73.970894,7.602301309151472e-05,73.970894,3.329279900007337e-05,1.4326910097811523e-05,0.15673260000000003,-4.294397e-06,0.0050007142,0.99499476,20.0,20.0,20.0,6.512119199442e-08,103.08249242200004,0.002068606635049264,304450.0466666667,2375375.5412844033,S1-2,S1_BGStop_T005,0.05,0.002
T0p05,0.042,PartCsv_0021,1000.0,0.0,0.0,52437.0,123.984268,True,True,49.09948804115,9673.214216361,4874.1900009930505,9673.214216361,-87.83976270412,7.327353799269e-07,-30.851068217208145,87.83976270412,-1708505.2,-3449.9929,-97368.45235350006,1708505.2,-7.5711854e-05,0.0013853272,0.0001460544323580001,0.0013853272,-725775.62,723158.06,-0.7296478999942774,725775.62,-73.969582,73.970764,7.610612676647577e-05,73.970764,0.00015666476000000858,8.006607151910558e-05,0.11898945000000517,-4.161896999998706e-06,0.0050007072,0.99499494,20.0,20.0,20.0,7.327353799269e-07,-87.72926158119,0.004022658587004457,923551.4666666668,910567.2626571541,S1-2,S1_BGStop_T005,0.05,0.002
T0p05,0.044001,PartCsv_0022,1000.0,0.0,0.0,52437.0,123.984268,True,True,49.09804192475,9614.929030234,4836.287524062768,9614.929030234,-146.1108650362,-4.568786948767e-08,-68.7527353045437,146.1108650362,-1172105.0,41471.73,9036.860258843028,1172105.0,-0.00039538328,0.0004596244,-1.355302314131004e-05,0.0004596244,-725758.31,722212.25,-0.727546680697822,725758.31,-73.969498,73.970665,7.643035793942942e-05,73.970665,2.4461637000022048e-05,1.4716865330565804e-05,0.1275362200000126,-4.083257999998773e-06,0.0050006951,0.99499512,20.0,20.0,20.0,8.875419865717e-08,-146.01456705275,-0.0011667480749792958,306416.26666666666,1361467.8301053324,S1-2,S1_BGStop_T005,0.05,0.002
T0p05,0.046,PartCsv_0023,1000.0,0.0,0.0,52437.0,123.984268,True,True,49.0992002613,9739.071429702,4913.865376931866,9739.071429702,-21.93230888869,25.1625264581,8.824622628283462,25.1625264581,-176454.98,826932.31,39481.276525199966,826932.31,-0.00049151375,0.00025793855,-5.922236183199999e-05,0.00049151375,-725717.94,726979.75,-0.749246593947988,726979.75,-73.96962,73.970619,7.58930391131969e-05,73.970619,6.427183700001531e-05,2.8892122426029506e-05,0.09501311900000024,-4.131313999999661e-06,0.0050006835,0.994995,20.0,20.0,20.0,3.00606089354e-07,-21.87228393515,-0.0016406735704990183,327675.8333333334,499257.7322460076,S1-2,S1_BGStop_T005,0.05,0.002
T0p05,0.048001,PartCsv_0024,1000.0,0.0,0.0,52437.0,123.984268,True,True,49.09955115057,9747.684291758,4918.67216369081,9747.684291758,-13.35496072401,30.52592128432,13.631436767938926,30.52592128432,-292326.97,389437.5,-21591.943953400016,389437.5,-0.00012357709,0.00042772485,3.238783622277994e-05,0.00042772485,-725757.06,726811.06,-0.7504291459933156,726811.06,-73.969696,73.970589,7.640813503996924e-05,73.970589,3.551381500000172e-05,2.712300806620746e-05,0.0887652860000011,-4.129667999998821e-06,0.0050006751,0.99499494,20.0,20.0,20.0,1.555352255878e-07,-13.25950112517,0.0022214720130033783,285149.9,457382.45667686226,S1-2,S1_BGStop_T005,0.05,0.002
T0p05,0.05,PartCsv_0025,1000.0,0.0,0.0,52437.0,123.984268,True,True,49.09851350561,9676.937094698,4873.266893885138,9676.937094698,-84.08403599729,2.01457254434e-07,-31.77319037822095,84.08403599729,-830640.56,-1152.4874,-28171.656064200004,830640.56,-6.2530977e-05,0.00044420548,4.225927332828997e-05,0.00044420548,-725736.0,723859.88,-0.7357147893911461,725736.0,-73.969604,73.970512,7.680286000879732e-05,73.970512,4.307300700000867e-05,2.6615246660010778e-05,0.10141011000000298,-4.062682000002069e-06,0.0050006667,0.99499506,20.0,20.0,20.0,2.01457254434e-07,-84.00678167168999,0.001012046344015971,296136.9866666667,684894.4675501197,S1-2,S1_BGStop_T005,0.05,0.002
T0p20,0.0,PartCsv_0000,1000.0,0.0,0.0,209747.0,490.911163,True,True,49.05000209808,9760.950417519,4905.000209808328,9760.950417519,0.0,0.0,0.0,0.0,-17.464165,17.022942,1.8658615937098981,17.464165,0.0,0.0,0.0,0.0,-725604.19,725604.25,-9.620557655580342e-05,725604.25,-73.965759,73.965759,2.7981087888377944e-06,73.965759,0.0,0.0,0.0,0.0,0.0049999999,0.995,20.0,20.0,20.0,0.0,0.0,0.0,0.0,17.4641660440367,S1-2,S1_BGStop_T020,0.2,0.01
T0p20,0.010001,PartCsv_0001,1000.0,0.0,0.0,209747.0,490.911163,True,True,49.23251926712,21866.45704943,12848.478897826906,21866.45704943,-3.323996912741e-05,12108.61863019,7943.364929829473,12108.61863019,54055.992,246777420.0,4120476.156985,246777420.0,-0.059010446,0.0099263536,-0.006180311125609995,0.059010446,-722250.69,3292241.2,4.9308973239643965,3292241.2,-73.971718,73.973877,-9.915957541034004e-05,73.973877,0.007106999900000007,0.0029457636498600288,14.217308000000001,-1.1595215000001587e-05,0.0050007394,0.99498141,20.0,20.0,20.0,3.323996912741e-05,12105.5138858,-0.063792288001423,39340297.333333336,207554498.7142372,S1-2,S1_BGStop_T020,0.2,0.01
T0p20,0.02,PartCsv_0002,1000.0,0.0,0.0,209747.0,490.911163,True,True,49.10357494205,8939.36095889,4430.859291954313,8939.36095889,-822.4814618607,1.565922536173e-05,-474.1848519294671,822.4814618607,-37719668.0,-90520.516,-2055329.6196940013,37719668.0,-0.0018735748,0.029746303,0.003083024670126997,0.029746303,-726672.38,674322.88,-0.450040265706135,726672.38,-73.968536,73.972481,7.595526602415248e-05,73.972481,0.0033480814,0.0015632874955250056,0.9340564000000429,-4.478354999999613e-06,0.0050009564,0.99499452,20.0,20.0,20.0,1.565922536173e-05,-821.5800776567997,0.08340161464025186,19830868.66666667,18636589.23479443,S1-2,S1_BGStop_T020,0.2,0.01
T0p20,0.03,PartCsv_0003,1000.0,0.0,0.0,209747.0,490.911163,True,True,49.09406944563,9296.394141845,4646.401159562732,9296.394141845,-464.669547399,-1.996100877477e-06,-258.63832129405165,464.669547399,-2427017.0,1081345.2,295302.0373856995,2427017.0,-0.0028135949,0.0010891474,-0.0004429471125200004,0.0028135949,-725789.0,715190.44,-0.6860059000080219,725789.0,-73.968872,73.971153,7.592100025365767e-05,73.971153,0.00048642786000006714,0.00027105407194401044,0.43213627000000027,-4.001350000000046e-06,0.0050007869,0.99499553,20.0,20.0,20.0,2.275060523971e-06,-464.5485569666001,-0.018568217930180708,1875729.9333333336,4302741.056744821,S1-2,S1_BGStop_T020,0.2,0.01
T0p20,0.040001,PartCsv_0004,1000.0,0.0,0.0,209747.0,490.911163,True,True,49.1015018446,9864.02583342,4995.391897660711,9864.02583342,-6.512010486404e-08,134.7112801468,90.34957183046512,134.7112801468,-362165.72,2672350.8,8483.43593816603,2672350.8,-0.00045667481,0.00038754771,-1.2728632821430038e-05,0.00045667481,-725752.12,731835.31,-0.7798089704146841,731835.31,-73.969757,73.970894,7.601919839424909e-05,73.970894,3.32928430000076e-05,1.4326975538430605e-05,0.15673254000004763,-4.294397e-06,0.0050007142,0.99499476,20.0,20.0,20.0,6.512010486404e-08,103.08242460515001,0.0020706138300141674,304449.87333333335,2375373.502548422,S1-2,S1_BGStop_T020,0.2,0.01
T0p20,0.05,PartCsv_0005,1000.0,0.0,0.0,209747.0,490.911163,True,True,49.09851349833,9676.937108238,4873.266894516767,9676.937108238,-84.08401310556,2.01457254434e-07,-31.773189736567534,84.08401310556,-830640.56,-1152.4874,-28171.62870529998,830640.56,-6.25311e-05,0.00044420411,4.225923847253004e-05,0.00044420411,-725736.0,723859.88,-0.7358326321796048,725736.0,-73.969604,73.970512,7.681000063894317e-05,73.970512,4.3072981000000746e-05,2.661522275741385e-05,0.10141007000000016,-4.062682000002069e-06,0.0050006667,0.99499506,20.0,20.0,20.0,2.01457254434e-07,-84.00676810833,0.0010042026515009184,296136.07333333336,684894.4675501197,S1-2,S1_BGStop_T020,0.2,0.01
T0p20,0.06,PartCsv_0006,1000.0,0.0,0.0,209747.0,490.911163,True,True,49.09817382872,9710.729768203,4891.69472324161,9710.729768203,-50.26466878018,-2.088947326229e-08,-13.344598484070202,50.26466878018,-185525.81,19809.246,2427.0155187080013,185525.81,-8.3817795e-05,0.00027264329,-3.6407101503099983e-06,0.00027264329,-725703.5,725426.12,-0.7424158715896774,725703.5,-73.969658,73.970245,7.550449212857301e-05,73.970245,1.828754100001481e-05,7.2193805355314235e-06,0.07853613000000095,-3.986856000000091e-06,0.0050006253,0.99499512,20.0,20.0,20.0,2.469055004894e-08,-50.21451483375,-0.00014275241250771842,181762.19333333336,114871.29009493715,S1-2,S1_BGStop_T020,0.2,0.01
T0p20,0.070001,PartCsv_0007,1000.0,0.0,0.0,209747.0,490.911163,True,True,49.09781521903,9716.712600762,4893.225231370499,9716.712600762,-44.27467392799,2.466876480867e-08,-11.81335894959392,44.27467392799,-160380.59,1143.7637,-4024.5808765386037,160380.59,-5.6803357e-05,0.00023576907,6.037308091345012e-06,0.00023576907,-725693.38,725484.88,-0.7430242737684166,725693.38,-73.969688,73.970055,7.61813110821521e-05,73.970055,1.8263861000014362e-05,8.103074347684981e-06,0.06647284300000006,-3.914371999999339e-06,0.0050005927,0.99499512,20.0,20.0,20.0,2.466876480867e-08,-44.23200479648,0.00013932718901088492,157179.38000000003,88658.09720468911,S1-2,S1_BGStop_T020,0.2,0.01
T0p20,0.08,PartCsv_0008,1000.0,0.0,0.0,209747.0,490.911163,True,True,49.09743599899,9717.272948348,4891.790893932091,9717.272948348,-43.70645973398,1.56289985398e-08,-13.247005602918456,43.70645973398,-132696.39,1931.8409,-2754.4198396712954,132696.39,-4.8106984e-05,0.00019515428,4.1321135414810144e-06,0.00019515428,-725683.0,725442.88,-0.7429460019286489,725683.0,-73.969688,73.96991,7.624421357064648e-05,73.96991,1.545035800001699e-05,6.6401384701398995e-06,0.058680698000025455,-3.840517000001645e-06,0.0050005652,0.99499518,20.0,20.0,20.0,1.56289985398e-08,-43.67192585872899,0.0001229470874974936,130102.85333333335,78675.14916751428,S1-2,S1_BGStop_T020,0.2,0.01
T0p20,0.09,PartCsv_0009,1000.0,0.0,0.0,209747.0,490.911163,True,True,49.09715950152,9720.392437005,4892.258791220207,9720.392437005,-40.58167710563,1.170269570139e-08,-12.778503466927488,40.58167710563,-112080.17,1718.644,-2140.352079312498,112080.17,-4.074187e-05,0.00016484885,3.2101859001250037e-06,0.00016484885,-725675.75,725496.44,-0.7435842519745929,725675.75,-73.969704,73.969788,7.547883801598232e-05,73.969788,1.3459079000002015e-05,5.907604173462007e-06,0.05179250200000187,-3.7819900000014405e-06,0.0050005419,0.99499518,20.0,20.0,20.0,1.170269570139e-08,-40.55266655494451,9.63216670015754e-05,109899.23333333335,61064.68095344887,S1-2,S1_BGStop_T020,0.2,0.01
T0p20,0.100001,PartCsv_0010,1000.0,0.0,0.0,209747.0,490.911163,True,True,49.09692037589,9722.425157988,4892.2780579015,9722.425157988,-38.54519864383,1.068870858489e-08,-12.75867949413531,38.54519864383,-97076.375,1399.0662,-1939.1255214161001,97076.375,-3.4612447e-05,0.00014279813,2.9084797617930028e-06,0.00014279813,-725670.19,725511.62,-0.7435319785426836,725670.19,-73.969711,73.969681,7.56032684678729e-05,73.969711,1.2014390000121663e-05,5.520462810343118e-06,0.04642193400001306,-3.721208000001745e-06,0.0050005214,0.99499524,20.0,20.0,20.0,1.068870858489e-08,-38.52014498963699,7.898790751426077e-05,95198.75333333334,51834.781515459435,S1-2,S1_BGStop_T020,0.2,0.01
T0p20,0.11,PartCsv_0011,1000.0,0.0,0.0,209747.0,490.911163,True,True,49.09671365299,9724.201616501,4892.316334224622,9724.201616501,-36.76506360555,9.266308609313e-09,-12.719887182552295,36.76506360555,-84977.695,1438.3954,-1699.2679991563982,84977.695,-2.9769348e-05,0.00012509266,2.5493915908199917e-06,0.00012509266,-725665.12,725521.38,-0.7437369074097369,725665.12,-73.969711,73.969604,7.633008020629006e-05,73.969711,1.0793905004258077e-05,5.122336432801525e-06,0.042018715000057064,-3.671396000001995e-06,0.0050005033,0.99499524,20.0,20.0,20.0,9.266308609313e-09,-36.74386257358001,5.804003399134672e-05,83395.10666666667,47896.57152565186,S1-2,S1_BGStop_T020,0.2,0.01
T0p20,0.12,PartCsv_0012,1000.0,0.0,0.0,209747.0,490.911163,True,True,49.09653090903,9725.756034388,4892.3663542402455,9725.756034388,-35.20862741126,8.24253021392e-09,-12.66938529604035,35.20862741126,-75531.797,1049.3485,-1522.185298882818,75531.797,-2.5837753e-05,0.00011115651,2.2832676964299996e-06,0.00011115651,-725661.94,725531.88,-0.7438124980978901,725661.94,-73.969704,73.969521,7.581020410401607e-05,73.969704,9.776486900694347e-06,4.795658032628853e-06,0.03839748400003054,-3.6190949999997424e-06,0.0050004874,0.99499524,20.0,20.0,20.0,8.24253021392e-09,-35.1896023199745,6.276835051011176e-05,74104.34000000001,43889.09616037893,S1-2,S1_BGStop_T020,0.2,0.01
T0p20,0.130001,PartCsv_0013,1000.0,0.0,0.0,209747.0,490.911163,True,True,49.09636543464,9727.151470995,4892.43183749137,9727.151470995,-33.81136415074,7.436575799602e-09,-12.603448712834732,33.81136415074,-68102.281,919.86768,-1392.161822391201,68102.281,-2.2589566e-05,0.00010023734,2.0880522257199947e-06,0.00010023734,-725659.0,725537.0,-0.7440908825476654,725659.0,-73.969711,73.969444,7.57016100912864e-05,73.969711,8.957568800210724e-06,4.531979351718789e-06,0.03531023500040502,-3.5765989999999614e-06,0.005000473,0.9949953,20.0,20.0,20.0,7.436575799602e-09,-33.794308130807,5.2541249992543726e-05,66824.89333333334,41949.55283724073,S1-2,S1_BGStop_T020,0.2,0.01
T0p20,0.14,PartCsv_0014,1000.0,0.0,0.0,209747.0,490.911163,True,True,49.09621102793,9728.340779253,4892.442542304788,9728.340779253,-32.62036222507,7.281919067736e-09,-12.592314584046212,32.62036222507,-60876.051,797.60529,-1333.2172084920003,60876.051,-1.9806006e-05,8.9616689e-05,1.999654720159989e-06,8.9616689e-05,-725656.44,725533.44,-0.744085269205505,725656.44,-73.969719,73.969391,7.567130863212412e-05,73.969719,8.236980600219232e-06,4.304077595360461e-06,0.032666646000264844,-3.5335939999986585e-06,0.0050004595,0.9949953,20.0,20.0,20.0,7.281919067736e-09,-32.60512966419999,4.50202730064575e-05,59744.45933333334,43388.49201495262,S1-2,S1_BGStop_T020,0.2,0.01
T0p20,0.15,PartCsv_0015,1000.0,0.0,0.0,209747.0,490.911163,True,True,49.096063939,9729.457681886,4892.500840191444,9729.457681886,-31.50643075475,7.009639091393e-09,-12.533608038597258,31.50643075475,-56406.652,7012.105,-1289.5124399000008,56406.652,-1.7555329e-05,8.2590304e-05,1.9343131561399944e-06,8.2590304e-05,-725658.94,725521.62,-0.7438366208891384,725658.94,-73.969727,73.969322,7.584451695981897e-05,73.969727,7.649035125260208e-06,4.114701780021354e-06,0.030389534000003344,-3.4893750000018765e-06,0.0050004474,0.9949953,20.0,20.0,20.0,7.009639091393e-09,-31.48834567464549,0.00018873503351457543,55060.20266666667,47212.36493374082,S1-2,S1_BGStop_T020,0.2,0.01
T0p20,0.160001,PartCsv_0016,1000.0,0.0,0.0,209747.0,490.911163,True,True,49.09592064219,9730.429685632,4892.527822962639,9730.429685632,-30.52904035697,6.744976133177e-09,-12.50623524540521,30.52904035697,-51171.859,648.84583,-1225.954192922,51171.859,-1.5715761e-05,7.5352451e-05,1.8394534940700024e-06,7.5352451e-05,-725652.56,725525.0,-0.7437074659871868,725652.56,-73.969727,73.969292,7.632471260330931e-05,73.969727,7.105788912690794e-06,3.91557021153962e-06,0.028440207005019962,-3.4519570000020143e-06,0.0050004362,0.9949953,20.0,20.0,20.0,6.744976133177e-09,-30.516452364192002,4.022383950186281e-05,50234.96733333334,46859.766904517695,S1-2,S1_BGStop_T020,0.2,0.01
T0p20,0.17,PartCsv_0017,1000.0,0.0,0.0,209747.0,490.911163,True,True,49.09577901046,9731.338892143,4892.576562487872,9731.338892143,-29.61887376642,6.876760494379e-09,-12.457121659027884,29.61887376642,-49590.906,563.28882,-1227.584682605,49590.906,-1.4069898e-05,6.9145251e-05,1.84131380639e-06,6.9145251e-05,-725650.88,725517.56,-0.743915486090118,725650.88,-73.969727,73.969231,7.578635327408278e-05,73.969727,6.665547124028028e-06,3.7767109902229785e-06,0.026712509000013176,-3.410898999998127e-06,0.005000426,0.99499536,20.0,20.0,20.0,6.876760494379e-09,-29.607347275343,3.9151654998903496e-05,46096.83400000001,49784.71219843628,S1-2,S1_BGStop_T020,0.2,0.01
T0p20,0.18,PartCsv_0018,1000.0,0.0,0.0,209747.0,490.911163,True,True,49.09563579712,9732.153348567,4892.607932929769,9732.153348567,-28.80374999925,6.885471748319e-09,-12.42539124821526,28.80374999925,-54158.141,865.8772,-1214.2910332505003,54158.141,-1.2717924e-05,6.3985426e-05,1.8216983805300068e-06,6.3985426e-05,-725649.75,725505.62,-0.7437933167144656,725649.75,-73.969711,73.9692,7.608521623303944e-05,73.969711,6.253681937405876e-06,3.6302897559395167e-06,0.025190096000000058,-3.37512700000122e-06,0.0050004162,0.99499536,20.0,20.0,20.0,6.885471748319e-09,-28.792985703173002,1.952821399342497e-05,42656.95066666667,54409.88583078205,S1-2,S1_BGStop_T020,0.2,0.01
T0p20,0.190001,PartCsv_0019,1000.0,0.0,0.0,209747.0,490.911163,True,True,49.09549012344,9732.923073222,4892.659086271291,9732.923073222,-28.03583637669,7.076074837187e-09,-12.373890589324885,28.03583637669,-61737.863,9633.6445,-1228.740547725417,61737.863,-1.1541979e-05,5.9520931e-05,1.8436237729000103e-06,5.9520931e-05,-725651.19,725483.75,-0.743447402602178,725651.19,-73.969711,73.969154,7.630956608507234e-05,73.969711,5.912540904780169e-06,3.5097377043472547e-06,0.023840001000346746,-3.341645999999912e-06,0.0050004073,0.99499536,20.0,20.0,20.0,7.076074837187e-09,-28.023349337169503,0.0001355507864957417,39680.62066666667,61906.31804281246,S1-2,S1_BGStop_T020,0.2,0.01
T0p20,0.2,PartCsv_0020,1000.0,0.0,0.0,209747.0,490.911163,True,True,49.09534023361,9733.595858767,4892.69216546615,9733.595858767,-27.35972367609,7.341817820361e-09,-12.340475404623668,27.35972367609,-62076.809,417.79678,-1259.5483382549999,62076.809,-1.0495801e-05,5.5523942e-05,1.889630628188005e-06,5.5523942e-05,-725647.06,725486.5,-0.7435015469833742,725647.06,-73.969719,73.969116,7.60542762021288e-05,73.969719,5.5996388000854816e-06,3.3999588440366865e-06,0.02266722000039372,-3.30299899999993e-06,0.005000399,0.99499536,20.0,20.0,20.0,7.341817820361e-09,-27.350646971834003,3.0682373495238835e-05,37015.96133333334,62134.69520896983,S1-2,S1_BGStop_T020,0.2,0.01
T3p6,0.0,PartCsv_0000,1000.0,0.0,0.0,3775438.0,8841.972656,True,True,49.05000209808,9760.950417519,4905.000209808328,9760.950417519,0.0,0.0,0.0,0.0,-17.464165,17.022942,1.8579599312818973,17.464165,0.0,0.0,0.0,0.0,-725604.19,725604.25,-9.620557655580342e-05,725604.25,-73.965759,73.965759,2.786275510928249e-06,73.965759,0.0,0.0,0.0,0.0,0.0049999999,0.995,20.0,20.0,20.0,0.0,0.0,0.0,0.0,17.4641660440367,S1-3,S1_BGStop_T36,3.6,0.1
T3p6,0.100001,PartCsv_0001,1000.0,0.0,0.0,3775438.0,8841.972656,True,True,49.09692036357,9722.425208847,4892.278104714047,9722.425208847,-38.54514617748,1.068871569032e-08,-12.758632673318255,38.54514617748,-97076.375,1399.0089,-1939.123495729602,97076.375,-3.4612451e-05,0.00014279802,2.908470101819008e-06,0.00014279802,-725670.19,725511.62,-0.7435481889049989,725670.19,-73.969711,73.969681,7.561069227715222e-05,73.969711,1.2014427000335717e-05,5.520491680407763e-06,0.046421967000003915,-3.7212090000017467e-06,0.0050005214,0.99499524,20.0,20.0,20.0,1.068871569032e-08,-38.520094127007,7.900161899243585e-05,95198.68000000001,51833.42235813803,S1-3,S1_BGStop_T36,3.6,0.1
T3p6,0.2,PartCsv_0002,1000.0,0.0,0.0,3775438.0,8841.972656,True,True,49.09534020559,9733.598964689,4892.69401757393,9733.598964689,-27.35661834722,7.34399918656e-09,-12.338623269972901,27.35661834722,-62039.555,417.19778,-1259.746481318,62039.555,-1.0494925e-05,5.5574073e-05,1.8899059114490025e-06,5.5574073e-05,-725647.06,725486.62,-0.7433046264501754,725647.06,-73.969719,73.969116,7.604769365896402e-05,73.969719,5.599491523556576e-06,3.400135590619433e-06,0.022666082000760267,-3.30299899999993e-06,0.005000399,0.99499536,20.0,20.0,20.0,7.34399918656e-09,-27.347540960550997,2.6960944008891374e-05,37049.382000000005,62096.638803940215,S1-3,S1_BGStop_T36,3.6,0.1
T3p6,0.3,PartCsv_0003,1000.0,0.0,0.0,3775438.0,8841.972656,True,True,49.09351997508,9738.484920708,4893.197931198031,9738.484920708,-22.46846640151,1.014741712879e-08,-11.831794297416701,22.46846640151,-113340.47,18020.191,-1570.4485799537,113340.47,-4.5200809e-06,3.1774096e-05,2.3556454174350004e-06,3.1774096e-05,-725641.62,725351.5,-0.7422806629149709,725641.62,-73.969719,73.968887,7.566580016188596e-05,73.969719,3.7401467008521e-06,2.6835748374321165e-06,0.015393084000085759,-3.0111139999994556e-06,0.0050003361,0.99499553,20.0,20.0,20.0,1.014741712879e-08,-22.4621988927755,6.696055849531035e-05,21182.73066666667,113347.79476724484,S1-3,S1_BGStop_T36,3.6,0.1
T3p6,0.400001,PartCsv_0004,1000.0,0.0,0.0,3775438.0,8841.972656,True,True,49.09119115715,9741.405289147,4893.833418871956,9741.405289147,-19.54553905276,1.185408393667e-08,-11.193895640865785,19.54553905276,-129806.22,856.80353,-1770.5925882085498,129806.22,-1.5621742e-06,2.118164e-05,2.656027306671002e-06,2.118164e-05,-725637.0,725316.25,-0.7427296556581278,725637.0,-73.969727,73.968735,7.586891611390456e-05,73.969727,2.95748350543162e-06,2.292593976468816e-06,0.0123310140000283,-2.764949000000806e-06,0.005000297,0.99499577,20.0,20.0,20.0,1.185408393667e-08,-19.542215982765494,9.730743503411077e-06,14121.093333333334,129835.07849133557,S1-3,S1_BGStop_T36,3.6,0.1
T3p6,0.500001,PartCsv_0005,1000.0,0.0,0.0,3775438.0,8841.972656,True,True,49.08863091787,9743.452770996,4894.5281875504,9743.452770996,-17.49757265951,1.242369762622e-08,-10.497017482631733,17.49757265951,-137010.98,425.95395,-1822.9804178194197,137010.98,-2.2577957e-07,1.5814772e-05,2.734983083329501e-06,1.5814772e-05,-725635.19,725298.31,-0.7425051030262839,725635.19,-73.969727,73.968643,7.61878827001965e-05,73.969727,2.6816936026296377e-06,2.046050670790369e-06,0.011296412000003832,-2.5492254999984858e-06,0.005000269,0.99499607,20.0,20.0,20.0,1.242369762622e-08,-17.495005289439,6.533267001174181e-06,10543.181333333334,137024.96907917058,S1-3,S1_BGStop_T36,3.6,0.1
T3p6,0.6,PartCsv_0006,1000.0,0.0,0.0,3775438.0,8841.972656,True,True,49.08603972241,9745.036851078,4895.227903566254,9745.036851078,-15.91365270948,1.227557078209e-08,-9.795404478414854,15.91365270948,-146515.53,23395.027,-1780.4644636327116,146515.53,-5.4858833e-09,1.1810896e-05,2.671025309151402e-06,1.1810896e-05,-725634.44,725266.19,-0.7417197070927359,725634.44,-73.969719,73.968575,7.592205242519867e-05,73.969719,2.6295793000288826e-06,1.8574663891481278e-06,0.011056702000038563,-2.3561225999991653e-06,0.0050002486,0.99499631,20.0,20.0,20.0,1.227557078209e-08,-15.911127725987,2.6514165998747785e-05,7873.930666666667,146517.93883792055,S1-3,S1_BGStop_T36,3.6,0.1
T3p6,0.7,PartCsv_0007,1000.0,0.0,0.0,3775438.0,8841.972656,True,True,49.08352180433,9746.351187969,4895.905475429504,9746.351187969,-14.59877575197,1.174190344955e-08,-9.116101129064598,14.59877575197,-131862.72,1340.9291,-1698.5922582499002,131862.72,-4.4925934e-09,9.9236413e-06,2.5489310845276985e-06,9.9236413e-06,-725633.06,725310.88,-0.7427215016997653,725633.06,-73.969719,73.968498,7.676052511123999e-05,73.969719,2.5126983000705247e-06,1.6968013919261849e-06,0.010783472000021058,-2.1753234000023123e-06,0.0050002323,0.99499661,20.0,20.0,20.0,1.174190344955e-08,-14.596949259234497,5.0045270061360725e-06,6615.760866666667,131863.50458715507,S1-3,S1_BGStop_T36,3.6,0.1
T3p6,0.800001,PartCsv_0008,1000.0,0.0,0.0,3775438.0,8841.972656,True,True,49.08112557876,9747.491761272,4896.547140270591,9747.491761272,-13.45804895565,1.109713565484e-08,-8.47284268394309,13.45804895565,-123695.65,376.21399,-1601.9108026990002,123695.65,2.636585e-09,8.7843746e-06,2.4030567599080014e-06,8.7843746e-06,-725632.25,725331.75,-0.7426366600149776,725632.25,-73.969727,73.968452,7.590705705601408e-05,73.969727,2.3736834001426198e-06,1.5647947223967572e-06,0.010190734000123216,-2.0124121000002213e-06,0.0050002192,0.99499685,20.0,20.0,20.0,1.109713565484e-08,-13.456503973876503,5.169079999589599e-06,5856.249733333334,123691.57118586235,S1-3,S1_BGStop_T36,3.6,0.1
T3p6,0.900001,PartCsv_0009,1000.0,0.0,0.0,3775438.0,8841.972656,True,True,49.07887250385,9748.510980163,4897.151862636647,9748.510980163,-12.43900949755,1.037830799078e-08,-7.866648233324482,12.43900949755,-124824.23,19931.488,-1492.6587973900391,124824.23,3.0523842e-10,7.2213816e-06,2.23972409911382e-06,7.2213816e-06,-725631.94,725322.19,-0.7421214112095768,725631.94,-73.969734,73.968407,7.638788741581948e-05,73.969734,2.219643200003435e-06,1.4425671879459326e-06,0.00940200500000464,-1.8643155999994045e-06,0.005000209,0.99499708,20.0,20.0,20.0,1.037830799078e-08,-12.437388102045,1.597739299974421e-05,4814.254400000001,124820.51919809659,S1-3,S1_BGStop_T36,3.6,0.1
T3p6,1.0,PartCsv_0010,1000.0,0.0,0.0,3775438.0,8841.972656,True,True,49.07676177714,9749.431550979,4897.714776769836,9749.431550979,-11.51831320679,9.736822903506e-09,-7.302367738227379,11.51831320679,-109106.17,1108.3923,-1392.26553254662,109106.17,-4.4938449e-09,6.3214275e-06,2.0888414399391726e-06,6.3214275e-06,-725631.44,725368.19,-0.7425901437206194,725631.44,-73.969719,73.968391,7.61233590685606e-05,73.969719,2.0826483000099828e-06,1.3463234646616017e-06,0.008921198500003088,-1.7273649000011347e-06,0.0050002006,0.99499726,20.0,20.0,20.0,9.736822903506e-09,-11.516898260983,3.5479495004153705e-06,4214.285000000001,109107.13353720626,S1-3,S1_BGStop_T36,3.6,0.1
T3p6,1.1,PartCsv_0011,1000.0,0.0,0.0,3775438.0,8841.972656,True,True,49.07479387783,9750.275176303,4898.237512748872,9750.275176303,-10.67460784955,9.069175632703e-09,-6.778365426304877,10.67460784955,-100919.05,377.15927,-1293.7043587880003,100919.05,-3.4869521e-09,5.4677639e-06,1.9408684482668232e-06,5.4677639e-06,-725630.81,725389.19,-0.7426188415919897,725630.81,-73.969734,73.968338,7.603096014833e-05,73.969734,1.939761900003126e-06,1.2479001601180704e-06,0.008306985700005652,-1.5988693999996508e-06,0.0050001936,0.9949975,20.0,20.0,20.0,9.069175632703e-09,-10.673343234410499,5.970594987303457e-07,3645.175933333334,100918.37852531372,S1-3,S1_BGStop_T36,3.6,0.1
T3p6,1.200001,PartCsv_0012,1000.0,0.0,0.0,3775438.0,8841.972656,True,True,49.07295959462,9751.047876071,4898.722483733803,9751.047876071,-9.901960658244,8.414609453666e-09,-6.292217406688547,9.901960658244,-100952.58,16122.339,-1201.8313701523603,100952.58,-2.3773181e-09,4.9831906e-06,1.8025997717758034e-06,4.9831906e-06,-725630.56,725383.44,-0.7424374575976981,725630.56,-73.969727,73.968307,7.554835614072886e-05,73.969727,1.7995968000673842e-06,1.153642187567258e-06,0.007599919100171297,-1.4798537999992264e-06,0.0050001871,0.99499768,20.0,20.0,20.0,8.414609453666e-09,-9.90070427773095,1.2909665802141035e-05,3322.127066666667,100949.61331974056,S1-3,S1_BGStop_T36,3.6,0.1
T3p6,1.300001,PartCsv_0013,1000.0,0.0,0.0,3775438.0,8841.972656,True,True,49.07125444351,9751.758301608,4899.173745142217,9751.758301608,-9.191438481545,7.847170024888e-09,-5.83986316790847,9.191438481545,-87791.242,892.02911,-1117.62620088464,87791.242,1.2838641e-09,4.6354858e-06,1.6767603992956998e-06,4.6354858e-06,-725630.06,725421.94,-0.7430407442518044,725630.06,-73.969727,73.968285,7.602352364995113e-05,73.969727,1.677475200203767e-06,1.0772637883746446e-06,0.007177745900007538,-1.3675944999998173e-06,0.005000182,0.99499786,20.0,20.0,20.0,7.847170024888e-09,-9.19032965749635,1.5521679994634496e-06,3090.323866666667,87786.75093442056,S1-3,S1_BGStop_T36,3.6,0.1
T3p6,1.4,PartCsv_0014,1000.0,0.0,0.0,3775438.0,8841.972656,True,True,49.06967068898,9752.424500833,4899.592351777718,9752.424500833,-8.525147544293,7.265583690241e-09,-5.4202424756320315,8.525147544293,-80942.797,302.0094,-1035.5221464645003,80942.797,-1.5214213e-10,4.1457374e-06,1.5535454942966251e-06,4.1457374e-06,-725629.69,725439.31,-0.7430995229326655,725629.69,-73.969727,73.968262,7.601934534793031e-05,73.969727,1.5537984004119165e-06,9.949867217097804e-07,0.006662138700007316,-1.2602525999982558e-06,0.0050001773,0.99499798,20.0,20.0,20.0,7.265583690241e-09,-8.52417839884035,3.4743772996392863e-06,2763.824933333334,80938.74006116082,S1-3,S1_BGStop_T36,3.6,0.1
T3p6,1.5,PartCsv_0015,1000.0,0.0,0.0,3775438.0,8841.972656,True,True,49.06819966505,9753.030803249,4899.981061890075,9753.030803249,-7.918876923739,6.764594218112e-09,-5.030589988901585,7.918876923739,-74914.039,164.94025,-963.1116815286002,74914.039,-2.0491617e-09,4.0583045e-06,1.4446642663459703e-06,4.0583045e-06,-725629.44,725454.62,-0.7436668706497876,725629.44,-73.969734,73.968239,7.581000546991846e-05,73.969734,1.4460211000716612e-06,9.284766681438446e-07,0.006176878700046131,-1.1686287000012069e-06,0.0050001731,0.99499816,20.0,20.0,20.0,6.764594218112e-09,-7.917917887226899,1.4639807499605695e-06,2705.536333333334,74905.46653075166,S1-3,S1_BGStop_T36,3.6,0.1
T3p6,1.600001,PartCsv_0016,1000.0,0.0,0.0,3775438.0,8841.972656,True,True,49.06683687467,9753.608105106,4900.343431507807,9753.608105106,-7.341531539678,6.26793905667e-09,-4.667348098449072,7.341531539678,-70192.797,712.9668,-892.3185417345803,70192.797,-2.3922899e-09,3.5766927e-06,1.3388830801621116e-06,3.5766927e-06,-725629.12,725466.25,-0.7434955122929532,725629.12,-73.969727,73.968208,7.619286510106349e-05,73.969727,1.3400295000606844e-06,8.58552423009605e-07,0.005738924700836616,-1.0798133999988818e-06,0.0050001685,0.99499828,20.0,20.0,20.0,6.26793905667e-09,-7.340660095089399,2.888664449862688e-06,2384.4618000000005,70193.29391777287,S1-3,S1_BGStop_T36,3.6,0.1
T3p6,1.700001,PartCsv_0017,1000.0,0.0,0.0,3775438.0,8841.972656,True,True,49.0655713055,9754.139371309,4900.679612513926,9754.139371309,-6.810223634471,5.810505854242e-09,-4.330357408933355,6.810223634471,-64693.023,241.50359,-827.5906425607,64693.023,2.0671609e-09,3.267721e-06,1.2414671974446997e-06,3.267721e-06,-725628.88,725480.19,-0.7435507526537404,725628.88,-73.969727,73.968208,7.590329795979755e-05,73.969727,1.242605200030246e-06,7.958511605412335e-07,0.005324883400086816,-9.970357000007296e-07,0.0050001647,0.9949984,20.0,20.0,20.0,5.810505854242e-09,-6.809431287861651,4.009631397572377e-06,2178.480666666667,64688.02718314719,S1-3,S1_BGStop_T36,3.6,0.1
T3p6,1.8,PartCsv_0018,1000.0,0.0,0.0,3775438.0,8841.972656,True,True,49.06439585762,9754.632690863,4900.991366071004,9754.632690863,-6.316860560906,5.387931878431e-09,-4.0178518023204655,6.316860560906,-59880.035,131.58691,-767.7920898036,59880.035,-3.9048955e-09,3.0333579e-06,1.1519951557057017e-06,3.0333579e-06,-725628.56,725492.56,-0.7440758769050008,725628.56,-73.969734,73.968185,7.613620414770139e-05,73.969734,1.1519696000114794e-06,7.370144711045998e-07,0.004937051300084992,-9.206524999991369e-07,0.005000161,0.99499851,20.0,20.0,20.0,5.387931878431e-09,-6.316146002772751,4.9844943479371295e-06,2022.2386000000001,59876.53278967156,S1-3,S1_BGStop_T36,3.6,0.1
T3p6,1.9,PartCsv_0019,1000.0,0.0,0.0,3775438.0,8841.972656,True,True,49.06330507333,9755.088233094,4901.281093306526,9755.088233094,-5.861348154198,5.018705451221e-09,-3.727426712652869,5.861348154198,-56446.473,905.22302,-713.3229283054284,56446.473,4.4810222e-09,2.8069949e-06,1.0701953196295005e-06,2.8069949e-06,-725628.38,725500.69,-0.7439331221835455,725628.38,-73.969727,73.968163,7.608092600841588e-05,73.969727,1.0730035000052344e-06,6.876978209290693e-07,0.004581274900023194,-8.477520999993649e-07,0.0050001582,0.99499863,20.0,20.0,20.0,5.018705451221e-09,-5.8606330022791,3.099384950466799e-06,1871.3299333333337,56442.69928644503,S1-3,S1_BGStop_T36,3.6,0.1
T3p6,2.000001,PartCsv_0020,1000.0,0.0,0.0,3775438.0,8841.972656,True,True,49.06229301752,9755.511863373,4901.549060736541,9755.511863373,-5.437663620385,4.650587470678e-09,-3.4588120808233342,5.437663620385,-51684.34,192.87045,-660.7621899866999,51684.34,-4.2540043e-09,2.5586712e-06,9.91349423313193e-07,2.5586712e-06,-725628.06,725512.88,-0.7440285813524388,725628.06,-73.969719,73.968132,7.602713452578768e-05,73.969719,9.944384400111525e-07,6.366635673267663e-07,0.004254703400000766,-7.799955999995937e-07,0.0050001554,0.99499875,20.0,20.0,20.0,4.650587470678e-09,-5.4370295205736,9.733208985451824e-07,1705.7808000000002,51683.58409785949,S1-3,S1_BGStop_T36,3.6,0.1
T3p6,2.100001,PartCsv_0021,1000.0,0.0,0.0,3775438.0,8841.972656,True,True,49.06135240733,9755.903839093,4901.7973798665325,9755.903839093,-5.04563695107,4.303146283746e-09,-3.209890582541176,5.04563695107,-47832.301,105.39674,-612.7644716658,47832.301,-7.3797888e-09,2.3976693e-06,9.193588699564998e-07,2.3976693e-06,-725627.88,725522.62,-0.7438153537464095,725627.88,-73.969727,73.968124,7.605312190652568e-05,73.969727,9.201020200379479e-07,5.884007452781209e-07,0.003944838900000476,-7.197627000009059e-07,0.0050001531,0.99499887,20.0,20.0,20.0,4.303146283746e-09,-5.045077005939099,1.1221744005140977e-06,1598.4462,47832.489296637905,S1-3,S1_BGStop_T36,3.6,0.1
T3p6,2.2,PartCsv_0022,1000.0,0.0,0.0,3775438.0,8841.972656,True,True,49.06048091613,9756.262778411,4902.027885766025,9756.262778411,-4.686720774736,4.008001042166e-09,-2.9788272170262893,4.686720774736,-45075.617,722.95959,-569.1984338749658,45075.617,-5.0190034e-09,2.2066006e-06,8.539964012626996e-07,2.2066006e-06,-725627.69,725529.31,-0.743979188373196,725627.69,-73.969727,73.968102,7.601018553384619e-05,73.969727,8.569672300118532e-07,5.495762447343886e-07,0.003659513500060425,-6.645234999989305e-07,0.0050001508,0.99499893,20.0,20.0,20.0,4.008001042166e-09,-4.68616019346325,5.362282493592829e-07,1471.0670666666667,45077.45158002092,S1-3,S1_BGStop_T36,3.6,0.1
T3p6,2.3,PartCsv_0023,1000.0,0.0,0.0,3775438.0,8841.972656,True,True,49.05967090491,9756.602917541,4902.241533259039,9756.602917541,-4.346525152103,3.706304596562e-09,-2.7646607883864687,4.346525152103,-41376.375,203.71651,-528.2178861868002,41376.375,-8.0848006e-10,2.0397833e-06,7.918941529496883e-07,2.0397833e-06,-725627.5,725538.81,-0.744280268066097,725627.5,-73.969727,73.968094,7.542277938672726e-05,73.969727,7.924640501071816e-07,5.068467027522916e-07,0.0034014811001022655,-6.11426099999232e-07,0.0050001484,0.99499899,20.0,20.0,20.0,3.706304596562e-09,-4.3460422091301,1.6479458002649494e-06,1359.8555333333334,41373.773700307174,S1-3,S1_BGStop_T36,3.6,0.1
T3p6,2.400001,PartCsv_0024,1000.0,0.0,0.0,3775438.0,8841.972656,True,True,49.05892061745,9756.91025355,4902.4395367113275,9756.91025355,-4.039210194422,3.451454233527e-09,-2.5661770913273307,4.039210194422,-38223.535,84.047218,-490.74533088929996,38223.535,-2.0348732e-09,1.9012718e-06,7.355359256090999e-07,1.9012718e-06,-725627.38,725546.81,-0.7445040911963442,725627.38,-73.969727,73.968071,7.529519017317909e-05,73.969727,7.378749301282678e-07,4.7351785731362435e-07,0.003151880600001739,-5.613412999989796e-07,0.0050001466,0.99499911,20.0,20.0,20.0,3.451454233527e-09,-4.038725958855201,2.3601815488660804e-06,1267.5145333333335,38219.84913353801,S1-3,S1_BGStop_T36,3.6,0.1
T3p6,2.500001,PartCsv_0025,1000.0,0.0,0.0,3775438.0,8841.972656,True,True,49.05822468241,9757.202751737,4902.623861940352,9757.202751737,-3.746682377367,3.194415398866e-09,-2.3814060492510127,3.746682377367,-36028.039,577.61426,-454.945635692147,36028.039,-5.4466703e-10,1.8022749e-06,6.823333080401006e-07,1.8022749e-06,-725627.19,725552.12,-0.7440888619784964,725627.19,-73.969727,73.968063,7.575494637626435e-05,73.969727,6.827679000238965e-07,4.3730369233937564e-07,0.0029245596000002454,-5.163482000010346e-07,0.0050001447,0.99499917,20.0,20.0,20.0,3.194415398866e-09,-3.746247185539,4.490491498643223e-07,1201.5166000000002,36027.56710839363,S1-3,S1_BGStop_T36,3.6,0.1
T3p6,2.6,PartCsv_0026,1000.0,0.0,0.0,3775438.0,8841.972656,True,True,49.05757892414,9757.474268913,4902.795114885133,9757.474268913,-3.475149202075,2.961343170682e-09,-2.2097397626107913,3.475149202075,-33056.648,163.3945,-422.3909883165,33056.648,5.9569544e-10,1.7003922e-06,6.332954777746109e-07,1.7003922e-06,-725627.12,725559.75,-0.7441232896874426,725627.12,-73.969727,73.968071,7.557389639291045e-05,73.969727,6.328884300534866e-07,4.0508339513762714e-07,0.0027175047000850146,-4.7452259999794176e-07,0.0050001428,0.99499923,20.0,20.0,20.0,2.961343170682e-09,-3.47474861139455,3.308044100425178e-06,1133.5948,33052.935100238996,S1-3,S1_BGStop_T36,3.6,0.1
T3p6,2.7,PartCsv_0027,1000.0,0.0,0.0,3775438.0,8841.972656,True,True,49.05697971181,9757.725363438,4902.954359741699,9757.725363438,-3.224076132197,2.757673200904e-09,-2.0501115192495374,3.224076132197,-30574.303,78.569023,-392.5996797503,30574.303,3.2821494e-09,1.6077719e-06,5.887328874542002e-07,1.6077719e-06,-725627.0,725566.19,-0.7436714441945078,725627.0,-73.969734,73.96804,7.563624015855907e-05,73.969734,5.892720200181033e-07,3.776238452602739e-07,0.0025194741000061876,-4.3331940000035285e-07,0.005000141,0.99499929,20.0,20.0,20.0,2.757673200904e-09,-3.2236713832702,2.7683125001232156e-06,1071.8479333333335,30569.806320081276,S1-3,S1_BGStop_T36,3.6,0.1
T3p6,2.800001,PartCsv_0028,1000.0,0.0,0.0,3775438.0,8841.972656,True,True,49.05642408327,9757.95762807,4903.101895251543,9757.95762807,-2.991784204638,2.556184597324e-09,-1.9022207510231515,2.991784204638,-28789.889,461.80118,-364.0143377536901,28789.889,1.0460883e-09,1.4794863e-06,5.457696156936996e-07,1.4794863e-06,-725626.88,725570.38,-0.7440324716004543,725626.88,-73.969727,73.968033,7.56205603233866e-05,73.969727,5.462769101843746e-07,3.4990988310782347e-07,0.0023372313000073032,-3.97815000002617e-07,0.0050001391,0.99499935,20.0,20.0,20.0,2.556184597324e-09,-2.9914228650730497,2.316959300419086e-06,986.3242000000001,28787.95107033594,S1-3,S1_BGStop_T36,3.6,0.1
T3p6,2.900001,PartCsv_0029,1000.0,0.0,0.0,3775438.0,8841.972656,True,True,49.05590805316,9758.174160534,4903.238673727858,9758.174160534,-2.775225303838,2.368857110469e-09,-1.7651122255200118,2.775225303838,-26415.607,130.16743,-337.69020126365984,26415.607,1.1542172e-09,1.3681822e-06,5.063794437544002e-07,1.3681822e-06,-725626.69,725576.5,-0.7438010291174287,725626.69,-73.969727,73.968018,7.568750132828938e-05,73.969727,5.062233900332345e-07,3.2396573244431895e-07,0.0021714298000515006,-3.6345589999993695e-07,0.0050001377,0.99499941,20.0,20.0,20.0,2.368857110469e-09,-2.7749053106907504,1.769683099173136e-06,912.1214666666668,26412.16989466659,S1-3,S1_BGStop_T36,3.6,0.1
T3p6,3.0,PartCsv_0030,1000.0,0.0,0.0,3775438.0,8841.972656,True,True,49.05542896904,9758.372786746,4903.365565343101,9758.372786746,-2.576610338663,2.20546780838e-09,-1.637914017923752,2.576610338663,-24411.344,62.688274,-313.98913891719997,24411.344,3.7934914e-10,1.3225181e-06,4.7117501407440007e-07,1.3225181e-06,-725626.69,725581.5,-0.7446036208020523,725626.69,-73.969727,73.968018,7.60781227569396e-05,73.969727,4.712689500141519e-07,3.022273170458767e-07,0.002012463800003194,-3.325459000019602e-07,0.0050001363,0.99499947,20.0,20.0,20.0,2.20546780838e-09,-2.5762926737001495,9.751901006715968e-07,881.6787333333335,24407.451580022815,S1-3,S1_BGStop_T36,3.6,0.1
T3p6,3.1,PartCsv_0031,1000.0,0.0,0.0,3775438.0,8841.972656,True,True,49.05498493183,9758.558687253,4903.483274037793,9758.558687253,-2.390687915535,2.041026903044e-09,-1.5199214217919004,2.390687915535,-23223.062,866.271,-290.70496071002793,23223.062,-2.7263403e-09,1.1910074e-06,4.361541950748902e-07,1.1910074e-06,-725626.56,725584.62,-0.7449207901898771,725626.56,-73.969734,73.968002,7.603859133951119e-05,73.969734,4.362416907410069e-07,2.794068027533277e-07,0.0018580725000200435,-3.032035000006903e-07,0.0050001349,0.99499947,20.0,20.0,20.0,2.041026903044e-09,-2.3904054429397497,3.1026199831529766e-08,794.0049333333335,23222.88141352186,S1-3,S1_BGStop_T36,3.6,0.1
T3p6,3.200001,PartCsv_0032,1000.0,0.0,0.0,3775438.0,8841.972656,True,True,49.05457218359,9758.730538909,4903.592382316089,9758.730538909,-2.218851365322,1.899451262943e-09,-1.4105488073378887,2.218851365322,-21102.102,103.96752,-270.70474616060005,21102.102,-8.8161639e-10,1.1722143e-06,4.060291726360898e-07,1.1722143e-06,-725626.5,725589.81,-0.744755947944359,725626.5,-73.969727,73.968002,7.586152205603014e-05,73.969727,4.0594799000048436e-07,2.6039794403631435e-07,0.0017346881001042605,-2.7712559999922525e-07,0.005000134,0.99499953,20.0,20.0,20.0,1.899451262943e-09,-2.21856604677945,-1.7131675011938796e-07,781.4762000000001,21100.583078491334,S1-3,S1_BGStop_T36,3.6,0.1
T3p6,3.300001,PartCsv_0033,1000.0,0.0,0.0,3775438.0,8841.972656,True,True,49.05418989494,9758.8893189,4903.693432980044,9758.8893189,-2.060040361861,1.757854306561e-09,-1.3092537666157757,2.060040361861,-19510.162,50.188824,-250.58740608530002,19510.162,-4.6833719e-09,1.061238e-06,3.7600143980100026e-07,1.061238e-06,-725626.38,725593.88,-0.7444775599954883,725626.38,-73.969727,73.967995,7.599774329914055e-05,73.969727,3.7565044000024894e-07,2.407065351870888e-07,0.001608350300034303,-2.5244260000126685e-07,0.0050001326,0.99499959,20.0,20.0,20.0,1.757854306561e-09,-2.05979834659065,1.7733518999918374e-06,707.4920000000002,19510.36901121315,S1-3,S1_BGStop_T36,3.6,0.1
T3p6,3.4,PartCsv_0034,1000.0,0.0,0.0,3775438.0,8841.972656,True,True,49.05383514956,9759.037368396,4903.787509588371,9759.037368396,-1.912001669993,1.631519808143e-09,-1.2149500752625915,1.912001669993,-18562.727,692.93268,-233.22710399855697,18562.727,-1.1752718e-09,1.0580359e-06,3.4997780428470073e-07,1.0580359e-06,-725626.25,725596.38,-0.7442545139143476,725626.25,-73.969734,73.967979,7.598891263506857e-05,73.969734,3.4884209029165314e-07,2.2359793883749237e-07,0.0014849680000423376,-2.302561000003256e-07,0.0050001312,0.99499959,20.0,20.0,20.0,1.631519808143e-09,-1.91176117787865,6.062689996699788e-07,705.3572666666668,18561.062181447764,S1-3,S1_BGStop_T36,3.6,0.1
T3p6,3.5,PartCsv_0035,1000.0,0.0,0.0,3775438.0,8841.972656,True,True,49.05350632645,9759.17631509,4903.8750771075765,9759.17631509,-1.773046844493,1.513889458238e-09,-1.1271723276419332,1.773046844493,-16906.215,109.77943,-216.3426698722899,16906.215,1.2277468e-09,9.8332964e-07,3.247043383399002e-07,9.8332964e-07,-725626.19,725600.62,-0.7443422596468591,725626.19,-73.969734,73.967979,7.6069886114567e-05,73.969734,3.2344175003161104e-07,2.0720409815269947e-07,0.0013861675000197103,-2.073466999995815e-07,0.0050001303,0.99499965,20.0,20.0,20.0,1.513889458238e-09,-1.7728261947338502,6.038995996604513e-07,655.5530933333333,16902.799864083885,S1-3,S1_BGStop_T36,3.6,0.1
T3p6,3.600001,PartCsv_0036,1000.0,0.0,0.0,3775438.0,8841.972656,True,True,49.05320139157,9759.304312171,4903.956259868006,9759.304312171,-1.645037802789,1.403890337315e-09,-1.04579479186888,1.645037802789,-15582.404,40.073238,-200.6851823142999,15582.404,-6.8136502e-10,9.1971492e-07,3.0110272494688765e-07,9.1971492e-07,-725626.06,725603.69,-0.7450079740737565,725626.06,-73.969727,73.967979,7.598783031335188e-05,73.969727,2.9972117000128537e-07,1.9187329152761686e-07,0.0012849527000430194,-1.8934170000060695e-07,0.0050001289,0.99499965,20.0,20.0,20.0,1.403890337315e-09,-1.6448402404519498,1.869763750050879e-06,613.14328,15581.763506626603,S1-3,S1_BGStop_T36,3.6,0.1
